County,Claim Month_Yr,ProgramCode,Year,Sponsor Name,Meals Type,SiteQty,DaysServedQty,Meals Served,Avg Daily Meals
SAN DIEGO,Aug 2016,CACF,2016,A PLACE OF OUR OWN CHILD,CHILD_BREAKFAST,2,23,1012,44
SAN DIEGO,Aug 2016,CACF,2016,A PLACE OF OUR OWN CHILD,CHILD_LUNCH,2,23,1388,60.3478
SAN DIEGO,Aug 2016,CACF,2016,A PLACE OF OUR OWN CHILD,CHILD_SNACK_PM,2,23,973,42.3043
SAN DIEGO,Aug 2016,CACF,2016,A PLACE OF OUR OWN CHILD,OSCH_CHILD_BREAKFAST,2,23,208,9.0435
SAN DIEGO,Aug 2016,CACF,2016,A PLACE OF OUR OWN CHILD,OSCH_CHILD_LUNCH,2,23,266,11.5652
SAN DIEGO,Aug 2016,CACF,2016,A PLACE OF OUR OWN CHILD,OSCH_CHILD_SNACK_PM,2,23,356,15.4783
SAN DIEGO,Sep 2016,CACF,2016,A PLACE OF OUR OWN CHILD,CHILD_BREAKFAST,2,21,1003,47.7619
SAN DIEGO,Sep 2016,CACF,2016,A PLACE OF OUR OWN CHILD,CHILD_LUNCH,2,21,1381,65.7619
SAN DIEGO,Sep 2016,CACF,2016,A PLACE OF OUR OWN CHILD,CHILD_SNACK_PM,2,21,946,45.0476
SAN DIEGO,Sep 2016,CACF,2016,A PLACE OF OUR OWN CHILD,OSCH_CHILD_SNACK_PM,2,21,287,13.6667
SAN DIEGO,Aug 2016,CACF,2016,All Kids Academy Head Start Inc.,HS_CHILD_BREAKFAST,5,19,1515,79.7368
SAN DIEGO,Aug 2016,CACF,2016,All Kids Academy Head Start Inc.,HS_CHILD_LUNCH,5,19,1910,100.5263
SAN DIEGO,Aug 2016,CACF,2016,All Kids Academy Head Start Inc.,HS_CHILD_SNACK_PM,5,19,1207,63.5263
SAN DIEGO,Sep 2016,CACF,2016,All Kids Academy Head Start Inc.,HS_CHILD_BREAKFAST,12,21,7392,352
SAN DIEGO,Sep 2016,CACF,2016,All Kids Academy Head Start Inc.,HS_CHILD_LUNCH,12,21,10725,510.7143
SAN DIEGO,Sep 2016,CACF,2016,All Kids Academy Head Start Inc.,HS_CHILD_SNACK_PM,12,21,7108,338.4762
SAN DIEGO,Aug 2016,CACF,2016,AMERICARE ADHC INC ,ADULT_BREAKFAST,1,23,2678,116.4348
SAN DIEGO,Aug 2016,CACF,2016,AMERICARE ADHC INC ,ADULT_LUNCH,1,23,2702,117.4783
SAN DIEGO,Aug 2016,CACF,2016,AMERICARE ADHC INC ,ADULT_SNACK_AM,1,23,24,1.0435
SAN DIEGO,Aug 2016,CACF,2016,AMERICARE ADHC INC ,ADULT_SNACK_PM,1,23,790,34.3478
SAN DIEGO,Sep 2016,CACF,2016,AMERICARE ADHC INC ,ADULT_BREAKFAST,1,20,2456,122.8
SAN DIEGO,Sep 2016,CACF,2016,AMERICARE ADHC INC ,ADULT_LUNCH,1,20,2465,123.25
SAN DIEGO,Sep 2016,CACF,2016,AMERICARE ADHC INC ,ADULT_SNACK_AM,1,20,9,0.45
SAN DIEGO,Sep 2016,CACF,2016,AMERICARE ADHC INC ,ADULT_SNACK_PM,1,20,660,33
SAN DIEGO,Aug 2016,CACF,2016,ASSOC STUDENTS CSU SAN DIEGO CHILDRENS CENTER ,CHILD_BREAKFAST,1,22,1642,74.6364
SAN DIEGO,Aug 2016,CACF,2016,ASSOC STUDENTS CSU SAN DIEGO CHILDRENS CENTER ,CHILD_LUNCH,1,22,2721,123.6818
SAN DIEGO,Aug 2016,CACF,2016,ASSOC STUDENTS CSU SAN DIEGO CHILDRENS CENTER ,CHILD_SNACK_PM,1,22,2577,117.1364
SAN DIEGO,Sep 2016,CACF,2016,ASSOC STUDENTS CSU SAN DIEGO CHILDRENS CENTER ,CHILD_BREAKFAST,1,21,2166,103.1429
SAN DIEGO,Sep 2016,CACF,2016,ASSOC STUDENTS CSU SAN DIEGO CHILDRENS CENTER ,CHILD_LUNCH,1,21,3184,151.619
SAN DIEGO,Sep 2016,CACF,2016,ASSOC STUDENTS CSU SAN DIEGO CHILDRENS CENTER ,CHILD_SNACK_PM,1,21,2992,142.4762
SAN DIEGO,Aug 2016,CACF,2016,Boys & Girls Club of Greater San Diego,ATRISK_CHILD_SNACK,10,23,10087,438.5652
SAN DIEGO,Aug 2016,CACF,2016,Boys & Girls Club of Greater San Diego,CHILD_BREAKFAST,1,23,647,28.1304
SAN DIEGO,Aug 2016,CACF,2016,Boys & Girls Club of Greater San Diego,CHILD_LUNCH,1,23,768,33.3913
SAN DIEGO,Aug 2016,CACF,2016,Boys & Girls Club of Greater San Diego,CHILD_SNACK_PM,1,23,696,30.2609
SAN DIEGO,Aug 2016,CACF,2016,Boys & Girls Club of Greater San Diego,OSCH_CHILD_BREAKFAST,1,23,502,21.8261
SAN DIEGO,Aug 2016,CACF,2016,Boys & Girls Club of Greater San Diego,OSCH_CHILD_LUNCH,1,23,710,30.8696
SAN DIEGO,Aug 2016,CACF,2016,Boys & Girls Club of Greater San Diego,OSCH_CHILD_SNACK_PM,1,23,697,30.3043
SAN DIEGO,Sep 2016,CACF,2016,Boys & Girls Club of Greater San Diego,ATRISK_CHILD_SNACK,14,21,31514,1500.6667
SAN DIEGO,Sep 2016,CACF,2016,Boys & Girls Club of Greater San Diego,CHILD_BREAKFAST,1,21,673,32.0476
SAN DIEGO,Sep 2016,CACF,2016,Boys & Girls Club of Greater San Diego,CHILD_LUNCH,1,21,807,38.4286
SAN DIEGO,Sep 2016,CACF,2016,Boys & Girls Club of Greater San Diego,CHILD_SNACK_PM,1,21,745,35.4762
SAN DIEGO,Sep 2016,CACF,2016,Boys & Girls Club of Greater San Diego,OSCH_CHILD_LUNCH,1,21,268,12.7619
SAN DIEGO,Sep 2016,CACF,2016,Boys & Girls Club of Greater San Diego,OSCH_CHILD_SNACK_PM,1,21,531,25.2857
SAN DIEGO,Aug 2016,CACF,2016,"BOYS & GIRLS CLUBS OF OCEANSIDE, CALIFORNIA, INCORPORATED",ATRISK_CHILD_SNACK,1,13,315,24.2308
SAN DIEGO,Aug 2016,CACF,2016,"BOYS & GIRLS CLUBS OF OCEANSIDE, CALIFORNIA, INCORPORATED",ATRISK_CHILD_SUPPER,1,13,555,42.6923
SAN DIEGO,Sep 2016,CACF,2016,"BOYS & GIRLS CLUBS OF OCEANSIDE, CALIFORNIA, INCORPORATED",ATRISK_CHILD_SNACK,1,21,598,28.4762
SAN DIEGO,Sep 2016,CACF,2016,"BOYS & GIRLS CLUBS OF OCEANSIDE, CALIFORNIA, INCORPORATED",ATRISK_CHILD_SUPPER,1,21,1113,53
SAN DIEGO,Aug 2016,CACF,2016,BOYS CLUB OF FALLBROOK,ATRISK_CHILD_SUPPER,1,13,2123,163.3077
SAN DIEGO,Sep 2016,CACF,2016,BOYS CLUB OF FALLBROOK,ATRISK_CHILD_SUPPER,1,21,3367,160.3333
SAN DIEGO,Aug 2016,CACF,2016,CA RELIABLE MEDICAL SYSTEMS INC ,ADULT_BREAKFAST,2,31,5894,190.129
SAN DIEGO,Aug 2016,CACF,2016,CA RELIABLE MEDICAL SYSTEMS INC ,ADULT_LUNCH,2,31,5894,190.129
SAN DIEGO,Aug 2016,CACF,2016,CA RELIABLE MEDICAL SYSTEMS INC ,ADULT_SNACK_AM,2,31,5894,190.129
SAN DIEGO,Sep 2016,CACF,2016,CA RELIABLE MEDICAL SYSTEMS INC ,ADULT_BREAKFAST,2,30,5750,191.6667
SAN DIEGO,Sep 2016,CACF,2016,CA RELIABLE MEDICAL SYSTEMS INC ,ADULT_LUNCH,2,30,5750,191.6667
SAN DIEGO,Sep 2016,CACF,2016,CA RELIABLE MEDICAL SYSTEMS INC ,ADULT_SNACK_AM,2,30,5750,191.6667
SAN DIEGO,Aug 2016,CACF,2016,CASA DE AMPARO,CHILD_BREAKFAST,1,22,167,7.5909
SAN DIEGO,Aug 2016,CACF,2016,CASA DE AMPARO,CHILD_LUNCH,1,22,229,10.4091
SAN DIEGO,Aug 2016,CACF,2016,CASA DE AMPARO,CHILD_SNACK_PM,1,22,180,8.1818
SAN DIEGO,Aug 2016,CACF,2016,CASA DE AMPARO,HS_CHILD_BREAKFAST,1,22,230,10.4545
SAN DIEGO,Aug 2016,CACF,2016,CASA DE AMPARO,HS_CHILD_LUNCH,1,22,251,11.4091
SAN DIEGO,Aug 2016,CACF,2016,CASA DE AMPARO,HS_CHILD_SNACK_PM,1,22,206,9.3636
SAN DIEGO,Sep 2016,CACF,2016,CASA DE AMPARO,CHILD_BREAKFAST,1,21,208,9.9048
SAN DIEGO,Sep 2016,CACF,2016,CASA DE AMPARO,CHILD_LUNCH,1,21,271,12.9048
SAN DIEGO,Sep 2016,CACF,2016,CASA DE AMPARO,CHILD_SNACK_PM,1,21,240,11.4286
SAN DIEGO,Sep 2016,CACF,2016,CASA DE AMPARO,HS_CHILD_BREAKFAST,1,21,140,6.6667
SAN DIEGO,Sep 2016,CACF,2016,CASA DE AMPARO,HS_CHILD_LUNCH,1,21,164,7.8095
SAN DIEGO,Sep 2016,CACF,2016,CASA DE AMPARO,HS_CHILD_SNACK_PM,1,21,158,7.5238
SAN DIEGO,Aug 2016,CACF,2016,CENTRO DE SALUD DE LA,ADULT_BREAKFAST,1,23,2082,90.5217
SAN DIEGO,Aug 2016,CACF,2016,CENTRO DE SALUD DE LA,ADULT_LUNCH,1,23,2125,92.3913
SAN DIEGO,Aug 2016,CACF,2016,CENTRO DE SALUD DE LA,ADULT_SNACK_PM,1,23,836,36.3478
SAN DIEGO,Sep 2016,CACF,2016,CENTRO DE SALUD DE LA,ADULT_BREAKFAST,1,21,1850,88.0952
SAN DIEGO,Sep 2016,CACF,2016,CENTRO DE SALUD DE LA,ADULT_LUNCH,1,21,1928,91.8095
SAN DIEGO,Sep 2016,CACF,2016,CENTRO DE SALUD DE LA,ADULT_SNACK_PM,1,21,790,37.619
SAN DIEGO,Aug 2016,CACF,2016,CHICANO FEDERATION OF SAN DIEGO COUNTY INC,CHILD_BREAKFAST,1,23,995,43.2609
SAN DIEGO,Aug 2016,CACF,2016,CHICANO FEDERATION OF SAN DIEGO COUNTY INC,CHILD_LUNCH,1,23,1208,52.5217
SAN DIEGO,Aug 2016,CACF,2016,CHICANO FEDERATION OF SAN DIEGO COUNTY INC,CHILD_SNACK_PM,1,23,1105,48.0435
SAN DIEGO,Sep 2016,CACF,2016,CHICANO FEDERATION OF SAN DIEGO COUNTY INC,CHILD_BREAKFAST,1,21,788,37.5238
SAN DIEGO,Sep 2016,CACF,2016,CHICANO FEDERATION OF SAN DIEGO COUNTY INC,CHILD_LUNCH,1,21,1021,48.619
SAN DIEGO,Sep 2016,CACF,2016,CHICANO FEDERATION OF SAN DIEGO COUNTY INC,CHILD_SNACK_PM,1,21,831,39.5714
SAN DIEGO,Aug 2016,CACF,2016,CHILD DEVELOPMENT ASSOC INC ,CHILD_BREAKFAST,3,23,3289,143
SAN DIEGO,Aug 2016,CACF,2016,CHILD DEVELOPMENT ASSOC INC ,CHILD_LUNCH,3,23,4410,191.7391
SAN DIEGO,Aug 2016,CACF,2016,CHILD DEVELOPMENT ASSOC INC ,CHILD_SNACK_PM,3,23,3725,161.9565
SAN DIEGO,Sep 2016,CACF,2016,CHILD DEVELOPMENT ASSOC INC ,CHILD_BREAKFAST,3,21,2727,129.8571
SAN DIEGO,Sep 2016,CACF,2016,CHILD DEVELOPMENT ASSOC INC ,CHILD_LUNCH,3,21,3790,180.4762
SAN DIEGO,Sep 2016,CACF,2016,CHILD DEVELOPMENT ASSOC INC ,CHILD_SNACK_PM,3,21,3302,157.2381
SAN DIEGO,Aug 2016,CACF,2016,CHILDREN OF THE RAINBOW INC,CHILD_BREAKFAST,1,25,1871,74.84
SAN DIEGO,Aug 2016,CACF,2016,CHILDREN OF THE RAINBOW INC,CHILD_LUNCH,1,25,2263,90.52
SAN DIEGO,Aug 2016,CACF,2016,CHILDREN OF THE RAINBOW INC,CHILD_SNACK_AM,1,25,2132,85.28
SAN DIEGO,Aug 2016,CACF,2016,CHILDREN OF THE RAINBOW INC,CHILD_SNACK_PM,1,25,433,17.32
SAN DIEGO,Aug 2016,CACF,2016,CHILDREN OF THE RAINBOW INC,CHILD_SUPPER,1,25,100,4
SAN DIEGO,Sep 2016,CACF,2016,CHILDREN OF THE RAINBOW INC,CHILD_BREAKFAST,1,22,1732,78.7273
SAN DIEGO,Sep 2016,CACF,2016,CHILDREN OF THE RAINBOW INC,CHILD_LUNCH,1,22,2103,95.5909
SAN DIEGO,Sep 2016,CACF,2016,CHILDREN OF THE RAINBOW INC,CHILD_SNACK_AM,1,22,1974,89.7273
SAN DIEGO,Sep 2016,CACF,2016,CHILDREN OF THE RAINBOW INC,CHILD_SNACK_PM,1,22,365,16.5909
SAN DIEGO,Sep 2016,CACF,2016,CHILDREN OF THE RAINBOW INC,CHILD_SUPPER,1,22,104,4.7273
SAN DIEGO,Aug 2016,CACF,2016,CHILDRENS PARADISE INC,CHILD_BREAKFAST,3,23,3082,134
SAN DIEGO,Aug 2016,CACF,2016,CHILDRENS PARADISE INC,CHILD_LUNCH,3,23,3809,165.6087
SAN DIEGO,Aug 2016,CACF,2016,CHILDRENS PARADISE INC,CHILD_SNACK_PM,3,23,3348,145.5652
SAN DIEGO,Aug 2016,CACF,2016,CHILDRENS PARADISE INC,HS_CHILD_BREAKFAST,3,23,2146,93.3043
SAN DIEGO,Aug 2016,CACF,2016,CHILDRENS PARADISE INC,HS_CHILD_LUNCH,3,23,2240,97.3913
SAN DIEGO,Aug 2016,CACF,2016,CHILDRENS PARADISE INC,HS_CHILD_SNACK_PM,3,23,2522,109.6522
SAN DIEGO,Aug 2016,CACF,2016,CHILDRENS PARADISE INC,OSCH_CHILD_BREAKFAST,3,23,963,41.8696
SAN DIEGO,Aug 2016,CACF,2016,CHILDRENS PARADISE INC,OSCH_CHILD_LUNCH,3,23,1066,46.3478
SAN DIEGO,Aug 2016,CACF,2016,CHILDRENS PARADISE INC,OSCH_CHILD_SNACK_PM,3,23,1584,68.8696
SAN DIEGO,Sep 2016,CACF,2016,CHILDRENS PARADISE INC,CHILD_BREAKFAST,3,21,2327,110.8095
SAN DIEGO,Sep 2016,CACF,2016,CHILDRENS PARADISE INC,CHILD_LUNCH,3,21,2701,128.619
SAN DIEGO,Sep 2016,CACF,2016,CHILDRENS PARADISE INC,CHILD_SNACK_PM,3,21,2162,102.9524
SAN DIEGO,Sep 2016,CACF,2016,CHILDRENS PARADISE INC,HS_CHILD_BREAKFAST,3,21,3775,179.7619
SAN DIEGO,Sep 2016,CACF,2016,CHILDRENS PARADISE INC,HS_CHILD_LUNCH,3,21,4141,197.1905
SAN DIEGO,Sep 2016,CACF,2016,CHILDRENS PARADISE INC,HS_CHILD_SNACK_PM,3,21,3569,169.9524
SAN DIEGO,Sep 2016,CACF,2016,CHILDRENS PARADISE INC,OSCH_CHILD_BREAKFAST,3,21,431,20.5238
SAN DIEGO,Sep 2016,CACF,2016,CHILDRENS PARADISE INC,OSCH_CHILD_LUNCH,3,21,150,7.1429
SAN DIEGO,Sep 2016,CACF,2016,CHILDRENS PARADISE INC,OSCH_CHILD_SNACK_PM,3,21,1645,78.3333
SAN DIEGO,Aug 2016,CACF,2016,Chula Vista Elementary School District,CHILD_BREAKFAST,15,23,6756,293.7391
SAN DIEGO,Aug 2016,CACF,2016,Chula Vista Elementary School District,CHILD_LUNCH,15,23,5672,246.6087
SAN DIEGO,Sep 2016,CACF,2016,Chula Vista Elementary School District,CHILD_BREAKFAST,15,11,3488,317.0909
SAN DIEGO,Sep 2016,CACF,2016,Chula Vista Elementary School District,CHILD_LUNCH,15,11,2923,265.7273
SAN DIEGO,Aug 2016,CACF,2016,CHURCH OF COMPASSION DAYSPRING CHRISTIAN LRNING CTR,CHILD_BREAKFAST,1,23,774,33.6522
SAN DIEGO,Aug 2016,CACF,2016,CHURCH OF COMPASSION DAYSPRING CHRISTIAN LRNING CTR,CHILD_LUNCH,1,23,995,43.2609
SAN DIEGO,Aug 2016,CACF,2016,CHURCH OF COMPASSION DAYSPRING CHRISTIAN LRNING CTR,CHILD_SNACK_PM,1,23,905,39.3478
SAN DIEGO,Aug 2016,CACF,2016,CHURCH OF COMPASSION DAYSPRING CHRISTIAN LRNING CTR,OSCH_CHILD_BREAKFAST,1,23,276,12
SAN DIEGO,Aug 2016,CACF,2016,CHURCH OF COMPASSION DAYSPRING CHRISTIAN LRNING CTR,OSCH_CHILD_LUNCH,1,23,278,12.087
SAN DIEGO,Aug 2016,CACF,2016,CHURCH OF COMPASSION DAYSPRING CHRISTIAN LRNING CTR,OSCH_CHILD_SNACK_PM,1,23,395,17.1739
SAN DIEGO,Sep 2016,CACF,2016,CHURCH OF COMPASSION DAYSPRING CHRISTIAN LRNING CTR,CHILD_BREAKFAST,1,20,715,35.75
SAN DIEGO,Sep 2016,CACF,2016,CHURCH OF COMPASSION DAYSPRING CHRISTIAN LRNING CTR,CHILD_LUNCH,1,20,879,43.95
SAN DIEGO,Sep 2016,CACF,2016,CHURCH OF COMPASSION DAYSPRING CHRISTIAN LRNING CTR,CHILD_SNACK_PM,1,20,829,41.45
SAN DIEGO,Sep 2016,CACF,2016,CHURCH OF COMPASSION DAYSPRING CHRISTIAN LRNING CTR,OSCH_CHILD_BREAKFAST,1,20,226,11.3
SAN DIEGO,Sep 2016,CACF,2016,CHURCH OF COMPASSION DAYSPRING CHRISTIAN LRNING CTR,OSCH_CHILD_LUNCH,1,20,74,3.7
SAN DIEGO,Sep 2016,CACF,2016,CHURCH OF COMPASSION DAYSPRING CHRISTIAN LRNING CTR,OSCH_CHILD_SNACK_PM,1,20,422,21.1
SAN DIEGO,Aug 2016,CACF,2016,CLAIREMONT VILLA ADHC INC ,ADULT_BREAKFAST,1,23,1437,62.4783
SAN DIEGO,Aug 2016,CACF,2016,CLAIREMONT VILLA ADHC INC ,ADULT_LUNCH,1,23,1437,62.4783
SAN DIEGO,Sep 2016,CACF,2016,CLAIREMONT VILLA ADHC INC ,ADULT_BREAKFAST,1,22,1358,61.7273
SAN DIEGO,Sep 2016,CACF,2016,CLAIREMONT VILLA ADHC INC ,ADULT_LUNCH,1,22,1362,61.9091
SAN DIEGO,Aug 2016,CACF,2016,COLES COTTAGE CHILD CENTER INC,CHILD_BREAKFAST,1,23,757,32.913
SAN DIEGO,Aug 2016,CACF,2016,COLES COTTAGE CHILD CENTER INC,CHILD_LUNCH,1,23,823,35.7826
SAN DIEGO,Aug 2016,CACF,2016,COLES COTTAGE CHILD CENTER INC,CHILD_SNACK_PM,1,23,783,34.0435
SAN DIEGO,Sep 2016,CACF,2016,COLES COTTAGE CHILD CENTER INC,CHILD_BREAKFAST,1,21,698,33.2381
SAN DIEGO,Sep 2016,CACF,2016,COLES COTTAGE CHILD CENTER INC,CHILD_LUNCH,1,21,756,36
SAN DIEGO,Sep 2016,CACF,2016,COLES COTTAGE CHILD CENTER INC,CHILD_SNACK_PM,1,21,714,34
SAN DIEGO,Aug 2016,CACF,2016,DINO DAY CARE INC,CHILD_BREAKFAST,1,23,342,14.8696
SAN DIEGO,Aug 2016,CACF,2016,DINO DAY CARE INC,CHILD_LUNCH,1,23,575,25
SAN DIEGO,Aug 2016,CACF,2016,DINO DAY CARE INC,CHILD_SNACK_PM,1,23,477,20.7391
SAN DIEGO,Sep 2016,CACF,2016,DINO DAY CARE INC,CHILD_BREAKFAST,1,21,342,16.2857
SAN DIEGO,Sep 2016,CACF,2016,DINO DAY CARE INC,CHILD_LUNCH,1,21,525,25
SAN DIEGO,Sep 2016,CACF,2016,DINO DAY CARE INC,CHILD_SNACK_PM,1,21,465,22.1429
SAN DIEGO,Aug 2016,CACF,2016,EAST SAN DIEGO ASSEMBLY OF GOD,ATRISK_CHILD_LUNCH,1,20,858,42.9
SAN DIEGO,Sep 2016,CACF,2016,EAST SAN DIEGO ASSEMBLY OF GOD,ATRISK_CHILD_LUNCH,1,25,2474,98.96
SAN DIEGO,Aug 2016,CACF,2016,EDUCATIONAL ENRICHMENT SYSTEMS INC ,CHILD_BREAKFAST,21,23,7126,309.8261
SAN DIEGO,Aug 2016,CACF,2016,EDUCATIONAL ENRICHMENT SYSTEMS INC ,CHILD_LUNCH,21,23,7174,311.913
SAN DIEGO,Aug 2016,CACF,2016,EDUCATIONAL ENRICHMENT SYSTEMS INC ,CHILD_SNACK_PM,21,23,4555,198.0435
SAN DIEGO,Sep 2016,CACF,2016,EDUCATIONAL ENRICHMENT SYSTEMS INC ,CHILD_BREAKFAST,21,21,10565,503.0952
SAN DIEGO,Sep 2016,CACF,2016,EDUCATIONAL ENRICHMENT SYSTEMS INC ,CHILD_LUNCH,21,21,9445,449.7619
SAN DIEGO,Sep 2016,CACF,2016,EDUCATIONAL ENRICHMENT SYSTEMS INC ,CHILD_SNACK_PM,21,21,4622,220.0952
SAN DIEGO,Aug 2016,CACF,2016,EJE Academies,ATRISK_CHILD_SUPPER,1,13,1789,137.6154
SAN DIEGO,Sep 2016,CACF,2016,EJE Academies,ATRISK_CHILD_SUPPER,1,20,2842,142.1
SAN DIEGO,Aug 2016,CACF,2016,EL CAJON WESLEYAN CHURCH ,CHILD_BREAKFAST,1,20,825,41.25
SAN DIEGO,Aug 2016,CACF,2016,EL CAJON WESLEYAN CHURCH ,CHILD_LUNCH,1,20,870,43.5
SAN DIEGO,Aug 2016,CACF,2016,EL CAJON WESLEYAN CHURCH ,CHILD_SNACK_PM,1,20,761,38.05
SAN DIEGO,Sep 2016,CACF,2016,EL CAJON WESLEYAN CHURCH ,CHILD_BREAKFAST,1,21,899,42.8095
SAN DIEGO,Sep 2016,CACF,2016,EL CAJON WESLEYAN CHURCH ,CHILD_LUNCH,1,21,927,44.1429
SAN DIEGO,Sep 2016,CACF,2016,EL CAJON WESLEYAN CHURCH ,CHILD_SNACK_PM,1,21,799,38.0476
SAN DIEGO,Aug 2016,CACF,2016,EPISCOPAL COMMUNITY SERVICES ,CHILD_BREAKFAST,1,22,1299,59.0455
SAN DIEGO,Aug 2016,CACF,2016,EPISCOPAL COMMUNITY SERVICES ,CHILD_LUNCH,1,22,1377,62.5909
SAN DIEGO,Aug 2016,CACF,2016,EPISCOPAL COMMUNITY SERVICES ,CHILD_SNACK_PM,1,22,616,28
SAN DIEGO,Aug 2016,CACF,2016,EPISCOPAL COMMUNITY SERVICES ,HS_CHILD_BREAKFAST,6,22,4858,220.8182
SAN DIEGO,Aug 2016,CACF,2016,EPISCOPAL COMMUNITY SERVICES ,HS_CHILD_LUNCH,6,22,4975,226.1364
SAN DIEGO,Aug 2016,CACF,2016,EPISCOPAL COMMUNITY SERVICES ,HS_CHILD_SNACK_PM,6,22,2911,132.3182
SAN DIEGO,Sep 2016,CACF,2016,EPISCOPAL COMMUNITY SERVICES ,CHILD_BREAKFAST,1,18,809,44.9444
SAN DIEGO,Sep 2016,CACF,2016,EPISCOPAL COMMUNITY SERVICES ,CHILD_LUNCH,1,18,1079,59.9444
SAN DIEGO,Sep 2016,CACF,2016,EPISCOPAL COMMUNITY SERVICES ,CHILD_SNACK_PM,1,18,715,39.7222
SAN DIEGO,Sep 2016,CACF,2016,EPISCOPAL COMMUNITY SERVICES ,HS_CHILD_BREAKFAST,12,18,6276,348.6667
SAN DIEGO,Sep 2016,CACF,2016,EPISCOPAL COMMUNITY SERVICES ,HS_CHILD_LUNCH,12,18,9491,527.2778
SAN DIEGO,Sep 2016,CACF,2016,EPISCOPAL COMMUNITY SERVICES ,HS_CHILD_SNACK_PM,12,18,5295,294.1667
SAN DIEGO,Aug 2016,CACF,2016,ESCONDIDO COMMUNITY CHILD DEVELOPMENT CTR,CHILD_BREAKFAST,3,23,4481,194.8261
SAN DIEGO,Aug 2016,CACF,2016,ESCONDIDO COMMUNITY CHILD DEVELOPMENT CTR,CHILD_LUNCH,3,23,4942,214.8696
SAN DIEGO,Aug 2016,CACF,2016,ESCONDIDO COMMUNITY CHILD DEVELOPMENT CTR,CHILD_SNACK_PM,3,23,4270,185.6522
SAN DIEGO,Sep 2016,CACF,2016,ESCONDIDO COMMUNITY CHILD DEVELOPMENT CTR,CHILD_BREAKFAST,3,21,4263,203
SAN DIEGO,Sep 2016,CACF,2016,ESCONDIDO COMMUNITY CHILD DEVELOPMENT CTR,CHILD_LUNCH,3,21,4671,222.4286
SAN DIEGO,Sep 2016,CACF,2016,ESCONDIDO COMMUNITY CHILD DEVELOPMENT CTR,CHILD_SNACK_PM,3,21,4045,192.619
SAN DIEGO,Aug 2016,CACF,2016,Escondido Union High School District,ATRISK_CHILD_SUPPER,1,8,927,115.875
SAN DIEGO,Aug 2016,CACF,2016,Escondido Union High School District,CHILD_BREAKFAST,1,13,132,10.1538
SAN DIEGO,Aug 2016,CACF,2016,Escondido Union High School District,CHILD_LUNCH,1,13,139,10.6923
SAN DIEGO,Aug 2016,CACF,2016,Escondido Union High School District,CHILD_SNACK_PM,1,13,128,9.8462
SAN DIEGO,Sep 2016,CACF,2016,Escondido Union High School District,ATRISK_CHILD_SUPPER,3,20,3617,180.85
SAN DIEGO,Sep 2016,CACF,2016,Escondido Union High School District,CHILD_BREAKFAST,1,22,181,8.2273
SAN DIEGO,Sep 2016,CACF,2016,Escondido Union High School District,CHILD_LUNCH,1,22,205,9.3182
SAN DIEGO,Sep 2016,CACF,2016,Escondido Union High School District,CHILD_SNACK_PM,1,22,180,8.1818
SAN DIEGO,Aug 2016,CACF,2016,Escondido Union School District,ATRISK_CHILD_SNACK,15,6,1322,220.3333
SAN DIEGO,Aug 2016,CACF,2016,Escondido Union School District,ATRISK_CHILD_SUPPER,15,6,8554,1425.6667
SAN DIEGO,Sep 2016,CACF,2016,Escondido Union School District,ATRISK_CHILD_SNACK,16,21,5819,277.0952
SAN DIEGO,Sep 2016,CACF,2016,Escondido Union School District,ATRISK_CHILD_SUPPER,16,21,31952,1521.5238
SAN DIEGO,Aug 2016,CACF,2016,FALLBROOK CHILD DEVELOP CENTER ,CHILD_BREAKFAST,1,23,712,30.9565
SAN DIEGO,Aug 2016,CACF,2016,FALLBROOK CHILD DEVELOP CENTER ,CHILD_LUNCH,1,23,718,31.2174
SAN DIEGO,Aug 2016,CACF,2016,FALLBROOK CHILD DEVELOP CENTER ,CHILD_SNACK_PM,1,23,464,20.1739
SAN DIEGO,Sep 2016,CACF,2016,FALLBROOK CHILD DEVELOP CENTER ,CHILD_BREAKFAST,1,21,752,35.8095
SAN DIEGO,Sep 2016,CACF,2016,FALLBROOK CHILD DEVELOP CENTER ,CHILD_LUNCH,1,21,767,36.5238
SAN DIEGO,Sep 2016,CACF,2016,FALLBROOK CHILD DEVELOP CENTER ,CHILD_SNACK_PM,1,21,534,25.4286
SAN DIEGO,Aug 2016,CACF,2016,Fallbrook Union Elementary School District,ATRISK_CHILD_SUPPER,6,9,3880,431.1111
SAN DIEGO,Sep 2016,CACF,2016,Fallbrook Union Elementary School District,ATRISK_CHILD_SUPPER,6,21,9138,435.1429
SAN DIEGO,Aug 2016,CACF,2016,Feeding America San Diego,ATRISK_CHILD_SUPPER,3,8,1029,128.625
SAN DIEGO,Sep 2016,CACF,2016,Feeding America San Diego,ATRISK_CHILD_SUPPER,3,21,6215,295.9524
SAN DIEGO,Aug 2016,CACF,2016,GENAVEVES PLAYHOUSE PRESCHOOL,CHILD_BREAKFAST,2,23,1048,45.5652
SAN DIEGO,Aug 2016,CACF,2016,GENAVEVES PLAYHOUSE PRESCHOOL,CHILD_LUNCH,2,23,1062,46.1739
SAN DIEGO,Aug 2016,CACF,2016,GENAVEVES PLAYHOUSE PRESCHOOL,CHILD_SNACK_AM,2,23,565,24.5652
SAN DIEGO,Aug 2016,CACF,2016,GENAVEVES PLAYHOUSE PRESCHOOL,CHILD_SNACK_PM,2,23,498,21.6522
SAN DIEGO,Sep 2016,CACF,2016,GENAVEVES PLAYHOUSE PRESCHOOL,CHILD_BREAKFAST,2,22,1276,58
SAN DIEGO,Sep 2016,CACF,2016,GENAVEVES PLAYHOUSE PRESCHOOL,CHILD_LUNCH,2,22,1344,61.0909
SAN DIEGO,Sep 2016,CACF,2016,GENAVEVES PLAYHOUSE PRESCHOOL,CHILD_SNACK_AM,2,22,1327,60.3182
SAN DIEGO,Aug 2016,CACF,2016,GEORGE G GLENNER ALZHEIMERS FM CTR INC,ADULT_BREAKFAST,3,23,961,41.7826
SAN DIEGO,Aug 2016,CACF,2016,GEORGE G GLENNER ALZHEIMERS FM CTR INC,ADULT_LUNCH,3,23,1432,62.2609
SAN DIEGO,Aug 2016,CACF,2016,GEORGE G GLENNER ALZHEIMERS FM CTR INC,ADULT_SNACK_PM,3,23,1022,44.4348
SAN DIEGO,Sep 2016,CACF,2016,GEORGE G GLENNER ALZHEIMERS FM CTR INC,ADULT_BREAKFAST,3,21,935,44.5238
SAN DIEGO,Sep 2016,CACF,2016,GEORGE G GLENNER ALZHEIMERS FM CTR INC,ADULT_LUNCH,3,21,1362,64.8571
SAN DIEGO,Sep 2016,CACF,2016,GEORGE G GLENNER ALZHEIMERS FM CTR INC,ADULT_SNACK_PM,3,21,990,47.1429
SAN DIEGO,Aug 2016,CACF,2016,GIGGLES & SMILES CHILD CARE CENTER  ,CHILD_BREAKFAST,1,23,1209,52.5652
SAN DIEGO,Aug 2016,CACF,2016,GIGGLES & SMILES CHILD CARE CENTER  ,CHILD_LUNCH,1,23,1277,55.5217
SAN DIEGO,Aug 2016,CACF,2016,GIGGLES & SMILES CHILD CARE CENTER  ,CHILD_SNACK_PM,1,23,1187,51.6087
SAN DIEGO,Sep 2016,CACF,2016,GIGGLES & SMILES CHILD CARE CENTER  ,CHILD_BREAKFAST,1,21,1039,49.4762
SAN DIEGO,Sep 2016,CACF,2016,GIGGLES & SMILES CHILD CARE CENTER  ,CHILD_LUNCH,1,21,1122,53.4286
SAN DIEGO,Sep 2016,CACF,2016,GIGGLES & SMILES CHILD CARE CENTER  ,CHILD_SNACK_PM,1,21,958,45.619
SAN DIEGO,Aug 2016,CACF,2016,GROSSMONT CUYAMACA COMMUNITY COLLEGE DISTRICT ,CHILD_BREAKFAST,2,18,412,22.8889
SAN DIEGO,Aug 2016,CACF,2016,GROSSMONT CUYAMACA COMMUNITY COLLEGE DISTRICT ,CHILD_LUNCH,2,18,888,49.3333
SAN DIEGO,Aug 2016,CACF,2016,GROSSMONT CUYAMACA COMMUNITY COLLEGE DISTRICT ,CHILD_SNACK_PM,2,18,388,21.5556
SAN DIEGO,Sep 2016,CACF,2016,GROSSMONT CUYAMACA COMMUNITY COLLEGE DISTRICT ,CHILD_BREAKFAST,2,22,887,40.3182
SAN DIEGO,Sep 2016,CACF,2016,GROSSMONT CUYAMACA COMMUNITY COLLEGE DISTRICT ,CHILD_LUNCH,2,22,1823,82.8636
SAN DIEGO,Sep 2016,CACF,2016,GROSSMONT CUYAMACA COMMUNITY COLLEGE DISTRICT ,CHILD_SNACK_PM,2,22,802,36.4545
SAN DIEGO,Aug 2016,CACF,2016,Grossmont Union High School District,ATRISK_CHILD_SUPPER,13,10,5627,562.7
SAN DIEGO,Sep 2016,CACF,2016,Grossmont Union High School District,ATRISK_CHILD_SUPPER,13,24,21553,898.0417
SAN DIEGO,Aug 2016,CACF,2016,GSCA INC ,CHILD_BREAKFAST,5,23,2683,116.6522
SAN DIEGO,Aug 2016,CACF,2016,GSCA INC ,CHILD_LUNCH,5,23,4106,178.5217
SAN DIEGO,Aug 2016,CACF,2016,GSCA INC ,CHILD_SNACK_AM,5,23,4030,175.2174
SAN DIEGO,Aug 2016,CACF,2016,GSCA INC ,CHILD_SUPPER,5,23,1131,49.1739
SAN DIEGO,Aug 2016,CACF,2016,GSCA INC ,OSCH_CHILD_BREAKFAST,1,23,149,6.4783
SAN DIEGO,Aug 2016,CACF,2016,GSCA INC ,OSCH_CHILD_LUNCH,1,23,159,6.913
SAN DIEGO,Aug 2016,CACF,2016,GSCA INC ,OSCH_CHILD_SNACK_AM,1,23,155,6.7391
SAN DIEGO,Sep 2016,CACF,2016,GSCA INC ,CHILD_BREAKFAST,5,21,2064,98.2857
SAN DIEGO,Sep 2016,CACF,2016,GSCA INC ,CHILD_LUNCH,5,21,3270,155.7143
SAN DIEGO,Sep 2016,CACF,2016,GSCA INC ,CHILD_SNACK_AM,5,21,1456,69.3333
SAN DIEGO,Sep 2016,CACF,2016,GSCA INC ,CHILD_SNACK_PM,5,21,1655,78.8095
SAN DIEGO,Sep 2016,CACF,2016,GSCA INC ,CHILD_SUPPER,5,21,880,41.9048
SAN DIEGO,Sep 2016,CACF,2016,GSCA INC ,OSCH_CHILD_BREAKFAST,1,21,99,4.7143
SAN DIEGO,Sep 2016,CACF,2016,GSCA INC ,OSCH_CHILD_SNACK_PM,1,21,67,3.1905
SAN DIEGO,Aug 2016,CACF,2016,HAGAR & SHRYOCK,CHILD_BREAKFAST,1,23,798,34.6957
SAN DIEGO,Aug 2016,CACF,2016,HAGAR & SHRYOCK,CHILD_LUNCH,1,23,839,36.4783
SAN DIEGO,Aug 2016,CACF,2016,HAGAR & SHRYOCK,CHILD_SNACK_PM,1,23,937,40.7391
SAN DIEGO,Sep 2016,CACF,2016,HAGAR & SHRYOCK,CHILD_BREAKFAST,1,22,807,36.6818
SAN DIEGO,Sep 2016,CACF,2016,HAGAR & SHRYOCK,CHILD_LUNCH,1,22,822,37.3636
SAN DIEGO,Sep 2016,CACF,2016,HAGAR & SHRYOCK,CHILD_SNACK_PM,1,22,947,43.0455
SAN DIEGO,Aug 2016,CACF,2016,HEAVEN'S WINDOWS,ATRISK_CHILD_SNACK,4,18,652,36.2222
SAN DIEGO,Aug 2016,CACF,2016,HEAVEN'S WINDOWS,ATRISK_CHILD_SUPPER,4,18,715,39.7222
SAN DIEGO,Sep 2016,CACF,2016,HEAVEN'S WINDOWS,ATRISK_CHILD_BREAKFAST,11,21,75,3.5714
SAN DIEGO,Sep 2016,CACF,2016,HEAVEN'S WINDOWS,ATRISK_CHILD_SNACK,11,21,4755,226.4286
SAN DIEGO,Sep 2016,CACF,2016,HEAVEN'S WINDOWS,ATRISK_CHILD_SNACK_AM,11,21,1006,47.9048
SAN DIEGO,Sep 2016,CACF,2016,HEAVEN'S WINDOWS,ATRISK_CHILD_SNACK_NT,11,21,366,17.4286
SAN DIEGO,Sep 2016,CACF,2016,HEAVEN'S WINDOWS,ATRISK_CHILD_SUPPER,11,21,1697,80.8095
SAN DIEGO,Aug 2016,CACF,2016,HIGHER LEARNING ACADEMY INC,CHILD_LUNCH,1,23,1125,48.913
SAN DIEGO,Aug 2016,CACF,2016,HIGHER LEARNING ACADEMY INC,CHILD_SNACK_AM,1,23,1119,48.6522
SAN DIEGO,Aug 2016,CACF,2016,HIGHER LEARNING ACADEMY INC,CHILD_SUPPER,1,23,1151,50.0435
SAN DIEGO,Sep 2016,CACF,2016,HIGHER LEARNING ACADEMY INC,CHILD_LUNCH,1,21,1044,49.7143
SAN DIEGO,Sep 2016,CACF,2016,HIGHER LEARNING ACADEMY INC,CHILD_SNACK_AM,1,21,954,45.4286
SAN DIEGO,Sep 2016,CACF,2016,HIGHER LEARNING ACADEMY INC,CHILD_SUPPER,1,21,1068,50.8571
SAN DIEGO,Aug 2016,CACF,2016,HORIZONS ADHC CENTER INC,ADULT_BREAKFAST,1,23,3416,148.5217
SAN DIEGO,Aug 2016,CACF,2016,HORIZONS ADHC CENTER INC,ADULT_LUNCH,1,23,3615,157.1739
SAN DIEGO,Aug 2016,CACF,2016,HORIZONS ADHC CENTER INC,ADULT_SNACK_AM,1,23,199,8.6522
SAN DIEGO,Aug 2016,CACF,2016,HORIZONS ADHC CENTER INC,ADULT_SNACK_PM,1,23,1287,55.9565
SAN DIEGO,Sep 2016,CACF,2016,HORIZONS ADHC CENTER INC,ADULT_BREAKFAST,2,12,3185,265.4167
SAN DIEGO,Sep 2016,CACF,2016,HORIZONS ADHC CENTER INC,ADULT_LUNCH,2,12,3286,273.8333
SAN DIEGO,Sep 2016,CACF,2016,HORIZONS ADHC CENTER INC,ADULT_SNACK_AM,2,12,101,8.4167
SAN DIEGO,Sep 2016,CACF,2016,HORIZONS ADHC CENTER INC,ADULT_SNACK_PM,2,12,1092,91
SAN DIEGO,Aug 2016,CACF,2016,J GELT CORPORATION CASA PACIFICA ADHC,ADULT_BREAKFAST,1,23,2462,107.0435
SAN DIEGO,Aug 2016,CACF,2016,J GELT CORPORATION CASA PACIFICA ADHC,ADULT_LUNCH,1,23,4271,185.6957
SAN DIEGO,Aug 2016,CACF,2016,J GELT CORPORATION CASA PACIFICA ADHC,ADULT_SNACK_AM,1,23,811,35.2609
SAN DIEGO,Aug 2016,CACF,2016,J GELT CORPORATION CASA PACIFICA ADHC,ADULT_SNACK_PM,1,23,1334,58
SAN DIEGO,Sep 2016,CACF,2016,J GELT CORPORATION CASA PACIFICA ADHC,ADULT_BREAKFAST,1,21,2172,103.4286
SAN DIEGO,Sep 2016,CACF,2016,J GELT CORPORATION CASA PACIFICA ADHC,ADULT_LUNCH,1,21,3965,188.8095
SAN DIEGO,Sep 2016,CACF,2016,J GELT CORPORATION CASA PACIFICA ADHC,ADULT_SNACK_AM,1,21,915,43.5714
SAN DIEGO,Sep 2016,CACF,2016,J GELT CORPORATION CASA PACIFICA ADHC,ADULT_SNACK_PM,1,21,1241,59.0952
SAN DIEGO,Aug 2016,CACF,2016,Julian Union Elementary School District,ATRISK_CHILD_SNACK_NT,1,16,645,40.3125
SAN DIEGO,Aug 2016,CACF,2016,Julian Union Elementary School District,ATRISK_CHILD_SUPPER,1,16,964,60.25
SAN DIEGO,Sep 2016,CACF,2016,Julian Union Elementary School District,ATRISK_CHILD_SNACK_NT,1,21,1734,82.5714
SAN DIEGO,Sep 2016,CACF,2016,Julian Union Elementary School District,ATRISK_CHILD_SUPPER,1,21,3082,146.7619
SAN DIEGO,Aug 2016,CACF,2016,KING CHAVEZ ACADEMY OF,CHILD_BREAKFAST,1,22,502,22.8182
SAN DIEGO,Aug 2016,CACF,2016,KING CHAVEZ ACADEMY OF,CHILD_LUNCH,1,22,429,19.5
SAN DIEGO,Aug 2016,CACF,2016,KING CHAVEZ ACADEMY OF,CHILD_SNACK_PM,1,22,363,16.5
SAN DIEGO,Sep 2016,CACF,2016,KING CHAVEZ ACADEMY OF,CHILD_BREAKFAST,1,21,636,30.2857
SAN DIEGO,Sep 2016,CACF,2016,KING CHAVEZ ACADEMY OF,CHILD_LUNCH,1,21,566,26.9524
SAN DIEGO,Sep 2016,CACF,2016,KING CHAVEZ ACADEMY OF,CHILD_SNACK_PM,1,21,424,20.1905
SAN DIEGO,Sep 2016,CACF,2016,LA JOLLA BAND OF LUISENO,ATRISK_CHILD_SUPPER,1,12,369,30.75
SAN DIEGO,Aug 2016,CACF,2016,La Mesa-Spring Valley School District,ATRISK_CHILD_SNACK,11,12,3600,300
SAN DIEGO,Aug 2016,CACF,2016,La Mesa-Spring Valley School District,ATRISK_CHILD_SUPPER,11,12,10058,838.1667
SAN DIEGO,Sep 2016,CACF,2016,La Mesa-Spring Valley School District,ATRISK_CHILD_SNACK,11,21,6300,300
SAN DIEGO,Sep 2016,CACF,2016,La Mesa-Spring Valley School District,ATRISK_CHILD_SUPPER,11,21,19537,930.3333
SAN DIEGO,Sep 2016,CACF,2016,Lakeside Union Elementary School District,ATRISK_CHILD_SUPPER,7,20,13086,654.3
SAN DIEGO,Aug 2016,CACF,2016,Lemon Grove School District,ATRISK_CHILD_SUPPER,6,11,6797,617.9091
SAN DIEGO,Sep 2016,CACF,2016,Lemon Grove School District,ATRISK_CHILD_SUPPER,6,21,13111,624.3333
SAN DIEGO,Aug 2016,CACF,2016,LIFEBRIDGE CHURCH,CHILD_LUNCH,1,20,1209,60.45
SAN DIEGO,Aug 2016,CACF,2016,LIFEBRIDGE CHURCH,CHILD_SNACK_AM,1,20,1298,64.9
SAN DIEGO,Aug 2016,CACF,2016,LIFEBRIDGE CHURCH,CHILD_SNACK_PM,1,20,1041,52.05
SAN DIEGO,Sep 2016,CACF,2016,LIFEBRIDGE CHURCH,CHILD_LUNCH,1,21,1432,68.1905
SAN DIEGO,Sep 2016,CACF,2016,LIFEBRIDGE CHURCH,CHILD_SNACK_AM,1,21,1580,75.2381
SAN DIEGO,Sep 2016,CACF,2016,LIFEBRIDGE CHURCH,CHILD_SNACK_PM,1,21,1265,60.2381
SAN DIEGO,Aug 2016,CACF,2016,LINERS CORP ,ADULT_BREAKFAST,1,23,1401,60.913
SAN DIEGO,Aug 2016,CACF,2016,LINERS CORP ,ADULT_LUNCH,1,23,1887,82.0435
SAN DIEGO,Aug 2016,CACF,2016,LINERS CORP ,ADULT_SNACK_AM,1,23,258,11.2174
SAN DIEGO,Aug 2016,CACF,2016,LINERS CORP ,ADULT_SNACK_PM,1,23,909,39.5217
SAN DIEGO,Sep 2016,CACF,2016,LINERS CORP ,ADULT_BREAKFAST,1,21,1168,55.619
SAN DIEGO,Sep 2016,CACF,2016,LINERS CORP ,ADULT_LUNCH,1,21,1607,76.5238
SAN DIEGO,Sep 2016,CACF,2016,LINERS CORP ,ADULT_SNACK_AM,1,21,151,7.1905
SAN DIEGO,Sep 2016,CACF,2016,LINERS CORP ,ADULT_SNACK_PM,1,21,778,37.0476
SAN DIEGO,Aug 2016,CACF,2016,LOVING CARE ADHC LIMITED ,ADULT_BREAKFAST,1,23,1522,66.1739
SAN DIEGO,Aug 2016,CACF,2016,LOVING CARE ADHC LIMITED ,ADULT_LUNCH,1,23,1520,66.087
SAN DIEGO,Aug 2016,CACF,2016,LOVING CARE ADHC LIMITED ,ADULT_SNACK_AM,1,23,1522,66.1739
SAN DIEGO,Sep 2016,CACF,2016,LOVING CARE ADHC LIMITED ,ADULT_BREAKFAST,1,22,1408,64
SAN DIEGO,Sep 2016,CACF,2016,LOVING CARE ADHC LIMITED ,ADULT_LUNCH,1,22,1407,63.9545
SAN DIEGO,Sep 2016,CACF,2016,LOVING CARE ADHC LIMITED ,ADULT_SNACK_AM,1,22,1407,63.9545
SAN DIEGO,Aug 2016,CACF,2016,MARANGELYS KIDS INC KIDDIE ACADEMY CHILD CARE CTR,CHILD_BREAKFAST,1,23,1464,63.6522
SAN DIEGO,Aug 2016,CACF,2016,MARANGELYS KIDS INC KIDDIE ACADEMY CHILD CARE CTR,CHILD_LUNCH,1,23,1700,73.913
SAN DIEGO,Aug 2016,CACF,2016,MARANGELYS KIDS INC KIDDIE ACADEMY CHILD CARE CTR,CHILD_SNACK_PM,1,23,1609,69.9565
SAN DIEGO,Aug 2016,CACF,2016,MARANGELYS KIDS INC KIDDIE ACADEMY CHILD CARE CTR,OSCH_CHILD_BREAKFAST,1,23,1005,43.6957
SAN DIEGO,Aug 2016,CACF,2016,MARANGELYS KIDS INC KIDDIE ACADEMY CHILD CARE CTR,OSCH_CHILD_LUNCH,1,23,589,25.6087
SAN DIEGO,Aug 2016,CACF,2016,MARANGELYS KIDS INC KIDDIE ACADEMY CHILD CARE CTR,OSCH_CHILD_SNACK_PM,1,23,1444,62.7826
SAN DIEGO,Sep 2016,CACF,2016,MARANGELYS KIDS INC KIDDIE ACADEMY CHILD CARE CTR,CHILD_BREAKFAST,1,21,1217,57.9524
SAN DIEGO,Sep 2016,CACF,2016,MARANGELYS KIDS INC KIDDIE ACADEMY CHILD CARE CTR,CHILD_LUNCH,1,21,1479,70.4286
SAN DIEGO,Sep 2016,CACF,2016,MARANGELYS KIDS INC KIDDIE ACADEMY CHILD CARE CTR,CHILD_SNACK_PM,1,21,1346,64.0952
SAN DIEGO,Sep 2016,CACF,2016,MARANGELYS KIDS INC KIDDIE ACADEMY CHILD CARE CTR,OSCH_CHILD_BREAKFAST,1,21,798,38
SAN DIEGO,Sep 2016,CACF,2016,MARANGELYS KIDS INC KIDDIE ACADEMY CHILD CARE CTR,OSCH_CHILD_LUNCH,1,21,197,9.381
SAN DIEGO,Sep 2016,CACF,2016,MARANGELYS KIDS INC KIDDIE ACADEMY CHILD CARE CTR,OSCH_CHILD_SNACK_PM,1,21,1482,70.5714
SAN DIEGO,Aug 2016,CACF,2016,Marine Corps Air Station,CHILD_BREAKFAST,1,23,258,11.2174
SAN DIEGO,Aug 2016,CACF,2016,Marine Corps Air Station,CHILD_LUNCH,1,23,378,16.4348
SAN DIEGO,Aug 2016,CACF,2016,Marine Corps Air Station,CHILD_SNACK_PM,1,23,360,15.6522
SAN DIEGO,Aug 2016,CACF,2016,Marine Corps Air Station,OSCH_CHILD_BREAKFAST,1,23,692,30.087
SAN DIEGO,Aug 2016,CACF,2016,Marine Corps Air Station,OSCH_CHILD_LUNCH,1,23,339,14.7391
SAN DIEGO,Aug 2016,CACF,2016,Marine Corps Air Station,OSCH_CHILD_SNACK_PM,1,23,1559,67.7826
SAN DIEGO,Sep 2016,CACF,2016,Marine Corps Air Station,ATRISK_CHILD_SNACK,1,21,1779,84.7143
SAN DIEGO,Sep 2016,CACF,2016,Marine Corps Air Station,CHILD_BREAKFAST,1,21,188,8.9524
SAN DIEGO,Sep 2016,CACF,2016,Marine Corps Air Station,CHILD_LUNCH,1,21,251,11.9524
SAN DIEGO,Sep 2016,CACF,2016,Marine Corps Air Station,CHILD_SNACK_PM,1,21,239,11.381
SAN DIEGO,Aug 2016,CACF,2016,Marine Corps Community Services,CHILD_BREAKFAST,6,23,8844,384.5217
SAN DIEGO,Aug 2016,CACF,2016,Marine Corps Community Services,CHILD_LUNCH,6,23,9678,420.7826
SAN DIEGO,Aug 2016,CACF,2016,Marine Corps Community Services,CHILD_SNACK_AM,6,23,190,8.2609
SAN DIEGO,Aug 2016,CACF,2016,Marine Corps Community Services,CHILD_SNACK_PM,6,23,9221,400.913
SAN DIEGO,Aug 2016,CACF,2016,Marine Corps Community Services,OSCH_CHILD_BREAKFAST,5,23,1556,67.6522
SAN DIEGO,Aug 2016,CACF,2016,Marine Corps Community Services,OSCH_CHILD_LUNCH,5,23,1413,61.4348
SAN DIEGO,Aug 2016,CACF,2016,Marine Corps Community Services,OSCH_CHILD_SNACK_PM,5,23,2822,122.6957
SAN DIEGO,Sep 2016,CACF,2016,Marine Corps Community Services,CHILD_BREAKFAST,6,21,8289,394.7143
SAN DIEGO,Sep 2016,CACF,2016,Marine Corps Community Services,CHILD_LUNCH,6,21,9399,447.5714
SAN DIEGO,Sep 2016,CACF,2016,Marine Corps Community Services,CHILD_SNACK_AM,6,21,510,24.2857
SAN DIEGO,Sep 2016,CACF,2016,Marine Corps Community Services,CHILD_SNACK_PM,6,21,8966,426.9524
SAN DIEGO,Sep 2016,CACF,2016,Marine Corps Community Services,OSCH_CHILD_BREAKFAST,5,21,782,37.2381
SAN DIEGO,Sep 2016,CACF,2016,Marine Corps Community Services,OSCH_CHILD_LUNCH,5,21,369,17.5714
SAN DIEGO,Sep 2016,CACF,2016,Marine Corps Community Services,OSCH_CHILD_SNACK_PM,5,21,2553,121.5714
SAN DIEGO,Aug 2016,CACF,2016,METROPOLITAN AREA ADVISORY COMMITTEE-MAAC-PROJ HEADSTART,CHILD_BREAKFAST,2,15,773,51.5333
SAN DIEGO,Aug 2016,CACF,2016,METROPOLITAN AREA ADVISORY COMMITTEE-MAAC-PROJ HEADSTART,HS_CHILD_BREAKFAST,8,19,1659,87.3158
SAN DIEGO,Aug 2016,CACF,2016,METROPOLITAN AREA ADVISORY COMMITTEE-MAAC-PROJ HEADSTART,HS_CHILD_LUNCH,8,19,2470,130
SAN DIEGO,Aug 2016,CACF,2016,METROPOLITAN AREA ADVISORY COMMITTEE-MAAC-PROJ HEADSTART,HS_CHILD_SNACK_PM,8,19,1867,98.2632
SAN DIEGO,Sep 2016,CACF,2016,METROPOLITAN AREA ADVISORY COMMITTEE-MAAC-PROJ HEADSTART,CHILD_BREAKFAST,10,17,4246,249.7647
SAN DIEGO,Sep 2016,CACF,2016,METROPOLITAN AREA ADVISORY COMMITTEE-MAAC-PROJ HEADSTART,HS_CHILD_BREAKFAST,18,19,6037,317.7368
SAN DIEGO,Sep 2016,CACF,2016,METROPOLITAN AREA ADVISORY COMMITTEE-MAAC-PROJ HEADSTART,HS_CHILD_LUNCH,18,19,11916,627.1579
SAN DIEGO,Sep 2016,CACF,2016,METROPOLITAN AREA ADVISORY COMMITTEE-MAAC-PROJ HEADSTART,HS_CHILD_SNACK_PM,18,19,8892,468
SAN DIEGO,Aug 2016,CACF,2016,"Navy Region Southwest, Child and Youth Programs",ATRISK_CHILD_SNACK,9,23,5426,235.913
SAN DIEGO,Aug 2016,CACF,2016,"Navy Region Southwest, Child and Youth Programs",CHILD_BREAKFAST,19,23,41761,1815.6957
SAN DIEGO,Aug 2016,CACF,2016,"Navy Region Southwest, Child and Youth Programs",CHILD_LUNCH,19,23,47288,2056
SAN DIEGO,Aug 2016,CACF,2016,"Navy Region Southwest, Child and Youth Programs",CHILD_SNACK_PM,19,23,42998,1869.4783
SAN DIEGO,Aug 2016,CACF,2016,"Navy Region Southwest, Child and Youth Programs",OSCH_CHILD_BREAKFAST,3,23,1010,43.913
SAN DIEGO,Aug 2016,CACF,2016,"Navy Region Southwest, Child and Youth Programs",OSCH_CHILD_LUNCH,3,23,1251,54.3913
SAN DIEGO,Aug 2016,CACF,2016,"Navy Region Southwest, Child and Youth Programs",OSCH_CHILD_SNACK_PM,3,23,2209,96.0435
SAN DIEGO,Sep 2016,CACF,2016,"Navy Region Southwest, Child and Youth Programs",ATRISK_CHILD_SNACK,13,21,12422,591.5238
SAN DIEGO,Sep 2016,CACF,2016,"Navy Region Southwest, Child and Youth Programs",CHILD_BREAKFAST,19,21,37716,1796
SAN DIEGO,Sep 2016,CACF,2016,"Navy Region Southwest, Child and Youth Programs",CHILD_LUNCH,19,21,42320,2015.2381
SAN DIEGO,Sep 2016,CACF,2016,"Navy Region Southwest, Child and Youth Programs",CHILD_SNACK_PM,19,21,38056,1812.1905
SAN DIEGO,Sep 2016,CACF,2016,"Navy Region Southwest, Child and Youth Programs",OSCH_CHILD_BREAKFAST,3,21,819,39
SAN DIEGO,Sep 2016,CACF,2016,"Navy Region Southwest, Child and Youth Programs",OSCH_CHILD_LUNCH,3,21,48,2.2857
SAN DIEGO,Sep 2016,CACF,2016,"Navy Region Southwest, Child and Youth Programs",OSCH_CHILD_SNACK_PM,3,21,2310,110
SAN DIEGO,Aug 2016,CACF,2016,NEIGHBORHOOD HOUSE ASSOCIATION ,ADULT_LUNCH,1,23,1108,48.1739
SAN DIEGO,Aug 2016,CACF,2016,NEIGHBORHOOD HOUSE ASSOCIATION ,ADULT_SNACK_AM,1,23,1096,47.6522
SAN DIEGO,Aug 2016,CACF,2016,NEIGHBORHOOD HOUSE ASSOCIATION ,ADULT_SNACK_PM,1,23,1057,45.9565
SAN DIEGO,Aug 2016,CACF,2016,NEIGHBORHOOD HOUSE ASSOCIATION ,HS_CHILD_BREAKFAST,27,23,2402,104.4348
SAN DIEGO,Aug 2016,CACF,2016,NEIGHBORHOOD HOUSE ASSOCIATION ,HS_CHILD_LUNCH,27,23,2847,123.7826
SAN DIEGO,Aug 2016,CACF,2016,NEIGHBORHOOD HOUSE ASSOCIATION ,HS_CHILD_SNACK_AM,27,23,79,3.4348
SAN DIEGO,Aug 2016,CACF,2016,NEIGHBORHOOD HOUSE ASSOCIATION ,HS_CHILD_SNACK_PM,27,23,1680,73.0435
SAN DIEGO,Sep 2016,CACF,2016,NEIGHBORHOOD HOUSE ASSOCIATION ,ADULT_LUNCH,1,21,1000,47.619
SAN DIEGO,Sep 2016,CACF,2016,NEIGHBORHOOD HOUSE ASSOCIATION ,ADULT_SNACK_AM,1,21,989,47.0952
SAN DIEGO,Sep 2016,CACF,2016,NEIGHBORHOOD HOUSE ASSOCIATION ,ADULT_SNACK_PM,1,21,962,45.8095
SAN DIEGO,Sep 2016,CACF,2016,NEIGHBORHOOD HOUSE ASSOCIATION ,HS_CHILD_BREAKFAST,27,21,21453,1021.5714
SAN DIEGO,Sep 2016,CACF,2016,NEIGHBORHOOD HOUSE ASSOCIATION ,HS_CHILD_LUNCH,27,21,24370,1160.4762
SAN DIEGO,Sep 2016,CACF,2016,NEIGHBORHOOD HOUSE ASSOCIATION ,HS_CHILD_SNACK_AM,27,21,69,3.2857
SAN DIEGO,Sep 2016,CACF,2016,NEIGHBORHOOD HOUSE ASSOCIATION ,HS_CHILD_SNACK_PM,27,21,10980,522.8571
SAN DIEGO,Aug 2016,CACF,2016,NEXT GENERATION EDUC CTR INC,CHILD_BREAKFAST,1,23,699,30.3913
SAN DIEGO,Aug 2016,CACF,2016,NEXT GENERATION EDUC CTR INC,CHILD_LUNCH,1,23,1497,65.087
SAN DIEGO,Aug 2016,CACF,2016,NEXT GENERATION EDUC CTR INC,CHILD_SNACK_AM,1,23,1220,53.0435
SAN DIEGO,Aug 2016,CACF,2016,NEXT GENERATION EDUC CTR INC,CHILD_SNACK_PM,1,23,659,28.6522
SAN DIEGO,Aug 2016,CACF,2016,NEXT GENERATION EDUC CTR INC,OSCH_CHILD_BREAKFAST,1,23,71,3.087
SAN DIEGO,Aug 2016,CACF,2016,NEXT GENERATION EDUC CTR INC,OSCH_CHILD_LUNCH,1,23,161,7
SAN DIEGO,Aug 2016,CACF,2016,NEXT GENERATION EDUC CTR INC,OSCH_CHILD_SNACK_AM,1,23,42,1.8261
SAN DIEGO,Aug 2016,CACF,2016,NEXT GENERATION EDUC CTR INC,OSCH_CHILD_SNACK_PM,1,23,259,11.2609
SAN DIEGO,Sep 2016,CACF,2016,NEXT GENERATION EDUC CTR INC,CHILD_BREAKFAST,1,21,667,31.7619
SAN DIEGO,Sep 2016,CACF,2016,NEXT GENERATION EDUC CTR INC,CHILD_LUNCH,1,21,1364,64.9524
SAN DIEGO,Sep 2016,CACF,2016,NEXT GENERATION EDUC CTR INC,CHILD_SNACK_AM,1,21,1213,57.7619
SAN DIEGO,Sep 2016,CACF,2016,NEXT GENERATION EDUC CTR INC,CHILD_SNACK_PM,1,21,556,26.4762
SAN DIEGO,Sep 2016,CACF,2016,NEXT GENERATION EDUC CTR INC,OSCH_CHILD_BREAKFAST,1,21,81,3.8571
SAN DIEGO,Sep 2016,CACF,2016,NEXT GENERATION EDUC CTR INC,OSCH_CHILD_LUNCH,1,21,1,0.0476
SAN DIEGO,Sep 2016,CACF,2016,NEXT GENERATION EDUC CTR INC,OSCH_CHILD_SNACK_PM,1,21,336,16
SAN DIEGO,Aug 2016,CACF,2016,NORTH COUNTY COMMUNITY SERVICE ,CHILD_BREAKFAST,5,22,4107,186.6818
SAN DIEGO,Aug 2016,CACF,2016,NORTH COUNTY COMMUNITY SERVICE ,CHILD_LUNCH,5,22,4293,195.1364
SAN DIEGO,Aug 2016,CACF,2016,NORTH COUNTY COMMUNITY SERVICE ,CHILD_SNACK_PM,5,22,3656,166.1818
SAN DIEGO,Sep 2016,CACF,2016,NORTH COUNTY COMMUNITY SERVICE ,CHILD_BREAKFAST,5,21,4975,236.9048
SAN DIEGO,Sep 2016,CACF,2016,NORTH COUNTY COMMUNITY SERVICE ,CHILD_LUNCH,5,21,4463,212.5238
SAN DIEGO,Sep 2016,CACF,2016,NORTH COUNTY COMMUNITY SERVICE ,CHILD_SNACK_PM,5,21,4219,200.9048
SAN DIEGO,Aug 2016,CACF,2016,OAK TREE ACADEMY LLC,CHILD_BREAKFAST,1,23,1048,45.5652
SAN DIEGO,Aug 2016,CACF,2016,OAK TREE ACADEMY LLC,CHILD_LUNCH,1,23,1324,57.5652
SAN DIEGO,Aug 2016,CACF,2016,OAK TREE ACADEMY LLC,CHILD_SNACK_PM,1,23,1057,45.9565
SAN DIEGO,Sep 2016,CACF,2016,OAK TREE ACADEMY LLC,CHILD_BREAKFAST,1,21,1155,55
SAN DIEGO,Sep 2016,CACF,2016,OAK TREE ACADEMY LLC,CHILD_LUNCH,1,21,1548,73.7143
SAN DIEGO,Sep 2016,CACF,2016,OAK TREE ACADEMY LLC,CHILD_SNACK_PM,1,21,1289,61.381
SAN DIEGO,Aug 2016,CACF,2016,OCEAN BEACH CHILD CARE PROJECT CHILDRENS CIRCLE,CHILD_BREAKFAST,1,23,659,28.6522
SAN DIEGO,Aug 2016,CACF,2016,OCEAN BEACH CHILD CARE PROJECT CHILDRENS CIRCLE,CHILD_LUNCH,1,23,805,35
SAN DIEGO,Aug 2016,CACF,2016,OCEAN BEACH CHILD CARE PROJECT CHILDRENS CIRCLE,CHILD_SNACK_PM,1,23,734,31.913
SAN DIEGO,Sep 2016,CACF,2016,OCEAN BEACH CHILD CARE PROJECT CHILDRENS CIRCLE,CHILD_BREAKFAST,1,21,631,30.0476
SAN DIEGO,Sep 2016,CACF,2016,OCEAN BEACH CHILD CARE PROJECT CHILDRENS CIRCLE,CHILD_LUNCH,1,21,792,37.7143
SAN DIEGO,Sep 2016,CACF,2016,OCEAN BEACH CHILD CARE PROJECT CHILDRENS CIRCLE,CHILD_SNACK_PM,1,21,690,32.8571
SAN DIEGO,Aug 2016,CACF,2016,Oceanside Unified School District,ATRISK_CHILD_SUPPER,10,13,11000,846.1538
SAN DIEGO,Sep 2016,CACF,2016,Oceanside Unified School District,ATRISK_CHILD_SUPPER,10,21,19451,926.2381
SAN DIEGO,Aug 2016,CACF,2016,OPEN ARMS ADHC INC,ADULT_BREAKFAST,1,23,1734,75.3913
SAN DIEGO,Aug 2016,CACF,2016,OPEN ARMS ADHC INC,ADULT_LUNCH,1,23,1734,75.3913
SAN DIEGO,Aug 2016,CACF,2016,OPEN ARMS ADHC INC,ADULT_SNACK_PM,1,23,649,28.2174
SAN DIEGO,Sep 2016,CACF,2016,OPEN ARMS ADHC INC,ADULT_BREAKFAST,1,22,1606,73
SAN DIEGO,Sep 2016,CACF,2016,OPEN ARMS ADHC INC,ADULT_LUNCH,1,22,1606,73
SAN DIEGO,Sep 2016,CACF,2016,OPEN ARMS ADHC INC,ADULT_SNACK_PM,1,22,606,27.5455
SAN DIEGO,Aug 2016,CACF,2016,PALOMAR COMMUNITY COLLEGE DISTRICT CDC,CHILD_BREAKFAST,2,21,1697,80.8095
SAN DIEGO,Aug 2016,CACF,2016,PALOMAR COMMUNITY COLLEGE DISTRICT CDC,CHILD_LUNCH,2,21,1196,56.9524
SAN DIEGO,Aug 2016,CACF,2016,PALOMAR COMMUNITY COLLEGE DISTRICT CDC,CHILD_SNACK_PM,2,21,1338,63.7143
SAN DIEGO,Sep 2016,CACF,2016,PALOMAR COMMUNITY COLLEGE DISTRICT CDC,CHILD_BREAKFAST,2,21,1948,92.7619
SAN DIEGO,Sep 2016,CACF,2016,PALOMAR COMMUNITY COLLEGE DISTRICT CDC,CHILD_LUNCH,2,21,1366,65.0476
SAN DIEGO,Sep 2016,CACF,2016,PALOMAR COMMUNITY COLLEGE DISTRICT CDC,CHILD_SNACK_PM,2,21,1591,75.7619
SAN DIEGO,Aug 2016,CACF,2016,POWAY ADHC CENTER ,ADULT_BREAKFAST,1,23,1420,61.7391
SAN DIEGO,Aug 2016,CACF,2016,POWAY ADHC CENTER ,ADULT_LUNCH,1,23,1642,71.3913
SAN DIEGO,Aug 2016,CACF,2016,POWAY ADHC CENTER ,ADULT_SNACK_PM,1,23,250,10.8696
SAN DIEGO,Sep 2016,CACF,2016,POWAY ADHC CENTER ,ADULT_BREAKFAST,1,21,1242,59.1429
SAN DIEGO,Sep 2016,CACF,2016,POWAY ADHC CENTER ,ADULT_LUNCH,1,21,1482,70.5714
SAN DIEGO,Sep 2016,CACF,2016,POWAY ADHC CENTER ,ADULT_SNACK_PM,1,21,234,11.1429
SAN DIEGO,Aug 2016,CACF,2016,QUALITY CHILDREN'S SERVICES ,CHILD_BREAKFAST,9,18,4842,269
SAN DIEGO,Aug 2016,CACF,2016,QUALITY CHILDREN'S SERVICES ,CHILD_LUNCH,9,18,5436,302
SAN DIEGO,Aug 2016,CACF,2016,QUALITY CHILDREN'S SERVICES ,CHILD_SNACK_AM,9,18,5610,311.6667
SAN DIEGO,Aug 2016,CACF,2016,QUALITY CHILDREN'S SERVICES ,CHILD_SNACK_PM,9,18,255,14.1667
SAN DIEGO,Sep 2016,CACF,2016,QUALITY CHILDREN'S SERVICES ,CHILD_BREAKFAST,17,18,13744,763.5556
SAN DIEGO,Sep 2016,CACF,2016,QUALITY CHILDREN'S SERVICES ,CHILD_LUNCH,17,18,13300,738.8889
SAN DIEGO,Sep 2016,CACF,2016,QUALITY CHILDREN'S SERVICES ,CHILD_SNACK_AM,17,18,14468,803.7778
SAN DIEGO,Sep 2016,CACF,2016,QUALITY CHILDREN'S SERVICES ,CHILD_SNACK_PM,17,18,7281,404.5
SAN DIEGO,Aug 2016,CACF,2016,READY SET GROW,CHILD_BREAKFAST,1,23,766,33.3043
SAN DIEGO,Aug 2016,CACF,2016,READY SET GROW,CHILD_LUNCH,1,23,823,35.7826
SAN DIEGO,Aug 2016,CACF,2016,READY SET GROW,CHILD_SNACK_PM,1,23,800,34.7826
SAN DIEGO,Aug 2016,CACF,2016,READY SET GROW,OSCH_CHILD_BREAKFAST,1,23,135,5.8696
SAN DIEGO,Aug 2016,CACF,2016,READY SET GROW,OSCH_CHILD_LUNCH,1,23,104,4.5217
SAN DIEGO,Aug 2016,CACF,2016,READY SET GROW,OSCH_CHILD_SNACK_PM,1,23,146,6.3478
SAN DIEGO,Sep 2016,CACF,2016,READY SET GROW,CHILD_BREAKFAST,1,21,742,35.3333
SAN DIEGO,Sep 2016,CACF,2016,READY SET GROW,CHILD_LUNCH,1,21,725,34.5238
SAN DIEGO,Sep 2016,CACF,2016,READY SET GROW,CHILD_SNACK_PM,1,21,751,35.7619
SAN DIEGO,Sep 2016,CACF,2016,READY SET GROW,OSCH_CHILD_BREAKFAST,1,21,85,4.0476
SAN DIEGO,Sep 2016,CACF,2016,READY SET GROW,OSCH_CHILD_SNACK_PM,1,21,108,5.1429
SAN DIEGO,Aug 2016,CACF,2016,RISING STAR ACAD CHILDCARE CTR,CHILD_BREAKFAST,1,23,403,17.5217
SAN DIEGO,Aug 2016,CACF,2016,RISING STAR ACAD CHILDCARE CTR,CHILD_LUNCH,1,23,541,23.5217
SAN DIEGO,Aug 2016,CACF,2016,RISING STAR ACAD CHILDCARE CTR,CHILD_SNACK_PM,1,23,497,21.6087
SAN DIEGO,Aug 2016,CACF,2016,RISING STAR ACAD CHILDCARE CTR,OSCH_CHILD_BREAKFAST,1,23,40,1.7391
SAN DIEGO,Aug 2016,CACF,2016,RISING STAR ACAD CHILDCARE CTR,OSCH_CHILD_LUNCH,1,23,53,2.3043
SAN DIEGO,Aug 2016,CACF,2016,RISING STAR ACAD CHILDCARE CTR,OSCH_CHILD_SNACK_PM,1,23,107,4.6522
SAN DIEGO,Sep 2016,CACF,2016,RISING STAR ACAD CHILDCARE CTR,CHILD_BREAKFAST,1,21,395,18.8095
SAN DIEGO,Sep 2016,CACF,2016,RISING STAR ACAD CHILDCARE CTR,CHILD_LUNCH,1,21,497,23.6667
SAN DIEGO,Sep 2016,CACF,2016,RISING STAR ACAD CHILDCARE CTR,CHILD_SNACK_PM,1,21,445,21.1905
SAN DIEGO,Sep 2016,CACF,2016,RISING STAR ACAD CHILDCARE CTR,OSCH_CHILD_BREAKFAST,1,21,34,1.619
SAN DIEGO,Sep 2016,CACF,2016,RISING STAR ACAD CHILDCARE CTR,OSCH_CHILD_SNACK_PM,1,21,111,5.2857
SAN DIEGO,Aug 2016,CACF,2016,SAINT VINCENT DE PAUL VILLAGE,ES_CHILD_BREAKFAST,1,31,1451,46.8065
SAN DIEGO,Aug 2016,CACF,2016,SAINT VINCENT DE PAUL VILLAGE,ES_CHILD_LUNCH,1,31,2287,73.7742
SAN DIEGO,Aug 2016,CACF,2016,SAINT VINCENT DE PAUL VILLAGE,ES_CHILD_SUPPER,1,31,2163,69.7742
SAN DIEGO,Sep 2016,CACF,2016,SAINT VINCENT DE PAUL VILLAGE,ES_CHILD_BREAKFAST,1,30,1092,36.4
SAN DIEGO,Sep 2016,CACF,2016,SAINT VINCENT DE PAUL VILLAGE,ES_CHILD_LUNCH,1,30,1154,38.4667
SAN DIEGO,Sep 2016,CACF,2016,SAINT VINCENT DE PAUL VILLAGE,ES_CHILD_SUPPER,1,30,2052,68.4
SAN DIEGO,Aug 2016,CACF,2016,Salvation Army-San Diego A California Corporation,CHILD_BREAKFAST,1,21,1459,69.4762
SAN DIEGO,Aug 2016,CACF,2016,Salvation Army-San Diego A California Corporation,CHILD_LUNCH,1,21,1548,73.7143
SAN DIEGO,Aug 2016,CACF,2016,Salvation Army-San Diego A California Corporation,CHILD_SNACK_PM,1,21,1376,65.5238
SAN DIEGO,Sep 2016,CACF,2016,Salvation Army-San Diego A California Corporation,CHILD_BREAKFAST,1,21,1535,73.0952
SAN DIEGO,Sep 2016,CACF,2016,Salvation Army-San Diego A California Corporation,CHILD_LUNCH,1,21,1664,79.2381
SAN DIEGO,Sep 2016,CACF,2016,Salvation Army-San Diego A California Corporation,CHILD_SNACK_PM,1,21,1427,67.9524
SAN DIEGO,Aug 2016,CACF,2016,SAN DIEGO COMMUNITY COLL DIST ,CHILD_BREAKFAST,3,13,297,22.8462
SAN DIEGO,Aug 2016,CACF,2016,SAN DIEGO COMMUNITY COLL DIST ,CHILD_LUNCH,3,13,289,22.2308
SAN DIEGO,Aug 2016,CACF,2016,SAN DIEGO COMMUNITY COLL DIST ,CHILD_SNACK_PM,3,13,154,11.8462
SAN DIEGO,Aug 2016,CACF,2016,SAN DIEGO COMMUNITY COLL DIST ,HS_CHILD_BREAKFAST,2,13,360,27.6923
SAN DIEGO,Aug 2016,CACF,2016,SAN DIEGO COMMUNITY COLL DIST ,HS_CHILD_LUNCH,2,13,389,29.9231
SAN DIEGO,Aug 2016,CACF,2016,SAN DIEGO COMMUNITY COLL DIST ,HS_CHILD_SNACK_PM,2,13,258,19.8462
SAN DIEGO,Sep 2016,CACF,2016,SAN DIEGO COMMUNITY COLL DIST ,CHILD_BREAKFAST,3,21,579,27.5714
SAN DIEGO,Sep 2016,CACF,2016,SAN DIEGO COMMUNITY COLL DIST ,CHILD_LUNCH,3,21,591,28.1429
SAN DIEGO,Sep 2016,CACF,2016,SAN DIEGO COMMUNITY COLL DIST ,CHILD_SNACK_PM,3,21,273,13
SAN DIEGO,Sep 2016,CACF,2016,SAN DIEGO COMMUNITY COLL DIST ,HS_CHILD_BREAKFAST,2,21,1091,51.9524
SAN DIEGO,Sep 2016,CACF,2016,SAN DIEGO COMMUNITY COLL DIST ,HS_CHILD_LUNCH,2,21,1288,61.3333
SAN DIEGO,Sep 2016,CACF,2016,SAN DIEGO COMMUNITY COLL DIST ,HS_CHILD_SNACK_PM,2,21,786,37.4286
SAN DIEGO,Aug 2016,CACF,2016,San Diego County Office of Education,HS_CHILD_BREAKFAST,1,8,81,10.125
SAN DIEGO,Aug 2016,CACF,2016,San Diego County Office of Education,HS_CHILD_LUNCH,1,8,92,11.5
SAN DIEGO,Aug 2016,CACF,2016,San Diego County Office of Education,HS_CHILD_SNACK_PM,1,8,25,3.125
SAN DIEGO,Sep 2016,CACF,2016,San Diego County Office of Education,HS_CHILD_BREAKFAST,1,21,184,8.7619
SAN DIEGO,Sep 2016,CACF,2016,San Diego County Office of Education,HS_CHILD_LUNCH,1,21,209,9.9524
SAN DIEGO,Sep 2016,CACF,2016,San Diego County Office of Education,HS_CHILD_SNACK_PM,1,21,80,3.8095
SAN DIEGO,Aug 2016,CACF,2016,San Diego Unified School District,ATRISK_CHILD_SUPPER,128,17,25706,1512.1176
SAN DIEGO,Sep 2016,CACF,2016,San Diego Unified School District,ATRISK_CHILD_SUPPER,132,21,195225,9296.4286
SAN DIEGO,Aug 2016,CACF,2016,San Marcos Unified School District,ATRISK_CHILD_SUPPER,7,3,1775,591.6667
SAN DIEGO,Sep 2016,CACF,2016,San Marcos Unified School District,ATRISK_CHILD_SUPPER,7,21,13531,644.3333
SAN DIEGO,Aug 2016,CACF,2016,SANTEE SCHOOL DISTRICT,ATRISK_CHILD_SNACK,3,8,940,117.5
SAN DIEGO,Aug 2016,CACF,2016,SANTEE SCHOOL DISTRICT,ATRISK_CHILD_SNACK_AM,3,8,286,35.75
SAN DIEGO,Aug 2016,CACF,2016,SANTEE SCHOOL DISTRICT,ATRISK_CHILD_SUPPER,3,8,1311,163.875
SAN DIEGO,Sep 2016,CACF,2016,SANTEE SCHOOL DISTRICT,ATRISK_CHILD_SNACK,3,21,2438,116.0952
SAN DIEGO,Sep 2016,CACF,2016,SANTEE SCHOOL DISTRICT,ATRISK_CHILD_SNACK_AM,3,21,903,43
SAN DIEGO,Sep 2016,CACF,2016,SANTEE SCHOOL DISTRICT,ATRISK_CHILD_SUPPER,3,21,3505,166.9048
SAN DIEGO,Aug 2016,CACF,2016,SELF DISCOVERY INC,CHILD_BREAKFAST,2,23,252,10.9565
SAN DIEGO,Aug 2016,CACF,2016,SELF DISCOVERY INC,CHILD_LUNCH,2,23,836,36.3478
SAN DIEGO,Aug 2016,CACF,2016,SELF DISCOVERY INC,CHILD_SNACK_AM,2,23,454,19.7391
SAN DIEGO,Aug 2016,CACF,2016,SELF DISCOVERY INC,CHILD_SNACK_PM,2,23,489,21.2609
SAN DIEGO,Aug 2016,CACF,2016,SELF DISCOVERY INC,CHILD_SUPPER,2,23,385,16.7391
SAN DIEGO,Sep 2016,CACF,2016,SELF DISCOVERY INC,CHILD_BREAKFAST,2,21,188,8.9524
SAN DIEGO,Sep 2016,CACF,2016,SELF DISCOVERY INC,CHILD_LUNCH,2,21,779,37.0952
SAN DIEGO,Sep 2016,CACF,2016,SELF DISCOVERY INC,CHILD_SNACK_AM,2,21,378,18
SAN DIEGO,Sep 2016,CACF,2016,SELF DISCOVERY INC,CHILD_SNACK_PM,2,21,526,25.0476
SAN DIEGO,Sep 2016,CACF,2016,SELF DISCOVERY INC,CHILD_SUPPER,2,21,397,18.9048
SAN DIEGO,Aug 2016,CACF,2016,South Bay Union School District,HS_CHILD_SNACK_AM,3,23,2245,97.6087
SAN DIEGO,Aug 2016,CACF,2016,South Bay Union School District,HS_CHILD_SNACK_PM,3,23,1315,57.1739
SAN DIEGO,Sep 2016,CACF,2016,South Bay Union School District,HS_CHILD_SNACK_AM,3,10,998,99.8
SAN DIEGO,Sep 2016,CACF,2016,South Bay Union School District,HS_CHILD_SNACK_PM,3,10,565,56.5
SAN DIEGO,Aug 2016,CACF,2016,SOUTHERN CALIF TRIBAL CHAIR ASSOC-RINCON COMM DAYCARE CTR,CHILD_BREAKFAST,1,23,173,7.5217
SAN DIEGO,Aug 2016,CACF,2016,SOUTHERN CALIF TRIBAL CHAIR ASSOC-RINCON COMM DAYCARE CTR,CHILD_LUNCH,1,23,312,13.5652
SAN DIEGO,Aug 2016,CACF,2016,SOUTHERN CALIF TRIBAL CHAIR ASSOC-RINCON COMM DAYCARE CTR,CHILD_SNACK_PM,1,23,153,6.6522
SAN DIEGO,Sep 2016,CACF,2016,SOUTHERN CALIF TRIBAL CHAIR ASSOC-RINCON COMM DAYCARE CTR,CHILD_BREAKFAST,1,21,224,10.6667
SAN DIEGO,Sep 2016,CACF,2016,SOUTHERN CALIF TRIBAL CHAIR ASSOC-RINCON COMM DAYCARE CTR,CHILD_LUNCH,1,21,233,11.0952
SAN DIEGO,Sep 2016,CACF,2016,SOUTHERN CALIF TRIBAL CHAIR ASSOC-RINCON COMM DAYCARE CTR,CHILD_SNACK_PM,1,21,116,5.5238
SAN DIEGO,Aug 2016,CACF,2016,SWEET BUSY BEES,CHILD_BREAKFAST,1,23,450,19.5652
SAN DIEGO,Aug 2016,CACF,2016,SWEET BUSY BEES,CHILD_LUNCH,1,23,450,19.5652
SAN DIEGO,Aug 2016,CACF,2016,SWEET BUSY BEES,CHILD_SNACK_AM,1,23,450,19.5652
SAN DIEGO,Sep 2016,CACF,2016,SWEET BUSY BEES,CHILD_BREAKFAST,1,21,378,18
SAN DIEGO,Sep 2016,CACF,2016,SWEET BUSY BEES,CHILD_LUNCH,1,21,378,18
SAN DIEGO,Sep 2016,CACF,2016,SWEET BUSY BEES,CHILD_SNACK_AM,1,21,378,18
SAN DIEGO,Aug 2016,CACF,2016,Sweetwater Union High School District,ATRISK_CHILD_SUPPER,16,23,32776,1425.0435
SAN DIEGO,Sep 2016,CACF,2016,Sweetwater Union High School District,ATRISK_CHILD_SUPPER,16,11,18510,1682.7273
SAN DIEGO,Aug 2016,CACF,2016,TUTOR TIME LEARNING CENTERS LLC,CHILD_BREAKFAST,7,23,7913,344.0435
SAN DIEGO,Aug 2016,CACF,2016,TUTOR TIME LEARNING CENTERS LLC,CHILD_LUNCH,7,23,10968,476.8696
SAN DIEGO,Aug 2016,CACF,2016,TUTOR TIME LEARNING CENTERS LLC,CHILD_SNACK_PM,7,23,9577,416.3913
SAN DIEGO,Aug 2016,CACF,2016,TUTOR TIME LEARNING CENTERS LLC,OSCH_CHILD_BREAKFAST,7,23,1420,61.7391
SAN DIEGO,Aug 2016,CACF,2016,TUTOR TIME LEARNING CENTERS LLC,OSCH_CHILD_LUNCH,7,23,1961,85.2609
SAN DIEGO,Aug 2016,CACF,2016,TUTOR TIME LEARNING CENTERS LLC,OSCH_CHILD_SNACK_PM,7,23,3655,158.913
SAN DIEGO,Sep 2016,CACF,2016,TUTOR TIME LEARNING CENTERS LLC,CHILD_BREAKFAST,7,21,7701,366.7143
SAN DIEGO,Sep 2016,CACF,2016,TUTOR TIME LEARNING CENTERS LLC,CHILD_LUNCH,7,21,10558,502.7619
SAN DIEGO,Sep 2016,CACF,2016,TUTOR TIME LEARNING CENTERS LLC,CHILD_SNACK_PM,7,21,9241,440.0476
SAN DIEGO,Sep 2016,CACF,2016,TUTOR TIME LEARNING CENTERS LLC,OSCH_CHILD_BREAKFAST,7,21,525,25
SAN DIEGO,Sep 2016,CACF,2016,TUTOR TIME LEARNING CENTERS LLC,OSCH_CHILD_LUNCH,7,21,891,42.4286
SAN DIEGO,Sep 2016,CACF,2016,TUTOR TIME LEARNING CENTERS LLC,OSCH_CHILD_SNACK_PM,7,21,3663,174.4286
SAN DIEGO,Aug 2016,CACF,2016,UNITED CHURCH/CHRIST LA MESA CHARLEY BROWNS CHILDREN CENTER,CHILD_BREAKFAST,1,23,1024,44.5217
SAN DIEGO,Aug 2016,CACF,2016,UNITED CHURCH/CHRIST LA MESA CHARLEY BROWNS CHILDREN CENTER,CHILD_LUNCH,1,23,1264,54.9565
SAN DIEGO,Aug 2016,CACF,2016,UNITED CHURCH/CHRIST LA MESA CHARLEY BROWNS CHILDREN CENTER,CHILD_SNACK_PM,1,23,1088,47.3043
SAN DIEGO,Sep 2016,CACF,2016,UNITED CHURCH/CHRIST LA MESA CHARLEY BROWNS CHILDREN CENTER,CHILD_BREAKFAST,1,21,989,47.0952
SAN DIEGO,Sep 2016,CACF,2016,UNITED CHURCH/CHRIST LA MESA CHARLEY BROWNS CHILDREN CENTER,CHILD_LUNCH,1,21,1177,56.0476
SAN DIEGO,Sep 2016,CACF,2016,UNITED CHURCH/CHRIST LA MESA CHARLEY BROWNS CHILDREN CENTER,CHILD_SNACK_PM,1,21,988,47.0476
SAN DIEGO,Aug 2016,CACF,2016,"University of California, San Diego",CHILD_BREAKFAST,1,23,1793,77.9565
SAN DIEGO,Aug 2016,CACF,2016,"University of California, San Diego",CHILD_LUNCH,1,23,3324,144.5217
SAN DIEGO,Aug 2016,CACF,2016,"University of California, San Diego",CHILD_SNACK_PM,1,23,3163,137.5217
SAN DIEGO,Sep 2016,CACF,2016,"University of California, San Diego",CHILD_BREAKFAST,1,20,1707,85.35
SAN DIEGO,Sep 2016,CACF,2016,"University of California, San Diego",CHILD_LUNCH,1,20,2868,143.4
SAN DIEGO,Sep 2016,CACF,2016,"University of California, San Diego",CHILD_SNACK_PM,1,20,2726,136.3
SAN DIEGO,Aug 2016,CACF,2016,VISIONS OF GOD CHRISTIAN FELLOWSHIP,CHILD_BREAKFAST,1,23,555,24.1304
SAN DIEGO,Aug 2016,CACF,2016,VISIONS OF GOD CHRISTIAN FELLOWSHIP,CHILD_LUNCH,1,23,743,32.3043
SAN DIEGO,Aug 2016,CACF,2016,VISIONS OF GOD CHRISTIAN FELLOWSHIP,CHILD_SNACK_PM,1,23,489,21.2609
SAN DIEGO,Sep 2016,CACF,2016,VISIONS OF GOD CHRISTIAN FELLOWSHIP,CHILD_BREAKFAST,1,20,424,21.2
SAN DIEGO,Sep 2016,CACF,2016,VISIONS OF GOD CHRISTIAN FELLOWSHIP,CHILD_LUNCH,1,20,550,27.5
SAN DIEGO,Sep 2016,CACF,2016,VISIONS OF GOD CHRISTIAN FELLOWSHIP,CHILD_SNACK_PM,1,20,502,25.1
SAN DIEGO,Aug 2016,CACF,2016,VISTA UNIFIED SCHOOL DISTRICT,ATRISK_CHILD_SUPPER,19,11,19644,1785.8182
SAN DIEGO,Sep 2016,CACF,2016,VISTA UNIFIED SCHOOL DISTRICT,ATRISK_CHILD_SUPPER,19,21,39483,1880.1429
SAN DIEGO,Aug 2016,CACF,2016,VOLUNTEERS OF AMERICA SOUTHWEST CA CORP,CHILD_BREAKFAST,1,23,2787,121.1739
SAN DIEGO,Aug 2016,CACF,2016,VOLUNTEERS OF AMERICA SOUTHWEST CA CORP,CHILD_LUNCH,1,23,2450,106.5217
SAN DIEGO,Aug 2016,CACF,2016,VOLUNTEERS OF AMERICA SOUTHWEST CA CORP,CHILD_SNACK_PM,1,23,1308,56.8696
SAN DIEGO,Aug 2016,CACF,2016,VOLUNTEERS OF AMERICA SOUTHWEST CA CORP,HS_CHILD_BREAKFAST,1,23,966,42
SAN DIEGO,Aug 2016,CACF,2016,VOLUNTEERS OF AMERICA SOUTHWEST CA CORP,HS_CHILD_LUNCH,1,23,1080,46.9565
SAN DIEGO,Aug 2016,CACF,2016,VOLUNTEERS OF AMERICA SOUTHWEST CA CORP,HS_CHILD_SNACK_PM,1,23,723,31.4348
SAN DIEGO,Sep 2016,CACF,2016,VOLUNTEERS OF AMERICA SOUTHWEST CA CORP,CHILD_BREAKFAST,1,21,2382,113.4286
SAN DIEGO,Sep 2016,CACF,2016,VOLUNTEERS OF AMERICA SOUTHWEST CA CORP,CHILD_LUNCH,1,21,2425,115.4762
SAN DIEGO,Sep 2016,CACF,2016,VOLUNTEERS OF AMERICA SOUTHWEST CA CORP,CHILD_SNACK_PM,1,21,1266,60.2857
SAN DIEGO,Sep 2016,CACF,2016,VOLUNTEERS OF AMERICA SOUTHWEST CA CORP,HS_CHILD_BREAKFAST,1,21,956,45.5238
SAN DIEGO,Sep 2016,CACF,2016,VOLUNTEERS OF AMERICA SOUTHWEST CA CORP,HS_CHILD_LUNCH,1,21,1072,51.0476
SAN DIEGO,Sep 2016,CACF,2016,VOLUNTEERS OF AMERICA SOUTHWEST CA CORP,HS_CHILD_SNACK_PM,1,21,683,32.5238
SAN DIEGO,Sep 2016,CACF,2016,Warner Unified School District,CHILD_SNACK_PM,1,22,132,6
SAN DIEGO,Aug 2016,CACF,2016,WESTERN CONSULTING & ANCILLARY SERVICES INC,ADULT_BREAKFAST,1,23,1684,73.2174
SAN DIEGO,Aug 2016,CACF,2016,WESTERN CONSULTING & ANCILLARY SERVICES INC,ADULT_LUNCH,1,23,1937,84.2174
SAN DIEGO,Aug 2016,CACF,2016,WESTERN CONSULTING & ANCILLARY SERVICES INC,ADULT_SNACK_PM,1,23,99,4.3043
SAN DIEGO,Sep 2016,CACF,2016,WESTERN CONSULTING & ANCILLARY SERVICES INC,ADULT_BREAKFAST,1,21,1659,79
SAN DIEGO,Sep 2016,CACF,2016,WESTERN CONSULTING & ANCILLARY SERVICES INC,ADULT_LUNCH,1,21,1784,84.9524
SAN DIEGO,Sep 2016,CACF,2016,WESTERN CONSULTING & ANCILLARY SERVICES INC,ADULT_SNACK_PM,1,21,99,4.7143
SAN DIEGO,Aug 2016,CACF,2016,YWCA OF SAN DIEGO COUNTY,ES_CHILD_BREAKFAST,1,31,699,22.5484
SAN DIEGO,Aug 2016,CACF,2016,YWCA OF SAN DIEGO COUNTY,ES_CHILD_SNACK_PM,1,31,360,11.6129
SAN DIEGO,Aug 2016,CACF,2016,YWCA OF SAN DIEGO COUNTY,ES_CHILD_SUPPER,1,31,669,21.5806
SAN DIEGO,Sep 2016,CACF,2016,YWCA OF SAN DIEGO COUNTY,ES_CHILD_BREAKFAST,1,30,610,20.3333
SAN DIEGO,Sep 2016,CACF,2016,YWCA OF SAN DIEGO COUNTY,ES_CHILD_SNACK_PM,1,30,416,13.8667
SAN DIEGO,Sep 2016,CACF,2016,YWCA OF SAN DIEGO COUNTY,ES_CHILD_SUPPER,1,30,652,21.7333
