sitename1,sitename2,sitename3,sponsorname1,sponsorname2,sponsorname3
37 ECB,,,,SAN DIEGO COUNTY OFFICE OF EDUCATION,
A.B & JESSIE POLINSKY CHILDREN'S CENTER,,,,SAN DIEGO COUNTY DEPT. OF SOCIAL SERVICES,
ABRAXAS CONTINUATION HIGH,,,POWAY UNIFIED,POWAY UNIFIED,
ADA W. HARRIS ELEMENTARY,,,CARDIFF ELEMENTARY,CARDIFF ELEMENTARY,
ADAMS ELEMENTARY,,,SAN DIEGO UNIFIED,SAN DIEGO UNIFIED,
ADOBE BLUFFS ELEMENTARY,,,POWAY UNIFIED,POWAY UNIFIED,
ALAMOSA PARK ELEMENTARY,,,VISTA UNIFIED,VISTA UNIFIED,
ALBA,ALBA-ANNEX,,SAN DIEGO UNIFIED,SAN DIEGO UNIFIED,
ALBERT EINSTEIN ACADEMY CHARTER ELEMENTARY,ALBERT EINSTEIN ACADEMY CHARTER ELEMENTARY,,SAN DIEGO UNIFIED,ALBERT EINSTEIN ACADEMIES,
ALBERT EINSTEIN ACADEMY CHARTER MIDDLE,,,SAN DIEGO UNIFIED,ALBERT EINSTEIN ACADEMIES,
ALBERT EINSTEIN ACADEMY ELEMENTARY,,,,"ALBERT EINSTEIN ACADEMY FOR LETTERS, ARTS SCIENCES (AEALAS)",
"ALBERT EINSTEIN ACADEMY FOR LETTERS, ARTS & SCIENCES - AGUA DULC",,,,"ALBERT EINSTEIN ACADEMY FOR LETTERS, ARTS SCIENCES (AEALAS)",
"ALBERT EINSTEIN ACADEMY FOR LETTERS, ARTS & SCIENCES - ODYSSEY",,,,"ALBERT EINSTEIN ACADEMY FOR LETTERS, ARTS SCIENCES (AEALAS)",
"ALBERT EINSTEIN ACADEMY FOR LETTERS, ARTS AND SCIENCES",,,,"ALBERT EINSTEIN ACADEMY FOR LETTERS, ARTS SCIENCES (AEALAS)",
ALCOTT ELEMENTARY,,,SAN DIEGO UNIFIED,SAN DIEGO UNIFIED,
ALL TRIBES CHARTER,,,WARNER UNIFIED,,
ALL TRIBES ELEMENTARY CHARTER,,,WARNER UNIFIED,,
ALLEN (ELLA B.) ELEMENTARY,,,CHULA VISTA ELEMENTARY,CHULA VISTA ELEMENTARY,
ALPINE ELEMENTARY,,,ALPINE UNION ELEMENTARY,ALPINE UNION ELEMENTARY,
ALTA VISTA ACADEMY,,,SWEETWATER UNION HIGH,,
ALTA VISTA HIGH (CONTINUATION),,,VISTA UNIFIED,VISTA UNIFIED,
ALVIN M. DUNN ELEMENTARY,,,SAN MARCOS UNIFIED,SAN MARCOS UNIFIED,
AMERICA'S FINEST CHARTER,,,SAN DIEGO UNIFIED,AMERICA'S FINEST CHARTER  SCHOOL,
ANGIER ELEMENTARY,,,SAN DIEGO UNIFIED,SAN DIEGO UNIFIED,
ANZA ELEMENTARY,,,CAJON VALLEY UNION,CAJON VALLEY UNION,
ARROYO PASEO CHARTER HIGH,,,SAN DIEGO UNIFIED,SAN DIEGO UNIFIED,
ARROYO VISTA CHARTER,,,CHULA VISTA ELEMENTARY,CHULA VISTA ELEMENTARY,
ASELTINE,ASELTINE SCHOOL,,SAN DIEGO UNIFIED,SAN DIEGO UNIFIED,
ASHLEY FALLS ELEMENTARY,,,DEL MAR UNION ELEMENTARY,DEL MAR UNION ELEMENTARY,
AUDEO CHARTER,,,SAN DIEGO UNIFIED,,
AUDEO CHARTER II,,,SBE - AUDEO CHARTER II,,
AUDUBON K-8,,,SAN DIEGO UNIFIED,SAN DIEGO UNIFIED,
AUTUMN,,,,NEW HAVEN YOUTH AND FAMILY SERVICES,
AVIARA OAKS ELEMENTARY,,,CARLSBAD UNIFIED,CARLSBAD UNIFIED,
AVIARA OAKS MIDDLE,,,CARLSBAD UNIFIED,CARLSBAD UNIFIED,
AVOCADO ELEMENTARY,,,CAJON VALLEY UNION,CAJON VALLEY UNION,
AVONDALE ELEMENTARY,,,LA MESA-SPRING VALLEY,LA MESA-SPRING VALLEY,
BAKER ELEMENTARY,,,SAN DIEGO UNIFIED,SAN DIEGO UNIFIED,
BALBOA CITY SCHOOL-ANNEX,,,,SAN DIEGO UNIFIED,
BALBOA ELEMENTARY,,,SAN DIEGO UNIFIED,SAN DIEGO UNIFIED,
BANCROFT ELEMENTARY,,,LA MESA-SPRING VALLEY,LA MESA-SPRING VALLEY,
BANDINI ELEMENTARY,EMERSON/BANDINI ELEMENTARY,,,SAN DIEGO UNIFIED,
BANDINI PRIMARY,EMERSON/BANDINI ELEMENTARY,,,SAN DIEGO UNIFIED,
BARNARD ELEMENTARY,,,SAN DIEGO UNIFIED,SAN DIEGO UNIFIED,
BARNETT ELEMENTARY,,,RAMONA CITY UNIFIED,RAMONA CITY UNIFIED,
BARRETT,,,,SAN DIEGO CO PROBATION DEPT,
BAY PARK ELEMENTARY,,,SAN DIEGO UNIFIED,SAN DIEGO UNIFIED,
BAY POINT PRE K,,,,SAN DIEGO UNIFIED,
BAYSHORE PREPARATORY CHARTER,,,SAN MARCOS UNIFIED,,
BAYSIDE BLENDED COMMUNITY SCHOOL,,,,SAN DIEGO COUNTY OFFICE OF EDUCATION,
BAYSIDE ELEMENTARY,,,SOUTH BAY UNION,,
BAYSIDE STEAM ACADEMY,,,SOUTH BAY UNION,SOUTH BAY UNION,
BAYVIEW CDC,,,,SAN DIEGO UNIFIED,
BEACON CLASSICAL ACADEMY NATIONAL CITY,BEACON CLASSICAL ACADEMY NATIONAL CITY,,NATIONAL ELEMENTARY,"BEACON CLASSICAL ACADEMY, INC.",
BEAR VALLEY MIDDLE,,,ESCONDIDO UNION,ESCONDIDO UNION,
BEAUMONT ELEMENTARY,,,VISTA UNIFIED,VISTA UNIFIED,
BELL MIDDLE,,,SAN DIEGO UNIFIED,SAN DIEGO UNIFIED,
BELLA MENTE MONTESSORI ACADEMY,BELLA MENTE MONTESSORI ACADEMY,,VISTA UNIFIED,BELLA MENTE CHARTER SCHOOL,
BENCHLEY/WEINBERGER ELEMENTARY,,,SAN DIEGO UNIFIED,SAN DIEGO UNIFIED,
BERNARDO ELEMENTARY,,,ESCONDIDO UNION,ESCONDIDO UNION,
BERNARDO HEIGHTS MIDDLE,,,POWAY UNIFIED,POWAY UNIFIED,
BETHUNE K-8,,,SAN DIEGO UNIFIED,SAN DIEGO UNIFIED,
BIRD ROCK ELEMENTARY,,,SAN DIEGO UNIFIED,SAN DIEGO UNIFIED,
BIRNEY ELEMENTARY,,,SAN DIEGO UNIFIED,SAN DIEGO UNIFIED,
BLACK MOUNTAIN MIDDLE,,,POWAY UNIFIED,POWAY UNIFIED,
BLESSED SACRAMENT ELEMENTARY,,,,GROSSMONT UNION HIGH,
BLOSSOM VALLEY ELEMENTARY,,,CAJON VALLEY UNION,CAJON VALLEY UNION,
BOBIER ELEMENTARY,,,VISTA UNIFIED,VISTA UNIFIED,
BONITA VISTA MIDDLE,,,SWEETWATER UNION HIGH,SWEETWATER UNION HIGH,
BONITA VISTA SENIOR HIGH,,,SWEETWATER UNION HIGH,SWEETWATER UNION HIGH,
BONSALL ELEMENTARY,,,BONSALL UNIFIED,BONSALL UNION ELEMENTARY,
BONSALL HIGH,,,BONSALL UNIFIED,BONSALL UNIFIED,
BONSALL WEST ELEMENTARY,,,BONSALL UNIFIED,BONSALL UNION ELEMENTARY,
BOONE ELEMENTARY,,,SAN DIEGO UNIFIED,SAN DIEGO UNIFIED,
BORREGO SPRINGS ELEMENTARY,,,BORREGO SPRINGS UNIFIED,BORREGO SPRINGS UNIFIED,
BORREGO SPRINGS HIGH,,,BORREGO SPRINGS UNIFIED,BORREGO SPRINGS UNIFIED,
BORREGO SPRINGS MIDDLE,,,BORREGO SPRINGS UNIFIED,BORREGO SPRINGS UNIFIED,
BOSTONIA ELEMENTARY,BOSTONIA LANGUAGE ACADEMY,,CAJON VALLEY UNION,CAJON VALLEY UNION,
BOULDER OAKS ELEMENTARY,,,ALPINE UNION ELEMENTARY,ALPINE UNION ELEMENTARY,
BREEZE HILL ELEMENTARY,,,VISTA UNIFIED,VISTA UNIFIED,
BROOKLYN CDC,,,,SAN DIEGO UNIFIED,
BUENA VISTA ELEMENTARY,,,CARLSBAD UNIFIED,CARLSBAD UNIFIED,
BURBANK ELEMENTARY,,,SAN DIEGO UNIFIED,SAN DIEGO UNIFIED,
CABRILLO ELEMENTARY,,,SAN DIEGO UNIFIED,SAN DIEGO UNIFIED,
CADMAN ELEMENTARY,,,SAN DIEGO UNIFIED,SAN DIEGO UNIFIED,
CAJON PARK ELEMENTARY,,,SANTEE,SANTEE,
CAJON VALLEY MIDDLE,,,CAJON VALLEY UNION,CAJON VALLEY UNION,
CALAVERA HILLS ELEMENTARY,,,CARLSBAD UNIFIED,CARLSBAD UNIFIED,
CALAVERA HILLS MIDDLE,,,CARLSBAD UNIFIED,CARLSBAD UNIFIED,
CALIFORNIA AVENUE ELEMENTARY,,,VISTA UNIFIED,,
CALIFORNIA PACIFIC CHARTER - SAN DIEGO,,,WARNER UNIFIED,,
CALIFORNIA PACIFIC CHARTER SCHOOLS - SAN DIEGO,,,WARNER UNIFIED,,
CALIFORNIA VIRTUAL ACADEMY @ SAN DIEGO,,,SPENCER VALLEY ELEMENTARY,,
CALVIN CHRISTIAN,,,,CALVIN CHRISTIAN SCHOOL,
CALVIN CHRISTIAN SCHOOL -ANNEX,,,,CALVIN CHRISTIAN SCHOOL,
CAMARENA (ENRIQUE S.) ELEMENTARY,,,CHULA VISTA ELEMENTARY,CHULA VISTA ELEMENTARY,
CAMP CUYAMACA,,,,SAN DIEGO COUNTY OFFICE OF EDUCATION,
CAMP LOCKETT MIDDLE,,,MOUNTAIN EMPIRE UNIFIED,MOUNTAIN EMPIRE UNIFIED,
CAMPO ELEMENTARY,,,MOUNTAIN EMPIRE UNIFIED,MOUNTAIN EMPIRE UNIFIED,
CAMPO HEADSTART CENTER,,,,MOUNTAIN EMPIRE UNIFIED,
CAMPO HIGH (CONTINUATION),,,MOUNTAIN EMPIRE UNIFIED,MOUNTAIN EMPIRE UNIFIED,
CANYON CREST ACADEMY,,,SAN DIEGUITO UNION HIGH,SAN DIEGUITO UNION HIGH,
CANYON VIEW ELEMENTARY,,,POWAY UNIFIED,POWAY UNIFIED,
CAPRI ELEMENTARY,,,ENCINITAS UNION ELEMENTARY,ENCINITAS UNION ELEMENTARY,
CARDIFF ELEMENTARY,,,CARDIFF ELEMENTARY,CARDIFF ELEMENTARY,
CARLSBAD HIGH,,,CARLSBAD UNIFIED,CARLSBAD UNIFIED,
CARLSBAD VILLAGE ACADEMY,,,CARLSBAD UNIFIED,CARLSBAD UNIFIED,
CARLTON HILLS ELEMENTARY,,,SANTEE,SANTEE,
CARLTON OAKS ELEMENTARY,,,SANTEE,SANTEE,
CARMEL CREEK ELEMENTARY,,,SOLANA BEACH ELEMENTARY,SOLANA BEACH ELEMENTARY,
CARMEL DEL MAR ELEMENTARY,,,DEL MAR UNION ELEMENTARY,DEL MAR UNION ELEMENTARY,
CARMEL VALLEY MIDDLE,,,SAN DIEGUITO UNION HIGH,SAN DIEGUITO UNION HIGH,
CARRILLO ELEMENTARY,,,SAN MARCOS UNIFIED,SAN MARCOS UNIFIED,
CARSON ELEMENTARY,,,SAN DIEGO UNIFIED,SAN DIEGO UNIFIED,
CARVER ELEMENTARY,,,SAN DIEGO UNIFIED,SAN DIEGO UNIFIED,
CASA DE ORO ELEMENTARY,,,LA MESA-SPRING VALLEY,LA MESA-SPRING VALLEY,
CASILLAS (JOSEPH) ELEMENTARY,,,CHULA VISTA ELEMENTARY,CHULA VISTA ELEMENTARY,
CASITA CENTER FOR SCIENCE/MATH/TECHNOLOGY,,,VISTA UNIFIED,VISTA UNIFIED,
CASTLE PARK ELEMENTARY,,,CHULA VISTA ELEMENTARY,CHULA VISTA ELEMENTARY,
CASTLE PARK MIDDLE,,,SWEETWATER UNION HIGH,SWEETWATER UNION HIGH,
CASTLE PARK SENIOR HIGH,,,SWEETWATER UNION HIGH,SWEETWATER UNION HIGH,
CENTER FOR POSITIVE CHANGES,,,,CENTER FOR POSITIVE CHANGES INC.,
CENTER FOR POSITIVE CHANGES 5,,,,CENTER FOR POSITIVE CHANGES INC.,
CENTER FOR POSITIVE CHANGES II,,,,CENTER FOR POSITIVE CHANGES INC.,
CENTER FOR POSITIVE CHANGES III-ANNEX,,,,CENTER FOR POSITIVE CHANGES INC.,
CENTRAL ELEMENTARY,,,ESCONDIDO UNION,ESCONDIDO UNION,
CENTRAL ELEMENTARY,,,NATIONAL ELEMENTARY,NATIONAL ELEMENTARY,
CENTRAL ELEMENTARY,,,SAN DIEGO UNIFIED,SAN DIEGO UNIFIED,
CENTRAL ELEMENTARY,,,SOUTH BAY UNION,SOUTH BAY UNION,
CENTRAL PRESCHOOL,,,,ESCONDIDO UNION,
CESAR CHAVEZ MIDDLE,,,OCEANSIDE UNIFIED,OCEANSIDE UNIFIED,
CHALLENGER MIDDLE,,,SAN DIEGO UNIFIED,SAN DIEGO UNIFIED,
CHAPARRAL ELEMENTARY,,,POWAY UNIFIED,POWAY UNIFIED,
CHAPARRAL HIGH,,,GROSSMONT UNION HIGH,GROSSMONT UNION HIGH,
CHARTER SCHOOL OF SAN DIEGO,,,SAN DIEGO UNIFIED,,
CHASE AVENUE ELEMENTARY,,,CAJON VALLEY UNION,CAJON VALLEY UNION,
CHAVEZ ELEMENTARY,,,SAN DIEGO UNIFIED,SAN DIEGO UNIFIED,
CHEROKEE POINT ELEMENTARY,,,SAN DIEGO UNIFIED,SAN DIEGO UNIFIED,
CHESTERTON ELEMENTARY,,,SAN DIEGO UNIFIED,SAN DIEGO UNIFIED,
CHET F. HARRITT ELEMENTARY,,,SANTEE,SANTEE,
CHILDREN'S WORKSHOP,,,,SAN DIEGO UNIFIED,
CHOICE COMMUNITY SCHOOL,,,,SAN DIEGO COUNTY OFFICE OF EDUCATION,
CHOLLAS/MEAD ELEMENTARY,,,SAN DIEGO UNIFIED,SAN DIEGO UNIFIED,
CHRISTA MCAULIFFE ELEMENTARY,,,OCEANSIDE UNIFIED,OCEANSIDE UNIFIED,
CHULA VISTA HILLS ELEMENTARY,,,CHULA VISTA ELEMENTARY,CHULA VISTA ELEMENTARY,
CHULA VISTA LEARNING COMMUNITY CHARTER,,,CHULA VISTA ELEMENTARY,CHULA VISTA ELEMENTARY,
CHULA VISTA MIDDLE,,,SWEETWATER UNION HIGH,SWEETWATER UNION HIGH,
CHULA VISTA SENIOR HIGH,,,SWEETWATER UNION HIGH,SWEETWATER UNION HIGH,
CIRCLE OF FRIENDS,,,,CIRCLE OF FRIENDS,
CIRCLE OF FRIENDS II,,,,CIRCLE OF FRIENDS,
CITY HEIGHTS PREPARATORY CHARTER,,,SAN DIEGO UNIFIED,,
CITY HEIGHTS PREPARATORY CHARTER,,,,CITY HEIGHTS PREPARATORY CHARTER SCHOOL,
CLAIR W. BURGENER ACADEMY,,,,OCEANSIDE UNIFIED,
CLAIREMONT HIGH,,,SAN DIEGO UNIFIED,SAN DIEGO UNIFIED,
CLARK MIDDLE,,,SAN DIEGO UNIFIED,SAN DIEGO UNIFIED,
CLAY ELEMENTARY,,,SAN DIEGO UNIFIED,SAN DIEGO UNIFIED,
CLEAR VIEW,,,CHULA VISTA ELEMENTARY,CHULA VISTA ELEMENTARY,
CLOVER FLAT ELEMENTARY,,,MOUNTAIN EMPIRE UNIFIED,MOUNTAIN EMPIRE UNIFIED,
COL. SALOMON CDC,,,,SAN DIEGO UNIFIED,
COLEMAN TECH CHARTER HIGH,,,SAN DIEGO UNIFIED,,
COLLEGE PREPARATORY MIDDLE,COLLEGE PREPARATORY MIDDLE - LA MESA SPRING VALLEY,,MOUNTAIN EMPIRE UNIFIED,LA MESA-SPRING VALLEY,SBE - COLLEGE PREPARATORY MIDDLE - LA MESA SPRING VALLEY
COLLEGE PREPARATORY MIDDLE - EAST COUNTY,,,MOUNTAIN EMPIRE UNIFIED,GROSSMONT UNION HIGH,
COLLEGE PREPARATORY MIDDLE SCHOOL,,,,GROSSMONT UNION HIGH,
CONWAY ELEMENTARY,,,ESCONDIDO UNION,ESCONDIDO UNION,
CONWAY PRESCHOOL,,,,ESCONDIDO UNION,
COOK (HAZEL GOES) ELEMENTARY,,,CHULA VISTA ELEMENTARY,CHULA VISTA ELEMENTARY,
COOK EDUCATION CENTER,,,,SAN DIEGO UNIFIED,
CORONADO HIGH,,,CORONADO UNIFIED,CORONADO UNIFIED,
CORONADO MIDDLE,,,CORONADO UNIFIED,CORONADO UNIFIED,
CORONADO VILLAGE ELEMENTARY,,,CORONADO UNIFIED,CORONADO UNIFIED,
CORREIA MIDDLE,,,SAN DIEGO UNIFIED,SAN DIEGO UNIFIED,
COTTONWOOD COMMUNITY DAY,,,MOUNTAIN EMPIRE UNIFIED,MOUNTAIN EMPIRE UNIFIED,
CRAWFORD HIGH,,,SAN DIEGO UNIFIED,SAN DIEGO UNIFIED,
CREATIVE PERFORMING AND MEDIA ARTS,,,,SAN DIEGO UNIFIED,
"CREATIVE, PERFORMING, AND MEDIA ARTS",,,SAN DIEGO UNIFIED,SAN DIEGO UNIFIED,
CREEKSIDE EARLY LEARNING CENTER,,,ALPINE UNION ELEMENTARY,ALPINE UNION ELEMENTARY,
CREEKSIDE ELEMENTARY,,,POWAY UNIFIED,POWAY UNIFIED,
CREST ELEMENTARY,,,CAJON VALLEY UNION,CAJON VALLEY UNION,
CROWN POINT ELEMENTARY,,,SAN DIEGO UNIFIED,SAN DIEGO UNIFIED,
CTEC INDEPENDENT STUDY,,,,SAN DIEGO COUNTY OFFICE OF EDUCATION,
CUBBERLEY ELEMENTARY,,,SAN DIEGO UNIFIED,SAN DIEGO UNIFIED,
CURIE ELEMENTARY,,,SAN DIEGO UNIFIED,SAN DIEGO UNIFIED,
CUYAMACHA PREP COMMUNITY SCHOOL,,,,SAN DIEGO COUNTY OFFICE OF EDUCATION,
DAILARD ELEMENTARY,,,SAN DIEGO UNIFIED,SAN DIEGO UNIFIED,
DANA,,,SAN DIEGO UNIFIED,SAN DIEGO UNIFIED,
DARNALL CHARTER,,,SAN DIEGO UNIFIED,SAN DIEGO UNIFIED,
DE PORTOLA MIDDLE,,,SAN DIEGO UNIFIED,SAN DIEGO UNIFIED,
DEER CANYON ELEMENTARY,,,POWAY UNIFIED,POWAY UNIFIED,
DEHESA ELEMENTARY,,,DEHESA ELEMENTARY,DEHESA ELEMENTARY,
DEL DIOS ACADEMY OF ARTS AND SCIENCES,,,ESCONDIDO UNION,ESCONDIDO UNION,
DEL LAGO ACADEMY - CAMPUS OF APPLIED SCIENCE,,,ESCONDIDO UNION HIGH,ESCONDIDO UNION HIGH,
DEL MAR HEIGHTS ELEMENTARY,,,DEL MAR UNION ELEMENTARY,DEL MAR UNION ELEMENTARY,
DEL MAR HILLS ELEMENTARY,,,DEL MAR UNION ELEMENTARY,DEL MAR UNION ELEMENTARY,
DEL NORTE HIGH,,,POWAY UNIFIED,POWAY UNIFIED,
DEL RIO ELEMENTARY,,,OCEANSIDE UNIFIED,OCEANSIDE UNIFIED,
DEL SUR ELEMENTARY,,,POWAY UNIFIED,POWAY UNIFIED,
DESCANSO ELEMENTARY,,,MOUNTAIN EMPIRE UNIFIED,MOUNTAIN EMPIRE UNIFIED,
DESIGN 39 CAMPUS,,,POWAY UNIFIED,POWAY UNIFIED,
DEWEY CDC,,,,SAN DIEGO UNIFIED,
DEWEY ELEMENTARY,,,SAN DIEGO UNIFIED,SAN DIEGO UNIFIED,
DIEGUENO MIDDLE,,,SAN DIEGUITO UNION HIGH,SAN DIEGUITO UNION HIGH,
DINGEMAN ELEMENTARY,,,SAN DIEGO UNIFIED,SAN DIEGO UNIFIED,
DISCOVERY CHARTER,,,CHULA VISTA ELEMENTARY,CHULA VISTA ELEMENTARY,
DISCOVERY ELEMENTARY,,,SAN MARCOS UNIFIED,SAN MARCOS UNIFIED,
DISTRICT OFFICE,,,SWEETWATER UNION HIGH,,
SAN DIEGUITO HS ACADEMY,SAN DIEGUITO HIGH ACADEMY,,SAN DIEGUITO UNION HIGH,SAN DIEGUITO UNION HIGH,
HIGH TECH HIGH NORTH COUNTY,HIGH TECH HIGH NORTH COUNTY-ANNEX,,SBC - HIGH TECH HIGH,SAN MARCOS UNIFIED,
BREAKING CYCLES,,,,SAN MARCOS UNIFIED,
LA MIRADA ACADEMY,,,,SAN MARCOS UNIFIED,
NORTH REGION COMMUNITY DAY SCHOOLS,,,,SAN MARCOS UNIFIED,
TEEN OUTREACH NORTH,,,,SAN MARCOS UNIFIED,
PROSPECT PRESCHOOL,,,,SANTEE,
INDIAN HILLS CAMP,,,,SHILOAH SPRINGS BIBLE RETREAT,
HIGH TECH MIDDLE CHULA VISTA,HIGH TECH MIDDLE CHULA VISTA,,SBC - HIGH TECH HIGH,SOUTH BAY UNION,
HIGH TECH HIGH SCHOOL-CHULA VISTA,HIGH TECH HIGH CHULA VISTA,,SBC - HIGH TECH HIGH,SOUTH BAY UNION,HIGH TECH HIGH CHARTER SCHOOL
VIP VILLAGE PRESCHOOL,,,,SOUTH BAY UNION,
WEST VIEW EARLY LEARNING CENTER,,,,SOUTH BAY UNION,
ST. DIDACUS  SCHOOL,,,,ST DIDACUS SCHOOL,
ST. DIDACUS PARISH SCHOOL,,,,ST DIDACUS SCHOOL,
ST. MICHAEL'S SCHOOL,,,,ST MICHAELS SCHOOL,
ST. PATRICK CATHOLIC SCHOOL,,,,ST PATRICKS SCHOOL,
ST. PATRICK'S ELEMENTARY,,,,ST PATRICKS SCHOOL,
ST. RITA'S SCHOOL,,,,ST RITAS SCHOOL,
MONTGOMERY ADULT,MONTGOMERY SENIOR HIGH,,SWEETWATER UNION HIGH,SWEETWATER UNION HIGH,
"STEPHEN W. HAWKING II SCIENCE, TECHNOLOGY, ENGINEERING, ART AND ","STEPHEN W. HAWKING II SCIENCE, TECHNOLOGY, ENGINEERING, ART AND MATH CHARTER",,SWEETWATER UNION HIGH,SWEETWATER UNION HIGH,
CHULA VISTA COMMUNITY,,,,SWEETWATER UNION HIGH,
COMMUNITY DAY SCHOOL,,,,SWEETWATER UNION HIGH,
COMMUNITY YOUTH ATHLETICS CENTER,,,,SWEETWATER UNION HIGH,
SAILS,,,,SWEETWATER UNION HIGH,
SAN YSIDRO ADULT EDUCATION CENTER,,,,SWEETWATER UNION HIGH,
SOUTH BAY COMMUNITY SCHOOL,,,,SWEETWATER UNION HIGH,
SOUTH REGION COMMUNITY DAY SCHOOLS,,,,SWEETWATER UNION HIGH,
STEP PROGRAM,,,,SWEETWATER UNION HIGH,
VICTORIA COMMUNITY SCHOOL,,,,SWEETWATER UNION HIGH,
THRIVE PUBLIC,THRIVE PUBLIC,,SBE - THRIVE PUBLIC,THRIVE PUBLIC SCHOOLS,
THRIVE PUBLIC SCHOOLS - HIGH SCHOOL,,,,THRIVE PUBLIC SCHOOLS,
THRIVE PUBLIC SCHOOLS - JUANITA CAMPUS-ANNEX,,,,THRIVE PUBLIC SCHOOLS,
THRIVE PUBLIC SCHOOLS - KROC CAMPUS-ANNEX,,,,THRIVE PUBLIC SCHOOLS,
VALLEY CENTER ELEMENTARY,VALLEY CENTER ELEMENTARY LOWER,,VALLEY CENTER-PAUMA UNIFIED,VALLEY CENTER-PAUMA UNIFIED,
CALIFORNIA/SP ED,,,,VISTA UNIFIED,
SUMMIT NORTH,,,,VISTA UNIFIED,
T.H.E LEADERSHIP ACADEMY,,,,VISTA UNIFIED,
BALLINGTON ACADEMY FOR THE ARTS AND SCIENCES,,,,VOLUNTEERS OF AMERICA,
BALLINGTON ACADEMY FOR THE ARTS AND SCIENCES - SAN BERNARDINO,,,,VOLUNTEERS OF AMERICA,
CAMP MARSTON,,,,YMCA OF SAN DIEGO COUNTY,
CAMP SURF,,,,YMCA OF SAN DIEGO COUNTY,
NORTH COAST PROJECT OZ,,,,YMCA OF SAN DIEGO COUNTY,
OZ-SAN DIEGO,,,,YMCA OF SAN DIEGO COUNTY,
ENDEAVOUR ACADEMY,,,ALPINE UNION ELEMENTARY,,
MOUNTAIN VIEW LEARNING ACADEMY,,,ALPINE UNION ELEMENTARY,,
"NONPUBLIC, NONSECTARIAN SCHOOLS",,,BONSALL UNIFIED,,
PATHWAYS ACADEMY CHARTER,,,BONSALL UNIFIED,,
DIEGO SPRINGS ACADEMY,,,BORREGO SPRINGS UNIFIED,,
JUAN BAUTISTA DE ANZA,,,BORREGO SPRINGS UNIFIED,,
JUAN BAUTISTA DE ANZA CHARTER,,,BORREGO SPRINGS UNIFIED,,
OXFORD PREPARATORY ACADEMY,,,BORREGO SPRINGS UNIFIED,,
PALM CANYON CONTINUATION HIGH,,,BORREGO SPRINGS UNIFIED,,
SAN DIEGO WORKFORCE INNOVATION HIGH,,,BORREGO SPRINGS UNIFIED,,
BOSTONIA ELEMENTARY,BOSTONIA LANGUAGE ACADEMY,,CAJON VALLEY UNION,,
CAJON VALLEY COMMUNITY DAY,,,CAJON VALLEY UNION,,
CAJON VALLEY HOME,,,CAJON VALLEY UNION,,
"NONPUBLIC, NONSECTARIAN SCHOOLS",,,CAJON VALLEY UNION,,
"NONPUBLIC, NONSECTARIAN SCHOOLS",,,CARDIFF ELEMENTARY,,
CARLSBAD SEASIDE ACADEMY,,,CARLSBAD UNIFIED,,
"NONPUBLIC, NONSECTARIAN SCHOOLS",,,CARLSBAD UNIFIED,,
"NONPUBLIC, NONSECTARIAN SCHOOLS",,,CHULA VISTA ELEMENTARY,,
CORONADO PATHWAYS CHARTER,,,CORONADO UNIFIED,,
"NONPUBLIC, NONSECTARIAN SCHOOLS",,,CORONADO UNIFIED,,
PALM ACADEMY FOR LEARNING,,,CORONADO UNIFIED,,
CALIFORNIA ACADEMY OF SPORTS SCIENCE,,,DEHESA ELEMENTARY,,
COMMUNITY MONTESSORI CHARTER,,,DEHESA ELEMENTARY,,
DEHESA CHARTER,,,DEHESA ELEMENTARY,,
DIEGO HILLS CENTRAL PUBLIC CHARTER,,,DEHESA ELEMENTARY,,
DIEGO HILLS CHARTER,,,DEHESA ELEMENTARY,,
INSPIRE CHARTER SCHOOL - SOUTH,,,DEHESA ELEMENTARY,,
LEARNING LATITUDES CHARTER,,,DEHESA ELEMENTARY,,
METHODSCHOOLS,,,DEHESA ELEMENTARY,,
MOSAICA ONLINE ACADEMY OF SOUTHERN CALIFORNIA,,,DEHESA ELEMENTARY,,
THE HEIGHTS CHARTER,,,DEHESA ELEMENTARY,,
VALIANT ACADEMY DESD,,,DEHESA ELEMENTARY,,
VALIANT ACADEMY OF SOUTHERN CALIFORNIA,,,DEHESA ELEMENTARY,,
"NONPUBLIC, NONSECTARIAN SCHOOLS",,,DEL MAR UNION ELEMENTARY,,
"NONPUBLIC, NONSECTARIAN SCHOOLS",,,ENCINITAS UNION ELEMENTARY,,
CLASSICAL ACADEMY,,,ESCONDIDO UNION,,
HERITAGE DIGITAL ACADEMY CHARTER MIDDLE,,,ESCONDIDO UNION,,
HERITAGE K-8 CHARTER,,,ESCONDIDO UNION,,
CLASSICAL ACADEMY HIGH,,,ESCONDIDO UNION HIGH,,
ESCONDIDO CHARTER HIGH,,,ESCONDIDO UNION HIGH,,
"NONPUBLIC, NONSECTARIAN SCHOOLS",,,ESCONDIDO UNION HIGH,,
IOWA STREET,,,FALLBROOK UNION ELEMENTARY,,
"NONPUBLIC, NONSECTARIAN SCHOOLS",,,FALLBROOK UNION ELEMENTARY,,
"NONPUBLIC, NONSECTARIAN SCHOOLS",,,FALLBROOK UNION HIGH,,
IDEA CENTER,,,GROSSMONT UNION HIGH,,
"NONPUBLIC, NONSECTARIAN SCHOOLS",,,GROSSMONT UNION HIGH,,
GREATER SAN DIEGO ACADEMY,,,JAMUL-DULZURA UNION ELEMENTARY,,
"NONPUBLIC, NONSECTARIAN SCHOOLS",,,JAMUL-DULZURA UNION ELEMENTARY,,
BEACON CLASSICAL ACADEMY ELEMENTARY CHARTER,,,JULIAN UNION ELEMENTARY,,
DIEGO VALLEY CHARTER,DIEGO VALLEY EAST PUBLIC CHARTER,,JULIAN UNION ELEMENTARY,,
HARBOR SPRINGS CHARTER,,,JULIAN UNION ELEMENTARY,,
JULIAN CHARTER,,,JULIAN UNION ELEMENTARY,,
"NONPUBLIC, NONSECTARIAN SCHOOLS",,,JULIAN UNION ELEMENTARY,,
"NONPUBLIC, NONSECTARIAN SCHOOLS",,,JULIAN UNION HIGH,,
REDDING (RAY) HIGH (CONTINUATION),,,JULIAN UNION HIGH,,
DISTRICT OFFICE,,,LA MESA-SPRING VALLEY,,
KEMPTON STREET ELEMENTARY,,,LA MESA-SPRING VALLEY,,
NATIONAL UNIVERSITY ACADEMY SPARROW,,,LA MESA-SPRING VALLEY,,
"NONPUBLIC, NONSECTARIAN SCHOOLS",,,LA MESA-SPRING VALLEY,,
QUEST ACADEMY,,,LA MESA-SPRING VALLEY,,
BARONA INDIAN CHARTER,,,LAKESIDE UNION ELEMENTARY,,
NATIONAL UNIVERSITY ACADEMY,,,LAKESIDE UNION ELEMENTARY,,
"NONPUBLIC, NONSECTARIAN SCHOOLS",,,LAKESIDE UNION ELEMENTARY,,
RIVER VALLEY CHARTER,,,LAKESIDE UNION ELEMENTARY,,
"NONPUBLIC, NONSECTARIAN SCHOOLS",,,LEMON GROVE,,
ACADEMY OF ARTS AND SCIENCES,,,MOUNTAIN EMPIRE UNIFIED,,
ACADEMY OF ARTS AND SCIENCES: DEL MAR ELEMENTARY (K-5),,,MOUNTAIN EMPIRE UNIFIED,,
ACADEMY OF ARTS AND SCIENCES: DEL MAR MIDDLE & HIGH (6-12),,,MOUNTAIN EMPIRE UNIFIED,,
ACADEMY OF ARTS AND SCIENCES: EL CAJON ELEMENTARY (K-5),,,MOUNTAIN EMPIRE UNIFIED,,
ACADEMY OF ARTS AND SCIENCES: EL CAJON MIDDLE AND HIGH (6-12),,,MOUNTAIN EMPIRE UNIFIED,,
COMPASS CHARTER SCHOOLS OF SAN DIEGO,,,MOUNTAIN EMPIRE UNIFIED,,
COUNTY COLLABORATIVE CHARTER,,,MOUNTAIN EMPIRE UNIFIED,,
"NONPUBLIC, NONSECTARIAN SCHOOLS",,,MOUNTAIN EMPIRE UNIFIED,,
PIVOT CHARTER SCHOOL - SAN DIEGO,,,MOUNTAIN EMPIRE UNIFIED,,
SAN DIEGO NEIGHBORHOOD HOMESCHOOLS,,,MOUNTAIN EMPIRE UNIFIED,,
SAN DIEGO VIRTUAL,,,MOUNTAIN EMPIRE UNIFIED,,
"NONPUBLIC, NONSECTARIAN SCHOOLS",,,NATIONAL ELEMENTARY,,
COASTAL ACADEMY,,,OCEANSIDE UNIFIED,,
COASTAL ACADEMY CHARTER,,,OCEANSIDE UNIFIED,,
"NONPUBLIC, NONSECTARIAN SCHOOLS",,,OCEANSIDE UNIFIED,,
PACIFIC VIEW CHARTER,,,OCEANSIDE UNIFIED,,
DISTRICT OFFICE,,,POWAY UNIFIED,,
"NONPUBLIC, NONSECTARIAN SCHOOLS",,,POWAY UNIFIED,,
FUTURE BOUND INDEPENDENT STUDY SECONDARY,,,RAMONA CITY UNIFIED,,
MOUNTAIN VALLEY ACADEMY,,,RAMONA CITY UNIFIED,,
"NONPUBLIC, NONSECTARIAN SCHOOLS",,,RAMONA CITY UNIFIED,,
R. ROGER ROWE ELEMENTARY,,,RANCHO SANTA FE ELEMENTARY,,
R. ROGER ROWE MIDDLE,,,RANCHO SANTA FE ELEMENTARY,,
DAVILA DAY,,,SAN DIEGO COUNTY OFFICE OF EDUCATION,,
NORTH COASTAL CONSORTIUM SCHOOLS,,,SAN DIEGO COUNTY OFFICE OF EDUCATION,,
SAN DIEGO COUNTY COMMUNITY,,,SAN DIEGO COUNTY OFFICE OF EDUCATION,,
SAN DIEGO COUNTY COURT,,,SAN DIEGO COUNTY OFFICE OF EDUCATION,,
SAN DIEGO COUNTY SPECIAL EDUCATION,,,SAN DIEGO COUNTY OFFICE OF EDUCATION,,
SCHOLARSHIP PREP - OCEANSIDE,,,SAN DIEGO COUNTY OFFICE OF EDUCATION,,
SCHOOL OF UNIVERSAL LEARNING (SOUL),,,SAN DIEGO COUNTY OFFICE OF EDUCATION,,
DITMAR ELEMENTARY,,,,OCEANSIDE UNIFIED,
DOUBLE PEAK,,,SAN MARCOS UNIFIED,SAN MARCOS UNIFIED,
DOYLE ELEMENTARY,,,SAN DIEGO UNIFIED,SAN DIEGO UNIFIED,
E. G. GARRISON ELEMENTARY,,,OCEANSIDE UNIFIED,OCEANSIDE UNIFIED,
E3 CIVIC HIGH,,,SAN DIEGO UNIFIED,SAN DIEGO UNIFIED,
EARL WARREN MIDDLE,,,SAN DIEGUITO UNION HIGH,SAN DIEGUITO UNION HIGH,
EAST COUNTY COMMUNITY SCHOOL,,,,GROSSMONT UNION HIGH,
EAST COUNTY COMMUNITY SCHOOL,,,,SAN DIEGO COUNTY OFFICE OF EDUCATION,
EAST HILLS ACADEMY,,,SWEETWATER UNION HIGH,,
EAST MESA JUVENILE DETENTION FACILITY,,,,SAN DIEGO CO PROBATION DEPT,
EAST VILLAGE HIGH,,,SAN DIEGO UNIFIED,SAN DIEGO UNIFIED,
EASTLAKE ELEMENTARY,,,CHULA VISTA ELEMENTARY,CHULA VISTA ELEMENTARY,
EASTLAKE HIGH,,,SWEETWATER UNION HIGH,SWEETWATER UNION HIGH,
EASTLAKE MIDDLE,,,SWEETWATER UNION HIGH,SWEETWATER UNION HIGH,
ECDC/CROWN PRESCHOOL,,,,CORONADO UNIFIED,
EDISON ELEMENTARY,,,SAN DIEGO UNIFIED,SAN DIEGO UNIFIED,
EINSTEIN ACADEMY,,,SAN DIEGO UNIFIED,,
EJE ELEMENTARY ACADEMY CHARTER,EJE ELEMENTARY ACADEMY-ANNEX,,CAJON VALLEY UNION,EJE ACADEMIES,
EJE MIDDLE ACADEMY,EJE MIDDLE ACADEMY,,CAJON VALLEY UNION,EJE ACADEMIES,
EL CAJON VALLEY HIGH,,,GROSSMONT UNION HIGH,GROSSMONT UNION HIGH,
EL CAMINO CREEK ELEMENTARY,,,ENCINITAS UNION ELEMENTARY,ENCINITAS UNION ELEMENTARY,
EL CAMINO HIGH,,,OCEANSIDE UNIFIED,OCEANSIDE UNIFIED,
EL CAPITAN HIGH,,,GROSSMONT UNION HIGH,GROSSMONT UNION HIGH,
EL TOYON ELEMENTARY,,,NATIONAL ELEMENTARY,NATIONAL ELEMENTARY,
ELEVATE ELEMENTARY,,,SAN DIEGO UNIFIED,,
ELITE ACADEMY,,,GROSSMONT UNION HIGH,GROSSMONT UNION HIGH,
EMERALD MIDDLE,,,CAJON VALLEY UNION,CAJON VALLEY UNION,
EMERSON/BANDINI ELEMENTARY,,,SAN DIEGO UNIFIED,SAN DIEGO UNIFIED,
EMORY ELEMENTARY,,,SOUTH BAY UNION,SOUTH BAY UNION,
EMPOWER,EMPOWER ACADEMY/CDS,,CAJON VALLEY UNION,CAJON VALLEY UNION,
EMPOWER CHARTER,EMPOWER CHARTER,,SAN DIEGO UNIFIED,EMPOWER CHARTER SCHOOL,
EMPRESA ELEMENTARY,,,VISTA UNIFIED,VISTA UNIFIED,
ENCANTO ELEMENTARY,,,SAN DIEGO UNIFIED,SAN DIEGO UNIFIED,
ENDEAVOUR ACADEMY,,,,"ALBERT EINSTEIN ACADEMY FOR LETTERS, ARTS SCIENCES (AEALAS)",
ENRIQUE S. CAMARENA,,,,CHULA VISTA ELEMENTARY,
EPIPHANY PREP CHARTER,EPIPHANY PREP CHARTER,,SAN DIEGO UNIFIED,EPIPHANY PREP SCHOOL OF SAN DIEGO,
EPIPHANY PREP CHARTER,,,ESCONDIDO UNION,ESCONDIDO UNION,
ERICSON ELEMENTARY,,,SAN DIEGO UNIFIED,SAN DIEGO UNIFIED,
ESCONDIDO COMMUNITY BLENDED,,,,SAN DIEGO COUNTY OFFICE OF EDUCATION,
ESCONDIDO COMMUNITY DAY,ESCONDIDO COMMUNITY DAY SCHOOL,,ESCONDIDO UNION HIGH,ESCONDIDO UNION HIGH,
ESCONDIDO HIGH,,,ESCONDIDO UNION HIGH,ESCONDIDO UNION HIGH,
EUCALYPTUS HILLS ELEMENTARY,,,LAKESIDE UNION ELEMENTARY,LAKESIDE UNION ELEMENTARY,
EUCLID CDC,,,,SAN DIEGO UNIFIED,
EUCLID ELEMENTARY,,,SAN DIEGO UNIFIED,SAN DIEGO UNIFIED,
EVANGELINE ROBERTS INSTITUTE OF LEARNING,EVANGELINE ROBERTS INSTITUTE OF LEARNING-ANNEX,,SAN DIEGO UNIFIED,SAN DIEGO UNIFIED,
EXCELSIOR ACADEMY,,,,SAN DIEGO UNIFIED,
FALLBROOK HIGH,,,FALLBROOK UNION HIGH,FALLBROOK UNION HIGH,
FALLBROOK HOMESCHOOL ACADEMY,,,FALLBROOK UNION ELEMENTARY,FALLBROOK UNION ELEMENTARY,
FALLBROOK STEM ACADEMY,,,,FALLBROOK UNION ELEMENTARY,
FALLBROOK STREET ELEMENTARY,,,FALLBROOK UNION ELEMENTARY,FALLBROOK UNION ELEMENTARY,
FARB MIDDLE,,,SAN DIEGO UNIFIED,SAN DIEGO UNIFIED,
FARR AVENUE ELEMENTARY,,,ESCONDIDO UNION,ESCONDIDO UNION,
FAY ELEMENTARY,,,SAN DIEGO UNIFIED,SAN DIEGO UNIFIED,
FEASTER (MAE L.) CHARTER,,,CHULA VISTA ELEMENTARY,CHULA VISTA ELEMENTARY,
FELICITA ELEMENTARY,,,ESCONDIDO UNION,ESCONDIDO UNION,
FELICITA PRESCHOOL,,,,ESCONDIDO UNION,
FIELD ELEMENTARY,,,SAN DIEGO UNIFIED,SAN DIEGO UNIFIED,
FINNEY (MYRTLE S.) ELEMENTARY,,,CHULA VISTA ELEMENTARY,CHULA VISTA ELEMENTARY,
FIRST AVENUE LITERACY COMMUNITY SCHOOL,,,,SAN DIEGO COUNTY OFFICE OF EDUCATION,
FIRST STEP TREATMENT HOME,,,,CENTER FOR POSITIVE CHANGES INC.,
FLETCHER CDC,,,,SAN DIEGO UNIFIED,
FLETCHER ELEMENTARY,,,SAN DIEGO UNIFIED,SAN DIEGO UNIFIED,
FLETCHER HILLS ELEMENTARY,,,LA MESA-SPRING VALLEY,LA MESA-SPRING VALLEY,
FLORA VISTA ELEMENTARY,,,ENCINITAS UNION ELEMENTARY,ENCINITAS UNION ELEMENTARY,
FLORENCE ELEMENTARY,,,SAN DIEGO UNIFIED,SAN DIEGO UNIFIED,
FLYING HILLS ELEMENTARY,,,CAJON VALLEY UNION,CAJON VALLEY UNION,
FOOTHILL OAK ELEMENTARY,,,VISTA UNIFIED,VISTA UNIFIED,
FOOTHILLS HIGH,,,SAN MARCOS UNIFIED,SAN MARCOS UNIFIED,
FOSTER ELEMENTARY,,,SAN DIEGO UNIFIED,SAN DIEGO UNIFIED,
FRANKLIN ELEMENTARY,,,SAN DIEGO UNIFIED,SAN DIEGO UNIFIED,
FREESE ELEMENTARY,,,SAN DIEGO UNIFIED,SAN DIEGO UNIFIED,
FUERTE ELEMENTARY,,,CAJON VALLEY UNION,CAJON VALLEY UNION,
FULTON K-8,,,SAN DIEGO UNIFIED,SAN DIEGO UNIFIED,
GAGE ELEMENTARY,,,SAN DIEGO UNIFIED,SAN DIEGO UNIFIED,
GARDEN ROAD ELEMENTARY,,,POWAY UNIFIED,POWAY UNIFIED,
GARFIELD CDC,,,,SAN DIEGO UNIFIED,
GARFIELD ELEMENTARY,,,SAN DIEGO UNIFIED,SAN DIEGO UNIFIED,
GARFIELD HIGH,,,SAN DIEGO UNIFIED,SAN DIEGO UNIFIED,
GEORGE NICOLOFF ELEMENTARY,,,SOUTH BAY UNION,SOUTH BAY UNION,
GIRLS REHABILITATION,,,,SAN DIEGO CO PROBATION DEPT,
GLEN VIEW ELEMENTARY,,,ESCONDIDO UNION,ESCONDIDO UNION,
GLEN VIEW PRESCHOOL,,,,ESCONDIDO UNION,
GODFREY G. BERRY ELEMENTARY,,,SOUTH BAY UNION,SOUTH BAY UNION,
GOLDEN HILL K-8,,,SAN DIEGO UNIFIED,SAN DIEGO UNIFIED,
GOMPERS PREPARATORY ACADEMY,,,SAN DIEGO UNIFIED,SAN DIEGO UNIFIED,
GOOD SHEPHERD CATHOLIC SCHOOL,,,,GOOD SHEPHERD CATHOLIC SCHOOL,
GRANGER JUNIOR HIGH,,,SWEETWATER UNION HIGH,SWEETWATER UNION HIGH,
GRANITE HILLS HIGH,,,GROSSMONT UNION HIGH,GROSSMONT UNION HIGH,
GRANT K-8,,,SAN DIEGO UNIFIED,SAN DIEGO UNIFIED,
GRAPEVINE ELEMENTARY,,,VISTA UNIFIED,VISTA UNIFIED,
GRAVES SUMMIT SCHOOL,,,,GROSSMONT UNION HIGH,
GREEN ELEMENTARY,,,SAN DIEGO UNIFIED,SAN DIEGO UNIFIED,
GREENFIELD MIDDLE,,,CAJON VALLEY UNION,CAJON VALLEY UNION,
GREENTREE-ANNEX,,,,SAN DIEGO UNIFIED,
GROSSMONT HIGH,,,GROSSMONT UNION HIGH,GROSSMONT UNION HIGH,
GROSSMONT MIDDLE COLLEGE HIGH,,,GROSSMONT UNION HIGH,GROSSMONT UNION HIGH,
GROSSMONT SECONDARY,,,SBE - GROSSMONT SECONDARY,,
GUAJOME LEARNING CENTER,,,VISTA UNIFIED,,
GUAJOME PARK ACADEMY CHARTER,,,VISTA UNIFIED,,
GUAJOME PARK ACADEMY CHARTER,,,,GUAJOME PARK ACADEMY INC,
HAGE ELEMENTARY,,,SAN DIEGO UNIFIED,SAN DIEGO UNIFIED,
HALECREST ELEMENTARY,,,CHULA VISTA ELEMENTARY,CHULA VISTA ELEMENTARY,
HAMILTON ELEMENTARY,,,SAN DIEGO UNIFIED,SAN DIEGO UNIFIED,
HANCOCK ELEMENTARY,,,SAN DIEGO UNIFIED,SAN DIEGO UNIFIED,
HANNALEI ELEMENTARY,,,VISTA UNIFIED,VISTA UNIFIED,
HANSON ELEMENTARY,,,RAMONA CITY UNIFIED,RAMONA CITY UNIFIED,
HARBORSIDE ELEMENTARY,,,CHULA VISTA ELEMENTARY,CHULA VISTA ELEMENTARY,
HARDY ELEMENTARY,,,SAN DIEGO UNIFIED,SAN DIEGO UNIFIED,
HARRIET TUBMAN VILLAGE CHARTER,,,SAN DIEGO UNIFIED,SAN DIEGO UNIFIED,
HARRIET TUBMAN VILLAGE CHARTER,,,,"HARRIET TUBMAN VILLAGE CHARTER SCHOOL, INC.",
HAWKING S.T.E.A.M. CHARTER,HAWKING S.T.E.A.M. CHARTER,,SWEETWATER UNION HIGH,"HAWKING STEAM CHARTER SCHOOLS, INC.",
HAWKING S.T.E.A.M. CHARTER SCHOOL 2,,,SWEETWATER UNION HIGH,SWEETWATER UNION HIGH,
HAWTHORNE CDC,,,,SAN DIEGO UNIFIED,
HAWTHORNE ELEMENTARY,,,SAN DIEGO UNIFIED,SAN DIEGO UNIFIED,
HEALTH SCIENCES HIGH,,,SAN DIEGO UNIFIED,SAN DIEGO UNIFIED,
HEALTH SCIENCES MIDDLE,,,SAN DIEGO UNIFIED,,
HEARST ELEMENTARY,,,SAN DIEGO UNIFIED,SAN DIEGO UNIFIED,
HEDENKAMP (ANNE AND WILLIAM) ELEMENTARY,,,CHULA VISTA ELEMENTARY,CHULA VISTA ELEMENTARY,
HELIX HIGH,,,GROSSMONT UNION HIGH,GROSSMONT UNION HIGH,
HENRY HIGH,,,SAN DIEGO UNIFIED,SAN DIEGO UNIFIED,
HERITAGE ELEMENTARY,,,CHULA VISTA ELEMENTARY,CHULA VISTA ELEMENTARY,
HICKMAN ELEMENTARY,,,SAN DIEGO UNIFIED,SAN DIEGO UNIFIED,
HIDDEN VALLEY MIDDLE,,,ESCONDIDO UNION,ESCONDIDO UNION,
HIGH TECH ELEMENTARY,,,SAN DIEGO UNIFIED,SAN DIEGO UNIFIED,
HIGH TECH ELEMENTARY CHULA VISTA,HIGH TECH ELEMENTARY CHULA VISTA,,SBC - HIGH TECH HIGH,HIGH TECH HIGH CHARTER SCHOOL,
HIGH TECH ELEMENTARY EXPLORER,HIGH TECH ELEMENTARY EXPLORER,,SAN DIEGO UNIFIED,EXPLORER ELEMENTARY CHARTER SCHOOL,HIGH TECH HIGH CHARTER SCHOOL
HIGH TECH ELEMENTARY NORTH COUNTY,,,SBC - HIGH TECH HIGH,HIGH TECH HIGH CHARTER SCHOOL,SAN MARCOS UNIFIED
HIGH TECH HIGH,HIGH TECH HIGH -ANNEX,,SAN DIEGO UNIFIED,SAN DIEGO UNIFIED,
HIGH TECH HIGH CHULA VISTA,,,SBC - HIGH TECH HIGH,HIGH TECH HIGH CHARTER SCHOOL,
HIGH TECH HIGH EXPLORER,EXPLORER ELEMENTARY,,SAN DIEGO UNIFIED,SAN DIEGO UNIFIED,
HIGH TECH HIGH INTERNATIONAL,,,SAN DIEGO UNIFIED,,
HIGH TECH HIGH MEDIA ARTS,,,SAN DIEGO UNIFIED,,
HIGH TECH MIDDLE,,,SAN DIEGO UNIFIED,,
HIGH TECH MIDDLE MEDIA ARTS,HIGH TECH MIDDLE MEDIA ARTS,,SAN DIEGO UNIFIED,EXPLORER ELEMENTARY CHARTER SCHOOL,
HIGH TECH MIDDLE NORTH COUNTY,HIGH TECH MIDDLE NORTH COUNTY,,SBC - HIGH TECH HIGH,HIGH TECH HIGH CHARTER SCHOOL,SAN MARCOS UNIFIED
HIGHLAND RANCH ELEMENTARY,,,POWAY UNIFIED,POWAY UNIFIED,
HIGHLANDS ELEMENTARY,,,LA MESA-SPRING VALLEY,LA MESA-SPRING VALLEY,
HILL CREEK ELEMENTARY,,,SANTEE,SANTEE,
HILLSDALE MIDDLE,,,CAJON VALLEY UNION,CAJON VALLEY UNION,
HILLSIDE JUNIOR/SENIOR HIGH,,,MOUNTAIN EMPIRE UNIFIED,MOUNTAIN EMPIRE UNIFIED,
HILLTOP DRIVE ELEMENTARY,,,CHULA VISTA ELEMENTARY,CHULA VISTA ELEMENTARY,
HILLTOP MIDDLE,,,SWEETWATER UNION HIGH,SWEETWATER UNION HIGH,
HILLTOP SENIOR HIGH,,,SWEETWATER UNION HIGH,SWEETWATER UNION HIGH,
HOLLY DRIVE LEADERSHIP ACADEMY,,,SAN DIEGO UNIFIED,SAN DIEGO UNIFIED,
HOLMES ELEMENTARY,,,SAN DIEGO UNIFIED,SAN DIEGO UNIFIED,
HOLY TRINITY ELEMENTARY,,,,HOLY TRINITY SCHOOL,
HOME & HOSP/TRANSITION SUPPORT,HOME HOSPITAL & TRANSITION SUPPORT CENTER,,SAN DIEGO UNIFIED,SAN DIEGO UNIFIED,
HOOVER HIGH,,,SAN DIEGO UNIFIED,SAN DIEGO UNIFIED,
HOPE ELEMENTARY,,,CARLSBAD UNIFIED,CARLSBAD UNIFIED,
HORTON ELEMENTARY,,,SAN DIEGO UNIFIED,SAN DIEGO UNIFIED,
HORTON PLAZA-ANNEX,,,,SAN DIEGO UNIFIED,
HOWARD GARDNER COMMUNITY CHARTER,HOWARD GARDNER COMMUNITY CHARTER,,CHULA VISTA ELEMENTARY,HOWARD GARDNER COMMUNITY SCHOOL,
HOWARD PENCE ELEMENTARY,,,SOUTH BAY UNION,SOUTH BAY UNION,
IBARRA ELEMENTARY,,,SAN DIEGO UNIFIED,SAN DIEGO UNIFIED,
IFTIN CHARTER,,,SAN DIEGO UNIFIED,SAN DIEGO UNIFIED,
IFTIN UNIVERSITY PREP HIGH,,,,SAN DIEGO UNIFIED,
IHIGH VIRTUAL ACADEMY,,,SAN DIEGO UNIFIED,SAN DIEGO UNIFIED,
IMPERIAL BEACH CHARTER,,,SOUTH BAY UNION,SOUTH BAY UNION,
INGENUITY CHARTER,,,SAN DIEGO UNIFIED,,
INNOVATION MIDDLE,,,SAN DIEGO UNIFIED,SAN DIEGO UNIFIED,
INNOVATIONS ACADEMY,,,SAN DIEGO UNIFIED,,
INNOVATIONS ACADEMY OF EMPOWERMENT,,,,SAN DIEGO COUNTY OFFICE OF EDUCATION,
INSIGHT @ SAN DIEGO,,,SPENCER VALLEY ELEMENTARY,,
INTEGRITY CHARTER,INTEGRITY CHARTER,,NATIONAL ELEMENTARY,INTEGRITY CHARTER SCHOOL,
INTEGRITY CHARTER SCHOOL-B&G CLUB,,,,INTEGRITY CHARTER SCHOOL,
IRA HARBISON,,,NATIONAL ELEMENTARY,NATIONAL ELEMENTARY,
IVEY RANCH ELEMENTARY,,,OCEANSIDE UNIFIED,OCEANSIDE UNIFIED,
IVY HIGH (CONTINUATION),,,FALLBROOK UNION HIGH,FALLBROOK UNION HIGH,
JACK & CAROL CLARK ADOLESCENT TREATMENT PROGRAM,,,,SAN DIEGO CENTER FOR CHILDREN,
JACUMBA MIDDLE,,,MOUNTAIN EMPIRE UNIFIED,MOUNTAIN EMPIRE UNIFIED,
JAMACHA ELEMENTARY,,,CAJON VALLEY UNION,CAJON VALLEY UNION,
JAMES DUKES ELEMENTARY,,,RAMONA CITY UNIFIED,RAMONA CITY UNIFIED,
JAMES E. POTTER INTERMEDIATE,,,FALLBROOK UNION ELEMENTARY,FALLBROOK UNION ELEMENTARY,
JAMUL INTERMEDIATE,,,JAMUL-DULZURA UNION ELEMENTARY,JAMUL-DULZURA UNION ELEMENTARY,
JAMUL PRIMARY,,,JAMUL-DULZURA UNION ELEMENTARY,JAMUL-DULZURA UNION ELEMENTARY,
JEFFERSON ELEMENTARY,,,CARLSBAD UNIFIED,CARLSBAD UNIFIED,
JEFFERSON ELEMENTARY,,,SAN DIEGO UNIFIED,SAN DIEGO UNIFIED,
JEFFERSON MIDDLE,,,OCEANSIDE UNIFIED,OCEANSIDE UNIFIED,
JERABEK ELEMENTARY,,,SAN DIEGO UNIFIED,SAN DIEGO UNIFIED,
JOAN MACQUEEN MIDDLE,,,ALPINE UNION ELEMENTARY,ALPINE UNION ELEMENTARY,
JOHN A. OTIS ELEMENTARY,,,NATIONAL ELEMENTARY,NATIONAL ELEMENTARY,
JOHN MUIR,,,SAN DIEGO UNIFIED,SAN DIEGO UNIFIED,
JOHN MUIR LANGUAGE ACADEMY,,,,SAN DIEGO UNIFIED,
JOHNSON ELEMENTARY,,,CAJON VALLEY UNION,CAJON VALLEY UNION,
JOHNSON ELEMENTARY,,,SAN DIEGO UNIFIED,SAN DIEGO UNIFIED,
JOLI ANN LEICHTAG ELEMENTARY,,,SAN MARCOS UNIFIED,SAN MARCOS UNIFIED,
JONAS SALK ELEMENTARY,,,SAN DIEGO UNIFIED,SAN DIEGO UNIFIED,
JONES ELEMENTARY,,,SAN DIEGO UNIFIED,SAN DIEGO UNIFIED,
JOYNER ELEMENTARY,,,SAN DIEGO UNIFIED,SAN DIEGO UNIFIED,
JUAREZ ELEMENTARY,,,SAN DIEGO UNIFIED,SAN DIEGO UNIFIED,
JUAREZ-LINCOLN ELEMENTARY,,,CHULA VISTA ELEMENTARY,CHULA VISTA ELEMENTARY,
JULIAN ELEMENTARY,,,JULIAN UNION ELEMENTARY,JULIAN UNION ELEMENTARY,
JULIAN HIGH,,,JULIAN UNION HIGH,JULIAN UNION HIGH,JULIAN UNION ELEMENTARY
JULIAN JUNIOR HIGH,,,JULIAN UNION ELEMENTARY,JULIAN UNION ELEMENTARY,
JUNIPER ELEMENTARY,,,ESCONDIDO UNION,ESCONDIDO UNION,
JUNIPER PRESCHOOL,,,,ESCONDIDO UNION,
JUVENILE COURT AND COMMUNITY SCHOOL,,,,ESCONDIDO UNION HIGH,
JUVENILE HALL,,,,SAN DIEGO CO PROBATION DEPT,
KAVOD CHARTER,,,,SAN DIEGO UNIFIED,
KAVOD ELEMENTARY CHARTER,,,SAN DIEGO UNIFIED,SAN DIEGO UNIFIED,
KEARNY COLLEGE CONNECTIONS,,,SAN DIEGO UNIFIED,SAN DIEGO UNIFIED,
KEARNY DIGITAL MEDIA & DESIGN,,,SAN DIEGO UNIFIED,,
"KEARNY ENG, INNOV & DESIGNKEARNY ENG INNOV & DESIGN",,,SAN DIEGO UNIFIED,,
KEARNY INTERNATIONAL BUSINESS,,,SAN DIEGO UNIFIED,,
KEARNY MESA LC- AUDEO-ANNEX,,,,SAN DIEGO UNIFIED,
KEARNY SCT,,,SAN DIEGO UNIFIED,,
KEILLER LEADERSHIP ACADEMY,,,SAN DIEGO UNIFIED,SAN DIEGO UNIFIED,
KELLOGG (KARL H.) ELEMENTARY,,,CHULA VISTA ELEMENTARY,CHULA VISTA ELEMENTARY,
KELLY ELEMENTARY,,,CARLSBAD UNIFIED,CARLSBAD UNIFIED,
KEMPTON STREET LITERACY ACADEMY,,,LA MESA-SPRING VALLEY,LA MESA-SPRING VALLEY,
KENNEDY CDC,,,,SAN DIEGO UNIFIED,
KIMBALL,,,NATIONAL ELEMENTARY,NATIONAL ELEMENTARY,
KIMBROUGH ELEMENTARY,,,SAN DIEGO UNIFIED,SAN DIEGO UNIFIED,
KING-CHAVEZ ACADEMY OF EXCELLENCE,,,SAN DIEGO UNIFIED,SAN DIEGO UNIFIED,
KING-CHAVEZ ARTS ACADEMY,,,SAN DIEGO UNIFIED,,
KING-CHAVEZ ATHLETICS ACADEMY,,,SAN DIEGO UNIFIED,,
KING-CHAVEZ COMMUNITY HIGH,,,SAN DIEGO UNIFIED,SAN DIEGO UNIFIED,
KING-CHAVEZ PREPARATORY ACADEMY,,,SAN DIEGO UNIFIED,SAN DIEGO UNIFIED,
KING-CHAVEZ PRIMARY ACADEMY,,,SAN DIEGO UNIFIED,SAN DIEGO UNIFIED,
KIPP ADELANTE PREPARATORY ACADEMY,,,SAN DIEGO UNIFIED,SAN DIEGO UNIFIED,
KNOB HILL ELEMENTARY,,,SAN MARCOS UNIFIED,SAN MARCOS UNIFIED,
KNOX MIDDLE,,,SAN DIEGO UNIFIED,SAN DIEGO UNIFIED,
KUMEYAAY ELEMENTARY,,,SAN DIEGO UNIFIED,SAN DIEGO UNIFIED,
L. R. GREEN ELEMENTARY,,,ESCONDIDO UNION,ESCONDIDO UNION,
LA COSTA CANYON HIGH,,,SAN DIEGUITO UNION HIGH,SAN DIEGUITO UNION HIGH,
LA COSTA HEIGHTS ELEMENTARY,,,ENCINITAS UNION ELEMENTARY,ENCINITAS UNION ELEMENTARY,
LA COSTA MEADOWS ELEMENTARY,,,SAN MARCOS UNIFIED,SAN MARCOS UNIFIED,
LA JOLLA ELEMENTARY,,,SAN DIEGO UNIFIED,SAN DIEGO UNIFIED,
LA JOLLA HIGH,,,SAN DIEGO UNIFIED,SAN DIEGO UNIFIED,
LA MESA ARTS ACADEMY,,,LA MESA-SPRING VALLEY,LA MESA-SPRING VALLEY,
LA MESA COMMUNITY SCHOOL,,,,SAN DIEGO COUNTY OFFICE OF EDUCATION,
LA MESA COMMUNITY SCHOOLS 123,,,,GROSSMONT UNION HIGH,
LA MESA DALE ELEMENTARY,,,LA MESA-SPRING VALLEY,LA MESA-SPRING VALLEY,
LA MESA MIDDLE,,,LA MESA-SPRING VALLEY,LA MESA-SPRING VALLEY,
LA MESA-SPRING VALLEY HOME INDEPENDENT STUDY,LA MESA-SPRING VALLEY HOME SCHOOL/INDEPENDENT STUDY,,LA MESA-SPRING VALLEY,LA MESA-SPRING VALLEY,
LA MIRADA ELEMENTARY,,,SAN YSIDRO ELEMENTARY,SAN YSIDRO ELEMENTARY,
LA PALOMA ELEMENTARY,,,FALLBROOK UNION ELEMENTARY,FALLBROOK UNION ELEMENTARY,
LA PRESA ELEMENTARY,,,LA MESA-SPRING VALLEY,LA MESA-SPRING VALLEY,
LA PRESA MIDDLE,,,LA MESA-SPRING VALLEY,LA MESA-SPRING VALLEY,
LAFAYETTE ELEMENTARY,,,SAN DIEGO UNIFIED,SAN DIEGO UNIFIED,
LAKE ELEMENTARY,,,VISTA UNIFIED,VISTA UNIFIED,
LAKESIDE FARMS ELEMENTARY,,,LAKESIDE UNION ELEMENTARY,LAKESIDE UNION ELEMENTARY,
LAKESIDE MIDDLE,,,LAKESIDE UNION ELEMENTARY,LAKESIDE UNION ELEMENTARY,
LAKEVIEW ELEMENTARY,,,LAKESIDE UNION ELEMENTARY,LAKESIDE UNION ELEMENTARY,
LANGUAGE ACADEMY,,,SAN DIEGO UNIFIED,SAN DIEGO UNIFIED,
LAS PALMAS,,,NATIONAL ELEMENTARY,NATIONAL ELEMENTARY,
LAUDERBACH (J. CALVIN) ELEMENTARY,,,CHULA VISTA ELEMENTARY,CHULA VISTA ELEMENTARY,
LAUREL ELEMENTARY,,,OCEANSIDE UNIFIED,OCEANSIDE UNIFIED,
LAUREL PREPARATORY ACADEMY,,,SAN DIEGO UNIFIED,,
LEARNING CHOICE ACADEMY,,,SAN DIEGO UNIFIED,,
LEE ELEMENTARY,,,SAN DIEGO UNIFIED,,
LEMON AVENUE ELEMENTARY,,,LA MESA-SPRING VALLEY,LA MESA-SPRING VALLEY,
LEMON CREST ELEMENTARY,,,LAKESIDE UNION ELEMENTARY,LAKESIDE UNION ELEMENTARY,
LEMON GROVE ACADEMY FOR THE SCIENCES AND HUMANITIES,,,LEMON GROVE,LEMON GROVE,
LEONARDO DA VINCI HEALTH SCIENCES CHARTER,LEONARDO DA VINCI SCIENCES CHARTER SCHOOL,,CHULA VISTA ELEMENTARY,LEONARDO DA VINCI HEALTH SCIENCES CHARTER SCHOOL,
LEWIS MIDDLE,,,SAN DIEGO UNIFIED,SAN DIEGO UNIFIED,
LEXINGTON ELEMENTARY,,,CAJON VALLEY UNION,CAJON VALLEY UNION,
LIBBY ELEMENTARY,,,OCEANSIDE UNIFIED,OCEANSIDE UNIFIED,
LIBERTY CHARTER HIGH SCHOOL,,,,GROSSMONT UNION HIGH,
LIBERTY ELEMENTARY,,,CHULA VISTA ELEMENTARY,CHULA VISTA ELEMENTARY,
LIBERTY HIGH CHARTER SCHOOL-ANNEX,,,,LEMON GROVE,
LILAC,,,VALLEY CENTER-PAUMA UNIFIED,VALLEY CENTER-PAUMA UNIFIED,
LINCOLN ACRES,,,NATIONAL ELEMENTARY,NATIONAL ELEMENTARY,
LINCOLN ELEMENTARY,,,ESCONDIDO UNION,ESCONDIDO UNION,
LINCOLN HIGH,,,SAN DIEGO UNIFIED,SAN DIEGO UNIFIED,
LINCOLN MIDDLE,,,OCEANSIDE UNIFIED,OCEANSIDE UNIFIED,
LINCOLN PRESCHOOL,,,,ESCONDIDO UNION,
LINDA VISTA ELEMENTARY,,,SAN DIEGO UNIFIED,SAN DIEGO UNIFIED,
LINDA VISTA ELEMENTARY,,,,EMPOWER CHARTER SCHOOL,
LINDBERGH/SCHWEITZER ELEMENTARY,,,SAN DIEGO UNIFIED,SAN DIEGO UNIFIED,
LINDO PARK ELEMENTARY,,,LAKESIDE UNION ELEMENTARY,LAKESIDE UNION ELEMENTARY,
LINDSAY COMMUNITY,,,,SAN DIEGO COUNTY OFFICE OF EDUCATION,
LITERACY FIRST CHARTER,LITERACY FIRST CHARTER SCHOOL - JA - ANNEX,,SAN DIEGO COUNTY OFFICE OF EDUCATION,GROSSMONT UNION HIGH,
LITERACY FIRST CHARTER SCHOOL - LA - ANNEX,,,,GROSSMONT UNION HIGH,
LITERACY FIRST CHARTER SCHOOL - PA -ANNEX,,,,GROSSMONT UNION HIGH,
LITT RESOURSES BLENDED,,,,SAN DIEGO COUNTY OFFICE OF EDUCATION,
LIVE OAK ELEMENTARY,,,FALLBROOK UNION ELEMENTARY,FALLBROOK UNION ELEMENTARY,
LOGAN CDC,,,,SAN DIEGO UNIFIED,
LOGAN K-8,,,SAN DIEGO UNIFIED,SAN DIEGO UNIFIED,
LOMA ELEMENTARY,,,LA MESA-SPRING VALLEY,LA MESA-SPRING VALLEY,
LOMA PORTAL CHARTER SCHOOL-ANNEX,,,,SAN DIEGO UNIFIED,
LOMA PORTAL ELEMENTARY,,,SAN DIEGO UNIFIED,SAN DIEGO UNIFIED,
LOMA VERDE ELEMENTARY,,,CHULA VISTA ELEMENTARY,CHULA VISTA ELEMENTARY,
LONGFELLOW K-8,,,SAN DIEGO UNIFIED,SAN DIEGO UNIFIED,
LOS ALTOS CDC,,,,SAN DIEGO UNIFIED,
LOS ALTOS ELEMENTARY,,,CHULA VISTA ELEMENTARY,CHULA VISTA ELEMENTARY,
LOS COCHES CREEK MIDDLE,,,CAJON VALLEY UNION,CAJON VALLEY UNION,
LOS PENASQUITOS ELEMENTARY,,,POWAY UNIFIED,POWAY UNIFIED,
LOUISE FOUSSAT ELEMENTARY,,,OCEANSIDE UNIFIED,OCEANSIDE UNIFIED,
MAAC COMMUNITY CHARTER,,,SWEETWATER UNION HIGH,SWEETWATER UNION HIGH,
MADISON AVENUE ELEMENTARY,,,CAJON VALLEY UNION,CAJON VALLEY UNION,
MADISON HIGH,,,SAN DIEGO UNIFIED,SAN DIEGO UNIFIED,
MADISON MIDDLE,,,VISTA UNIFIED,VISTA UNIFIED,
MAGNOLIA ELEMENTARY,,,CAJON VALLEY UNION,CAJON VALLEY UNION,
MAGNOLIA ELEMENTARY,,,CARLSBAD UNIFIED,CARLSBAD UNIFIED,
MAGNOLIA SCIENCE ACADEMY SAN DIEGO,,,SAN DIEGO UNIFIED,,
MAIE ELLIS ELEMENTARY,,,FALLBROOK UNION ELEMENTARY,FALLBROOK UNION ELEMENTARY,
MAIN STREET UMOJA BLENDED COMM SCHOOL,,,,SAN DIEGO COUNTY OFFICE OF EDUCATION,
MAJOR GENERAL RAYMOND MURRAY HIGH,,,VISTA UNIFIED,VISTA UNIFIED,
MANN MIDDLE,,,SAN DIEGO UNIFIED,SAN DIEGO UNIFIED,
MAR VISTA ACADEMY,,,SWEETWATER UNION HIGH,SWEETWATER UNION HIGH,
MAR VISTA ACADEMY FOR PROBLEM BASED LEARNING,,,SWEETWATER UNION HIGH,,
MAR VISTA SENIOR HIGH,,,SWEETWATER UNION HIGH,SWEETWATER UNION HIGH,
MARCY ST ANNEX,,,,SAN DIEGO UNIFIED,
MARSHALL (THURGOOD) ELEMENTARY,,,CHULA VISTA ELEMENTARY,CHULA VISTA ELEMENTARY,
MARSHALL ELEMENTARY,,,SAN DIEGO UNIFIED,SAN DIEGO UNIFIED,
MARSHALL MIDDLE,,,SAN DIEGO UNIFIED,SAN DIEGO UNIFIED,
MARSTON MIDDLE,,,SAN DIEGO UNIFIED,SAN DIEGO UNIFIED,
MARTIN LUTHER KING JR. MIDDLE,,,OCEANSIDE UNIFIED,OCEANSIDE UNIFIED,
MARVIN ELEMENTARY,,,SAN DIEGO UNIFIED,SAN DIEGO UNIFIED,
MARY FAY PENDLETON ELEMENTARY,,,FALLBROOK UNION ELEMENTARY,FALLBROOK UNION ELEMENTARY,
MARYLAND AVENUE ELEMENTARY,,,LA MESA-SPRING VALLEY,LA MESA-SPRING VALLEY,
MARYLAND ELEMENTARY,,,VISTA UNIFIED,VISTA UNIFIED,
MASON ELEMENTARY,,,SAN DIEGO UNIFIED,SAN DIEGO UNIFIED,
MATAGUAY SCOUT RESV,,,,SAN DIEGO IMPERIAL COUNCIL BSA,
MCGILL SCHOOL OF SUCCESS,,,SAN DIEGO UNIFIED,SAN DIEGO UNIFIED,
MCKINLEY ELEMENTARY,,,SAN DIEGO UNIFIED,SAN DIEGO UNIFIED,
MCMILLIN (CORKY) ELEMENTARY,,,CHULA VISTA ELEMENTARY,CHULA VISTA ELEMENTARY,
MEADOWBROOK MIDDLE,,,POWAY UNIFIED,POWAY UNIFIED,
MEMORIAL SCHOLARS & ATHLETES,,,SAN DIEGO UNIFIED,SAN DIEGO UNIFIED,
MERIDIAN ELEMENTARY,,,CAJON VALLEY UNION,CAJON VALLEY UNION,
MERIT ACADEMY,,,GROSSMONT UNION HIGH,GROSSMONT UNION HIGH,
MESA VERDE MIDDLE,,,POWAY UNIFIED,POWAY UNIFIED,
METRO COMMUNITY SCHOOLS,,,,SAN DIEGO COUNTY OFFICE OF EDUCATION,
METRO TECH ACADEMY BLENDED COMMUNITY SCHOOL,,,,SAN DIEGO COUNTY OFFICE OF EDUCATION,
MID CITY 1 AND 2-ANNEX,,,,SAN DIEGO UNIFIED,
MIDLAND ELEMENTARY,,,POWAY UNIFIED,POWAY UNIFIED,
MIKE CHOATE EARLY CHILDHOOD EDUCATION CENTER,,,,FALLBROOK UNION ELEMENTARY,
MILLENNIAL TECH MIDDLE,,,SAN DIEGO UNIFIED,SAN DIEGO UNIFIED,
MILLER ELEMENTARY,,,ESCONDIDO UNION,ESCONDIDO UNION,
MILLER ELEMENTARY,,,SAN DIEGO UNIFIED,SAN DIEGO UNIFIED,
MIRA MESA COMMUNITY SCHOOL,,,,SAN DIEGO COUNTY OFFICE OF EDUCATION,
MIRA MESA HIGH,,,SAN DIEGO UNIFIED,SAN DIEGO UNIFIED,
MIRAMAR RANCH ELEMENTARY,,,SAN DIEGO UNIFIED,SAN DIEGO UNIFIED,
MISSION BAY HIGH,,,SAN DIEGO UNIFIED,SAN DIEGO UNIFIED,
MISSION ELEMENTARY,,,OCEANSIDE UNIFIED,OCEANSIDE UNIFIED,
MISSION ESTANCIA ELEMENTARY,,,ENCINITAS UNION ELEMENTARY,ENCINITAS UNION ELEMENTARY,
MISSION HILLS HIGH,,,SAN MARCOS UNIFIED,SAN MARCOS UNIFIED,
MISSION MEADOWS ELEMENTARY,,,VISTA UNIFIED,VISTA UNIFIED,
MISSION MIDDLE,,,ESCONDIDO UNION,ESCONDIDO UNION,
MISSION VALLEY LC - AUDEO-ANNEX,,,,SAN DIEGO UNIFIED,
MISSION VISTA HIGH,,,VISTA UNIFIED,VISTA UNIFIED,
MONARCH,MONARCH ELEMENTARY COMMUNITY DAY,,SAN DIEGO COUNTY OFFICE OF EDUCATION,SAN DIEGO UNIFIED,
MONTE VISTA ELEMENTARY,,,VISTA UNIFIED,VISTA UNIFIED,
MONTE VISTA HIGH,,,GROSSMONT UNION HIGH,GROSSMONT UNION HIGH,
MONTECITO HIGH (CONTINUATION),,,RAMONA CITY UNIFIED,RAMONA CITY UNIFIED,
MONTEREY HEIGHTS ELEMENTARY,,,LEMON GROVE,LEMON GROVE,
MONTEREY RIDGE ELEMENTARY,,,POWAY UNIFIED,POWAY UNIFIED,
MONTEZUMA CDC,,,,SAN DIEGO UNIFIED,
MONTGOMERY (JOHN J.) ELEMENTARY,,,CHULA VISTA ELEMENTARY,CHULA VISTA ELEMENTARY,
MONTGOMERY MIDDLE,,,CAJON VALLEY UNION,CAJON VALLEY UNION,
MONTGOMERY MIDDLE,,,SAN DIEGO UNIFIED,SAN DIEGO UNIFIED,
MONTGOMERY MIDDLE,,,SWEETWATER UNION HIGH,SWEETWATER UNION HIGH,
MORNING CREEK ELEMENTARY,,,POWAY UNIFIED,POWAY UNIFIED,
MORSE HIGH,,,SAN DIEGO UNIFIED,SAN DIEGO UNIFIED,
MOUNT MIGUEL HIGH,,,GROSSMONT UNION HIGH,GROSSMONT UNION HIGH,
MOUNTAIN EMPIRE HIGH,,,MOUNTAIN EMPIRE UNIFIED,MOUNTAIN EMPIRE UNIFIED,
MOUNTAIN REGION COURT (JUVENILE RANCH FACILITY),,,,SAN DIEGO CO PROBATION DEPT,
MT. CARMEL HIGH,,,POWAY UNIFIED,POWAY UNIFIED,
MT. EVEREST ACADEMY,,,SAN DIEGO UNIFIED,SAN DIEGO UNIFIED,
MT. VERNON ELEMENTARY,MT. VERNON,,LEMON GROVE,LEMON GROVE,
MT. WOODSON ELEMENTARY,,,RAMONA CITY UNIFIED,RAMONA CITY UNIFIED,
MUELLER CHARTER (ROBERT L.),,,CHULA VISTA ELEMENTARY,CHULA VISTA ELEMENTARY,
MUIRLANDS MIDDLE,,,SAN DIEGO UNIFIED,SAN DIEGO UNIFIED,
MURDOCK ELEMENTARY,,,LA MESA-SPRING VALLEY,LA MESA-SPRING VALLEY,
MURRAY MANOR ELEMENTARY,,,LA MESA-SPRING VALLEY,LA MESA-SPRING VALLEY,
MUSEUM,,,SAN DIEGO UNIFIED,SAN DIEGO UNIFIED,
NARANCA ELEMENTARY,,,CAJON VALLEY UNION,CAJON VALLEY UNION,
NATIONAL CITY MIDDLE,,,SWEETWATER UNION HIGH,SWEETWATER UNION HIGH,
NATIVITY PREP ACADEMY,,,,"NATIVITY PREP ACADEMY, INC.",
NESTOR LANGUAGE ACADEMY CHARTER,,,SOUTH BAY UNION,SOUTH BAY UNION,
"NEW ALTERNATIVE, INC.",,,,NEW ALTERNATIVES,
NEW ALTERNATIVES #17,,,,NEW ALTERNATIVES,
NEW ALTERNATIVES INC. #18,,,,NEW ALTERNATIVES,
"NEW ALTERNATIVES, #15",,,,NEW ALTERNATIVES,
"NEW ALTERNATIVES, INC #5",,,,NEW ALTERNATIVES,
"NEW ALTERNATIVES, INC. #16",,,,NEW ALTERNATIVES,
NEW HAVEN SCHOOL,,,,NEW HAVEN YOUTH AND FAMILY SERVICES,
NEW HAVEN YOUTH AND FAMILY SERVICES,,,,NEW HAVEN YOUTH AND FAMILY SERVICES,
NEW HAVEN-CONNIE GAYLE,,,,NEW HAVEN YOUTH AND FAMILY SERVICES,
NEW HAVEN-DEBRA LANE,,,,NEW HAVEN YOUTH AND FAMILY SERVICES,
NEW HAVEN-DURIAN HOUSE,,,,NEW HAVEN YOUTH AND FAMILY SERVICES,
NEW HAVEN-LUPE HOUSE,,,,NEW HAVEN YOUTH AND FAMILY SERVICES,
NEW HAVEN-MEADOWLAKE,,,,NEW HAVEN YOUTH AND FAMILY SERVICES,
NEW HAVEN-PINA LANE,,,,NEW HAVEN YOUTH AND FAMILY SERVICES,
NEW HAVEN-TEEN HOUSE,,,,NEW HAVEN YOUTH AND FAMILY SERVICES,
NEW HAVEN-THOMSON HOUSE,,,,NEW HAVEN YOUTH AND FAMILY SERVICES,
NICHOLS ELEMENTARY,,,OCEANSIDE UNIFIED,OCEANSIDE UNIFIED,
NICOLAYSEN COMMUNITY DAY,,,ESCONDIDO UNION,ESCONDIDO UNION,
"NONPUBLIC, NONSECTARIAN SCHOOLS",,,SAN DIEGO UNIFIED,,
"NONPUBLIC, NONSECTARIAN SCHOOLS",,,SAN DIEGUITO UNION HIGH,,
"NONPUBLIC, NONSECTARIAN SCHOOLS",,,SAN MARCOS UNIFIED,,
"NONPUBLIC, NONSECTARIAN SCHOOLS",,,SAN YSIDRO ELEMENTARY,,
"NONPUBLIC, NONSECTARIAN SCHOOLS",,,SANTEE,,
"NONPUBLIC, NONSECTARIAN SCHOOLS",,,SOUTH BAY UNION,,
"NONPUBLIC, NONSECTARIAN SCHOOLS",,,SWEETWATER UNION HIGH,,
"NONPUBLIC, NONSECTARIAN SCHOOLS",,,VALLEY CENTER-PAUMA UNIFIED,,
"NONPUBLIC, NONSECTARIAN SCHOOLS",,,VISTA UNIFIED,,
NORMAL HEIGHTS ELEMENTARY,,,SAN DIEGO UNIFIED,SAN DIEGO UNIFIED,
NORMAN L. SULLIVAN MIDDLE,,,BONSALL UNIFIED,BONSALL UNIFIED,
NORMAN L. SULLIVAN MIDDLE,,,BONSALL UNIFIED,BONSALL UNION ELEMENTARY,
NORTH BROADWAY ELEMENTARY,,,ESCONDIDO UNION,ESCONDIDO UNION,
NORTH COAST ALTERNATIVE HIGH,,,SAN DIEGUITO UNION HIGH,,
NORTH COUNTY TRADE TECH HIGH,NORTH COUNTY TRADE TECH HIGH,,VISTA UNIFIED,NORTH COUNTY TRADE TECH HIGH SCHOOL,
NORTH PARK 1 2 AND 3-ANNEX,,,,SAN DIEGO UNIFIED,
NORTH TERRACE ELEMENTARY,,,OCEANSIDE UNIFIED,OCEANSIDE UNIFIED,
NORTHGATE-ANNEX,,,,SAN DIEGO UNIFIED,
NORTHMONT ELEMENTARY,,,LA MESA-SPRING VALLEY,LA MESA-SPRING VALLEY,
NYE ELEMENTARY,,,SAN DIEGO UNIFIED,SAN DIEGO UNIFIED,
OAK CREST MIDDLE,,,SAN DIEGUITO UNION HIGH,SAN DIEGUITO UNION HIGH,
OAK GLEN HIGH,,,VALLEY CENTER-PAUMA UNIFIED,VALLEY CENTER-PAUMA UNIFIED,
OAK GROVE MIDDLE,,,JAMUL-DULZURA UNION ELEMENTARY,JAMUL-DULZURA UNION ELEMENTARY,
OAK HILL ELEMENTARY,,,ESCONDIDO UNION,ESCONDIDO UNION,
OAK PARK ELEMENTARY,,,SAN DIEGO UNIFIED,SAN DIEGO UNIFIED,
OAK VALLEY MIDDLE,,,POWAY UNIFIED,POWAY UNIFIED,
OAKHILL PRESCHOOL,,,,ESCONDIDO UNION,
OASIS HIGH (ALTERNATIVE),,,FALLBROOK UNION HIGH,FALLBROOK UNION HIGH,
OCEAN AIR,,,DEL MAR UNION ELEMENTARY,DEL MAR UNION ELEMENTARY,
OCEAN BEACH ELEMENTARY,,,SAN DIEGO UNIFIED,SAN DIEGO UNIFIED,
OCEAN KNOLL ELEMENTARY,,,ENCINITAS UNION ELEMENTARY,ENCINITAS UNION ELEMENTARY,
OCEAN SHORES HIGH (CONTINUATION),,,OCEANSIDE UNIFIED,OCEANSIDE UNIFIED,
OCEAN VIEW HILLS,,,SAN YSIDRO ELEMENTARY,SAN YSIDRO ELEMENTARY,
OCEANSIDE HIGH,,,OCEANSIDE UNIFIED,OCEANSIDE UNIFIED,
OLD TOWN ACADEMY K-8 CHARTER,,,SAN DIEGO UNIFIED,,
OLIVE ELEMENTARY,,,VISTA UNIFIED,VISTA UNIFIED,
OLIVE PEIRCE MIDDLE,,,RAMONA CITY UNIFIED,RAMONA CITY UNIFIED,
OLIVENHAIN PIONEER ELEMENTARY,,,ENCINITAS UNION ELEMENTARY,ENCINITAS UNION ELEMENTARY,
OLIVEWOOD,,,NATIONAL ELEMENTARY,NATIONAL ELEMENTARY,
OLYMPIAN HIGH,,,SWEETWATER UNION HIGH,SWEETWATER UNION HIGH,
OLYMPIC VIEW ELEMENTARY,,,CHULA VISTA ELEMENTARY,CHULA VISTA ELEMENTARY,
ONEONTA ELEMENTARY,,,SOUTH BAY UNION,SOUTH BAY UNION,
OPTIONS SECONDARY,,,SWEETWATER UNION HIGH,,
ORANGE GLEN ELEMENTARY,,,ESCONDIDO UNION,ESCONDIDO UNION,
ORANGE GLEN HIGH,,,ESCONDIDO UNION HIGH,ESCONDIDO UNION HIGH,
OTAY ELEMENTARY,,,CHULA VISTA ELEMENTARY,CHULA VISTA ELEMENTARY,
OTAY RANCH SENIOR HIGH,,,SWEETWATER UNION HIGH,SWEETWATER UNION HIGH,
OUR LADY OF THE SACRED HEART,,,,OUR LADY SACRED HEART SCHOOL,
PACIFIC AMERICAN ACADEMY,,,,SAN DIEGO UNIFIED,
PACIFIC BEACH ELEMENTARY,,,SAN DIEGO UNIFIED,SAN DIEGO UNIFIED,
PACIFIC BEACH LC - AUDEO-ANNEX,,,,SAN DIEGO UNIFIED,
PACIFIC BEACH MIDDLE,,,SAN DIEGO UNIFIED,SAN DIEGO UNIFIED,
PACIFIC RIM ELEMENTARY,,,CARLSBAD UNIFIED,CARLSBAD UNIFIED,
PACIFIC TRAILS MIDDLE,,,SAN DIEGUITO UNION HIGH,SAN DIEGUITO UNION HIGH,
PACIFIC VIEW LEADERSHIP ELEMENTARY,,,SAN DIEGO UNIFIED,SAN DIEGO UNIFIED,
PAINTED ROCK ELEMENTARY,,,POWAY UNIFIED,POWAY UNIFIED,
PALMER WAY,,,NATIONAL ELEMENTARY,NATIONAL ELEMENTARY,
PALMQUIST ELEMENTARY,,,OCEANSIDE UNIFIED,OCEANSIDE UNIFIED,
PALOMA ELEMENTARY,,,SAN MARCOS UNIFIED,SAN MARCOS UNIFIED,
PALOMAR ELEMENTARY,,,CHULA VISTA ELEMENTARY,CHULA VISTA ELEMENTARY,
PALOMAR HIGH,,,SWEETWATER UNION HIGH,SWEETWATER UNION HIGH,
PARADISE HILLS ELEMENTARY,,,SAN DIEGO UNIFIED,SAN DIEGO UNIFIED,
PARADISE VALLEY CHARTER SCHOOL-ANNEX,,,,SAN DIEGO UNIFIED,
PARK DALE LANE ELEMENTARY,,,ENCINITAS UNION ELEMENTARY,ENCINITAS UNION ELEMENTARY,
PARK IN THE PARK,,,,SAN DIEGO UNIFIED,
PARK TERRACE-ANNEX,,,,SAN DIEGO UNIFIED,
PARK VILLAGE ELEMENTARY,,,POWAY UNIFIED,POWAY UNIFIED,
PARKVIEW ELEMENTARY,,,CHULA VISTA ELEMENTARY,CHULA VISTA ELEMENTARY,
PARKWAY MIDDLE,,,LA MESA-SPRING VALLEY,LA MESA-SPRING VALLEY,
PAUL ECKE-CENTRAL ELEMENTARY,,,ENCINITAS UNION ELEMENTARY,ENCINITAS UNION ELEMENTARY,
PAUMA ELEMENTARY,,,VALLEY CENTER-PAUMA UNIFIED,VALLEY CENTER-PAUMA UNIFIED,
PENN ELEMENTARY,,,SAN DIEGO UNIFIED,SAN DIEGO UNIFIED,
PEPPER DRIVE ELEMENTARY,,,SANTEE,SANTEE,
PERKINS K-8,,,SAN DIEGO UNIFIED,SAN DIEGO UNIFIED,
PERRY ELEMENTARY,,,SAN DIEGO UNIFIED,SAN DIEGO UNIFIED,
PERSHING MIDDLE,,,SAN DIEGO UNIFIED,SAN DIEGO UNIFIED,
PHOENIX HOUSE SAN DIEGO INC.,,,,PHOENIX HOUSE SAN DIEGO INC,
PINE VALLEY MIDDLE,,,MOUNTAIN EMPIRE UNIFIED,MOUNTAIN EMPIRE UNIFIED,
PIONEER ELEMENTARY,,,ESCONDIDO UNION,ESCONDIDO UNION,
PIONEER PRESCHOOL,,,,ESCONDIDO UNION,
POINSETTIA ELEMENTARY,,,CARLSBAD UNIFIED,CARLSBAD UNIFIED,
POINT LOMA HIGH,,,SAN DIEGO UNIFIED,SAN DIEGO UNIFIED,
POMERADO ELEMENTARY,,,POWAY UNIFIED,POWAY UNIFIED,
PORTER ELEMENTARY,,,SAN DIEGO UNIFIED,SAN DIEGO UNIFIED,
PORTER ELEMENTARY (NORTH CAMPUS) -ANNEX,,,,SAN DIEGO UNIFIED,
POTRERO ELEMENTARY,,,MOUNTAIN EMPIRE UNIFIED,MOUNTAIN EMPIRE UNIFIED,
POWAY HIGH,,,POWAY UNIFIED,POWAY UNIFIED,
PREUSS SCHOOL UCSD,,,SAN DIEGO UNIFIED,SAN DIEGO UNIFIED,
PRIDE ACADEMY AT PROSPECT AVENUE,,,SANTEE,SANTEE,
PROJECT SELF SUFFICIENCY TREATMENT,,,,PROJECT SELF SUFFICIENCY TREATMENT,
QUANTUM ACADEMY,,,ESCONDIDO UNION,ESCONDIDO UNION,
RAI ONLINE CHARTER,,,VALLECITOS ELEMENTARY,,
RAMONA COMMUNITY,RAMONA COMMUNITY MONTESSORI,,RAMONA CITY UNIFIED,RAMONA CITY UNIFIED,
RAMONA ELEMENTARY,,,RAMONA CITY UNIFIED,RAMONA CITY UNIFIED,
RAMONA HIGH,,,RAMONA CITY UNIFIED,RAMONA CITY UNIFIED,
RANCHO BERNARDO HIGH,,,POWAY UNIFIED,POWAY UNIFIED,
RANCHO BUENA VISTA HIGH,,,VISTA UNIFIED,VISTA UNIFIED,
RANCHO DE LA NACION,,,NATIONAL ELEMENTARY,NATIONAL ELEMENTARY,
RANCHO DEL REY MIDDLE,,,SWEETWATER UNION HIGH,SWEETWATER UNION HIGH,
RANCHO ELEMENTARY,,,LA MESA-SPRING VALLEY,LA MESA-SPRING VALLEY,
RANCHO MINERVA MIDDLE,,,VISTA UNIFIED,VISTA UNIFIED,
RANCHO SAN DIEGO ELEMENTARY,,,CAJON VALLEY UNION,CAJON VALLEY UNION,
REACH ACADEMY,,,GROSSMONT UNION HIGH,GROSSMONT UNION HIGH,
REFLECTIONS CENTRAL SCHOOL,,,,SAN DIEGO COUNTY OFFICE OF EDUCATION,
REIDY CREEK ELEMENTARY,,,ESCONDIDO UNION,ESCONDIDO UNION,
REYNOLDS ELEMENTARY,,,OCEANSIDE UNIFIED,OCEANSIDE UNIFIED,
RICE (LILIAN J.) ELEMENTARY,,,CHULA VISTA ELEMENTARY,CHULA VISTA ELEMENTARY,
RICHLAND ELEMENTARY,,,SAN MARCOS UNIFIED,SAN MARCOS UNIFIED,
RILEY/NEW DAWN,,,SAN DIEGO UNIFIED,SAN DIEGO UNIFIED,
RINCON MIDDLE,,,ESCONDIDO UNION,ESCONDIDO UNION,
RIO SECO ELEMENTARY,,,SANTEE,SANTEE,
RIOS ELEMENTARY,,,CAJON VALLEY UNION,CAJON VALLEY UNION,
RIVERVIEW ELEMENTARY,,,LAKESIDE UNION ELEMENTARY,LAKESIDE UNION ELEMENTARY,
ROCK SPRINGS ELEMENTARY,,,ESCONDIDO UNION,ESCONDIDO UNION,
RODRIGUEZ ELEMENTARY,,,SAN DIEGO UNIFIED,SAN DIEGO UNIFIED,
ROGERS (GREG) ELEMENTARY,,,CHULA VISTA ELEMENTARY,CHULA VISTA ELEMENTARY,
ROHR (FRED H.) ELEMENTARY,,,CHULA VISTA ELEMENTARY,CHULA VISTA ELEMENTARY,
ROLANDO ELEMENTARY,,,LA MESA-SPRING VALLEY,LA MESA-SPRING VALLEY,
ROLANDO PARK ELEMENTARY,,,SAN DIEGO UNIFIED,SAN DIEGO UNIFIED,
ROLLING HILLS ELEMENTARY,,,POWAY UNIFIED,POWAY UNIFIED,
ROOSEVELT INTERNATIONAL MIDDLE,,,SAN DIEGO UNIFIED,SAN DIEGO UNIFIED,
ROOSEVELT MIDDLE,,,VISTA UNIFIED,VISTA UNIFIED,
ROSA PARKS ELEMENTARY,,,SAN DIEGO UNIFIED,SAN DIEGO UNIFIED,
ROSE ELEMENTARY,,,ESCONDIDO UNION,ESCONDIDO UNION,
ROSE PRESCHOOL,,,,ESCONDIDO UNION,
ROSEBANK ELEMENTARY,,,CHULA VISTA ELEMENTARY,CHULA VISTA ELEMENTARY,
ROSS ELEMENTARY,,,SAN DIEGO UNIFIED,SAN DIEGO UNIFIED,
ROWAN CDC,,,,SAN DIEGO UNIFIED,
ROWAN ELEMENTARY,,,SAN DIEGO UNIFIED,SAN DIEGO UNIFIED,
S.D.C.F.C.-SAN DIEGO CENTER FOR CHILDREN,,,,SAN DIEGO CENTER FOR CHILDREN,
SABURO MURAOKA,MURAOKA (SABURO) ELEMENTARY,,CHULA VISTA ELEMENTARY,CHULA VISTA ELEMENTARY,
SAGE CANYON,,,DEL MAR UNION ELEMENTARY,DEL MAR UNION ELEMENTARY,
SAGE CREEK HIGH,,,CARLSBAD UNIFIED,CARLSBAD UNIFIED,
SALT CREEK ELEMENTARY,,,CHULA VISTA ELEMENTARY,CHULA VISTA ELEMENTARY,
SAM AND ROSE STEIN EDUCATION CENTER,,,,SAN DIEGO UNIFIED,
SAM AND ROSE STEIN EDUCATION CENTER-DECENA SITE,,,,SAN DIEGO UNIFIED,
SAN ALTOS ELEMENTARY,,,LEMON GROVE,LEMON GROVE,
SAN DIEGO BUSINESS/LEADERSHIP,,,SAN DIEGO UNIFIED,SAN DIEGO UNIFIED,
SAN DIEGO CENTER FOR CHILDREN,,,,SAN DIEGO CENTER FOR CHILDREN,
SAN DIEGO COOPERATIVE CHARTER,,,SAN DIEGO UNIFIED,SAN DIEGO UNIFIED,
SAN DIEGO COOPERATIVE CHARTER SCHOOL 2,,,SAN DIEGO UNIFIED,,
SAN DIEGO EARLY/MIDDLE COLLEGE,,,SAN DIEGO UNIFIED,,
SAN DIEGO GLOBAL VISION ACADEMY,,,SAN DIEGO UNIFIED,,
SAN DIEGO GLOBAL VISION ACADEMY MIDDLE,,,SAN DIEGO UNIFIED,,
SAN DIEGO INTERNATIONAL STUDIES,,,SAN DIEGO UNIFIED,,
SAN DIEGO METRO CAREER AND TECH,,,SAN DIEGO UNIFIED,SAN DIEGO UNIFIED,
SAN DIEGO MVP ARTS,,,SAN DIEGO UNIFIED,,
SAN DIEGO SCIENCE AND TECHNOLOGY,,,SAN DIEGO UNIFIED,,
SAN DIEGO SCPA,,,SAN DIEGO UNIFIED,SAN DIEGO UNIFIED,
SAN DIEGO YOUTH AQUATIC CENTER,,,,SAN DIEGO IMPERIAL COUNCIL BSA,
SAN DIEGUITO HIGH ACADEMY,,,SAN DIEGUITO UNION HIGH,SAN DIEGUITO UNION HIGH,
SAN ELIJO ELEMENTARY,,,SAN MARCOS UNIFIED,SAN MARCOS UNIFIED,
SAN ELIJO MIDDLE,,,SAN MARCOS UNIFIED,SAN MARCOS UNIFIED,
SAN JOSE VALLEY CONTINUATION HIGH,,,WARNER UNIFIED,,
SAN LUIS REY ELEMENTARY,,,OCEANSIDE UNIFIED,OCEANSIDE UNIFIED,
SAN MARCOS ELEMENTARY,,,SAN MARCOS UNIFIED,SAN MARCOS UNIFIED,
SAN MARCOS HIGH,,,SAN MARCOS UNIFIED,SAN MARCOS UNIFIED,
SAN MARCOS MIDDLE,,,SAN MARCOS UNIFIED,SAN MARCOS UNIFIED,
SAN MIGUEL ELEMENTARY,,,LEMON GROVE,LEMON GROVE,
SAN ONOFRE ELEMENTARY,,,FALLBROOK UNION ELEMENTARY,FALLBROOK UNION ELEMENTARY,
SAN PASQUAL ACADEMY,SAN PASQUAL ACADEMY,,SAN DIEGO COUNTY OFFICE OF EDUCATION,NEW ALTERNATIVES,
SAN PASQUAL HIGH,,,ESCONDIDO UNION HIGH,ESCONDIDO UNION HIGH,
SAN PASQUAL UNION ELEMENTARY,,,SAN PASQUAL UNION ELEMENTARY,SAN PASQUAL UNION ELEMENTARY,
SAN YSIDRO HIGH,,,SWEETWATER UNION HIGH,,
SAN YSIDRO MIDDLE,,,SAN YSIDRO ELEMENTARY,SAN YSIDRO ELEMENTARY,
SANDBURG ELEMENTARY,,,SAN DIEGO UNIFIED,SAN DIEGO UNIFIED,
SANTA MARGARITA ACADEMY,,,FALLBROOK UNION ELEMENTARY,FALLBROOK UNION ELEMENTARY,
SANTA MARGARITA ELEMENTARY,,,OCEANSIDE UNIFIED,OCEANSIDE UNIFIED,
SANTANA HIGH,,,GROSSMONT UNION HIGH,GROSSMONT UNION HIGH,
SANTEE ALTERNATIVE,,,SANTEE,,
SANTEE SUCCESS PROGRAM,,,SANTEE,SANTEE,
SCHOOL FOR ENTREPRENEURSHIP AND TECHNOLOGY,SCHOOL FOR ENTREPRENEURSHIP AND TECHNOLOGY,,SAN DIEGO UNIFIED,COLEMAN TECH CHARTER HIGH SCHOOL,
"SCIENCE, TECHNOLOGY, ENGINEERING, ARTS, AND MATH ACADEMY AT LA P","SCIENCE, TECHNOLOGY, ENGINEERING, ARTS, AND MATH ACADEMY AT LA PRESA",,LA MESA-SPRING VALLEY,LA MESA-SPRING VALLEY,
SCRIPPS ELEMENTARY,,,SAN DIEGO UNIFIED,SAN DIEGO UNIFIED,
SCRIPPS RANCH HIGH,,,SAN DIEGO UNIFIED,SAN DIEGO UNIFIED,
SD GLOBAL VISION ACADEMY,,,SAN DIEGO UNIFIED,,
SDCOE SUMMIT,,,,OCEANSIDE UNIFIED,
SECOND CHANCE INDEPENDENT STUDY,,,,SAN DIEGO COUNTY OFFICE OF EDUCATION,
SEQUOIA ELEMENTARY,,,SAN DIEGO UNIFIED,SAN DIEGO UNIFIED,
SERRA HIGH,,,SAN DIEGO UNIFIED,SAN DIEGO UNIFIED,
SESSIONS ELEMENTARY,,,SAN DIEGO UNIFIED,SAN DIEGO UNIFIED,
SEVICK SPECIAL EDUCATION,,,,CAJON VALLEY UNION,
SHADOW HILLS ELEMENTARY,,,ALPINE UNION ELEMENTARY,ALPINE UNION ELEMENTARY,
SHERMAN ELEMENTARY,,,SAN DIEGO UNIFIED,SAN DIEGO UNIFIED,
SHOAL CREEK ELEMENTARY,,,POWAY UNIFIED,POWAY UNIFIED,
SIATECH,,,VISTA UNIFIED,,
SILVER GATE ELEMENTARY,,,SAN DIEGO UNIFIED,SAN DIEGO UNIFIED,
SILVER STRAND ELEMENTARY,,,CORONADO UNIFIED,CORONADO UNIFIED,
SILVER WING ELEMENTARY,,,CHULA VISTA ELEMENTARY,CHULA VISTA ELEMENTARY,
SKYLINE ELEMENTARY,,,SOLANA BEACH ELEMENTARY,SOLANA BEACH ELEMENTARY,
SMYTHE ELEMENTARY,,,SAN YSIDRO ELEMENTARY,SAN YSIDRO ELEMENTARY,
SOLANA HIGHLANDS ELEMENTARY,,,SOLANA BEACH ELEMENTARY,SOLANA BEACH ELEMENTARY,
SOLANA PACIFIC ELEMENTARY,,,SOLANA BEACH ELEMENTARY,SOLANA BEACH ELEMENTARY,
SOLANA RANCH ELEMENTARY,,,SOLANA BEACH ELEMENTARY,SOLANA BEACH ELEMENTARY,
SOLANA SANTA FE ELEMENTARY,,,SOLANA BEACH ELEMENTARY,SOLANA BEACH ELEMENTARY,
SOLANA VISTA ELEMENTARY,,,SOLANA BEACH ELEMENTARY,SOLANA BEACH ELEMENTARY,
SORRENTO MESA LC - AUDEO CHARTER -ANNEX,,,,SAN DIEGO UNIFIED,
SOUTH BAY COUNTY BLENDED COMM SCHOOL,,,,SAN DIEGO COUNTY OFFICE OF EDUCATION,
SOUTH OCEANSIDE ELEMENTARY,,,OCEANSIDE UNIFIED,OCEANSIDE UNIFIED,
SOUTHLAND BLENDED COMM SCHOOL,,,,SAN DIEGO COUNTY OFFICE OF EDUCATION,
SOUTHWEST MIDDLE,,,SWEETWATER UNION HIGH,SWEETWATER UNION HIGH,
SOUTHWEST SENIOR HIGH,,,SWEETWATER UNION HIGH,SWEETWATER UNION HIGH,
SPENCER VALLEY ELEMENTARY,,,SPENCER VALLEY ELEMENTARY,,
SPORTS SCIENCE ACADEMY,,,,SAN DIEGO COUNTY OFFICE OF EDUCATION,
SPRECKELS ELEMENTARY,,,SAN DIEGO UNIFIED,SAN DIEGO UNIFIED,
SPRING VALLEY ACADEMY,,,LA MESA-SPRING VALLEY,LA MESA-SPRING VALLEY,
SPRING VALLEY MIDDLE,,,LA MESA-SPRING VALLEY,LA MESA-SPRING VALLEY,
SPRINGALL ACADEMY,,,,SAN DIEGO UNIFIED,
ST. JOHN OF THE CROSS,,,,GROSSMONT UNION HIGH,
ST. MARTIN OF TOURS ACADEMY,,,,LA MESA-SPRING VALLEY,
STANDLEY MIDDLE,,,SAN DIEGO UNIFIED,SAN DIEGO UNIFIED,
STEELE CANYON HIGH,,,GROSSMONT UNION HIGH,GROSSMONT UNION HIGH,
STEPHEN W. HAWKING CHARTER,,,SWEETWATER UNION HIGH,SWEETWATER UNION HIGH,
STEPS,,,,SAN DIEGO UNIFIED,
STONE RANCH ELEMENTARY,,,POWAY UNIFIED,POWAY UNIFIED,
STUART MESA ELEMENTARY,,,OCEANSIDE UNIFIED,OCEANSIDE UNIFIED,
SUNDANCE ELEMENTARY,,,POWAY UNIFIED,POWAY UNIFIED,
SUNNYSIDE ELEMENTARY,,,CHULA VISTA ELEMENTARY,CHULA VISTA ELEMENTARY,
SUNNYSLOPE ELEMENTARY,,,SOUTH BAY UNION,SOUTH BAY UNION,
SUNSET ELEMENTARY,,,SAN YSIDRO ELEMENTARY,SAN YSIDRO ELEMENTARY,
SUNSET HIGH (CONTINUATION),,,SAN DIEGUITO UNION HIGH,,
SUNSET HILLS ELEMENTARY,,,POWAY UNIFIED,POWAY UNIFIED,
SUNSET VIEW ELEMENTARY,,,SAN DIEGO UNIFIED,SAN DIEGO UNIFIED,
SWEETWATER COMMUNITY DAY,,,SWEETWATER UNION HIGH,,
SWEETWATER HIGH,,,SWEETWATER UNION HIGH,SWEETWATER UNION HIGH,
SWEETWATER SECONDARY,,,SBE - SWEETWATER SECONDARY,,
SWEETWATER SPRINGS ELEMENTARY,,,LA MESA-SPRING VALLEY,LA MESA-SPRING VALLEY,
SYCAMORE CANYON ELEMENTARY,,,SANTEE,SANTEE,
SYCAMORE RIDGE,,,DEL MAR UNION ELEMENTARY,DEL MAR UNION ELEMENTARY,
TAFT MIDDLE,,,SAN DIEGO UNIFIED,SAN DIEGO UNIFIED,
TAYLION SAN DIEGO ACADEMY,,,VALLECITOS ELEMENTARY,,
TEEN OPTIONS INDEPENDENT STUDY,,,,SAN DIEGO COUNTY OFFICE OF EDUCATION,
TEMPLE HEIGHTS ELEMENTARY,,,VISTA UNIFIED,VISTA UNIFIED,
TEOFILO MENDOZA,,,SOUTH BAY UNION,SOUTH BAY UNION,
THE INSTITUTE FOR EFFECTIVE EDUCATION (TIEE SITE 1) - CHILDREN'S,,,,SAN DIEGO UNIFIED,
THE INSTITUTE FOR EFFECTIVE EDUCATION (TIEE SITE 2) - URBAN SKIL,,,,SAN DIEGO UNIFIED,
THE INSTITUTE FOR EFFECTIVE EDUCATION (TIEE SITE 3) - COOK EDUCA,,,,SAN DIEGO UNIFIED,
THE O'FARRELL CHARTER,,,SAN DIEGO UNIFIED,SAN DIEGO UNIFIED,
THURGOOD MARSHALL COMMUNITY SCHOOL,,,,SAN DIEGO COUNTY OFFICE OF EDUCATION,
TIERRA BONITA ELEMENTARY,,,POWAY UNIFIED,POWAY UNIFIED,
TIERRA DEL SOL MIDDLE,,,LAKESIDE UNION ELEMENTARY,LAKESIDE UNION ELEMENTARY,
TIERRASANTA CHARTER-ANNEX,,,,SAN DIEGO UNIFIED,
TIERRASANTA ELEMENTARY,,,SAN DIEGO UNIFIED,SAN DIEGO UNIFIED,
TIFFANY (BURTON C.) ELEMENTARY,,,CHULA VISTA ELEMENTARY,CHULA VISTA ELEMENTARY,
TOLER ELEMENTARY,,,SAN DIEGO UNIFIED,SAN DIEGO UNIFIED,
TOP BLENDED,,,,SAN DIEGO COUNTY OFFICE OF EDUCATION,
TORREY HILLS,,,DEL MAR UNION ELEMENTARY,DEL MAR UNION ELEMENTARY,
TORREY PINES ELEMENTARY,,,SAN DIEGO UNIFIED,SAN DIEGO UNIFIED,
TORREY PINES HIGH,,,SAN DIEGUITO UNION HIGH,SAN DIEGUITO UNION HIGH,
TRACE,TRACE CENTER CITY- ANNEX,,SAN DIEGO UNIFIED,SAN DIEGO UNIFIED,
TURTLEBACK ELEMENTARY,,,POWAY UNIFIED,POWAY UNIFIED,
TWAIN HIGH,,,SAN DIEGO UNIFIED,SAN DIEGO UNIFIED,
TWIN OAKS ELEMENTARY,,,SAN MARCOS UNIFIED,SAN MARCOS UNIFIED,
TWIN OAKS HIGH,,,SAN MARCOS UNIFIED,SAN MARCOS UNIFIED,
TWIN PEAKS MIDDLE,,,POWAY UNIFIED,POWAY UNIFIED,
UNIVERSITY CITY HIGH,,,SAN DIEGO UNIFIED,SAN DIEGO UNIFIED,
UNIVERSITY COMMUNITY SCHOOL,,,,SAN DIEGO COUNTY OFFICE OF EDUCATION,
UNIVERSITY TOWN CENTER-ANNEX,,,,SAN DIEGO UNIFIED,
URBAN DISCOVERY ACADEMY CHARTER,URBAN SKILLS CENTER,,SAN DIEGO UNIFIED,SAN DIEGO UNIFIED,
VALENCIA PARK ELEMENTARY,,,SAN DIEGO UNIFIED,SAN DIEGO UNIFIED,
VALHALLA HIGH,,,GROSSMONT UNION HIGH,GROSSMONT UNION HIGH,
VALLE LINDO ELEMENTARY,,,CHULA VISTA ELEMENTARY,CHULA VISTA ELEMENTARY,
VALLECITOS ELEMENTARY,,,VALLECITOS ELEMENTARY,VALLECITOS ELEMENTARY,
VALLECITOS ELEMENTARY SCHOOL DISTRICT,,,,FALLBROOK UNION HIGH,
VALLEY CENTER HIGH,,,VALLEY CENTER-PAUMA UNIFIED,VALLEY CENTER-PAUMA UNIFIED,
VALLEY CENTER MIDDLE,,,VALLEY CENTER-PAUMA UNIFIED,VALLEY CENTER-PAUMA UNIFIED,
VALLEY CENTER PREP,,,VALLEY CENTER-PAUMA UNIFIED,,
VALLEY CENTER PRIMARY,,,VALLEY CENTER-PAUMA UNIFIED,VALLEY CENTER-PAUMA UNIFIED,
VALLEY ELEMENTARY,,,POWAY UNIFIED,POWAY UNIFIED,
VALLEY HIGH (CONTINUATION),,,ESCONDIDO UNION HIGH,ESCONDIDO UNION HIGH,
VALLEY MIDDLE,,,CARLSBAD UNIFIED,CARLSBAD UNIFIED,
VALLEY VISTA ELEMENTARY,,,CHULA VISTA ELEMENTARY,CHULA VISTA ELEMENTARY,
VETERANS ELEMENTARY,,,CHULA VISTA ELEMENTARY,CHULA VISTA ELEMENTARY,
VICKING CENTER,,,,GROSSMONT UNION HIGH,
VICTORIA BLENDED COMMUNITY SCHOOL,,,,SAN DIEGO COUNTY OFFICE OF EDUCATION,
VISTA ACADEMY OF VISUAL AND PERFORMING ARTS,,,VISTA UNIFIED,VISTA UNIFIED,
VISTA ADULT TRANSITION CENTER,,,VISTA UNIFIED,VISTA UNIFIED,
VISTA DEL MAR,,,SAN YSIDRO ELEMENTARY,SAN YSIDRO ELEMENTARY,
VISTA GRANDE ELEMENTARY,,,CAJON VALLEY UNION,CAJON VALLEY UNION,
VISTA GRANDE ELEMENTARY,,,SAN DIEGO UNIFIED,SAN DIEGO UNIFIED,
VISTA HIGH,,,VISTA UNIFIED,VISTA UNIFIED,
VISTA INNOVATION AND DESIGN ACADEMY,,,VISTA UNIFIED,VISTA UNIFIED,
VISTA LA MESA ACADEMY,,,LEMON GROVE,LEMON GROVE,
"VISTA MAGNET MIDDLE SCHOOL OF TECHNOLOGY, SCIENCE, AND MATH",,,VISTA UNIFIED,VISTA UNIFIED,
VISTA SQUARE ELEMENTARY,,,CHULA VISTA ELEMENTARY,CHULA VISTA ELEMENTARY,
VISTA VISIONS ACADEMY,,,VISTA UNIFIED,,
VIVIAN BANKS CHARTER,,,BONSALL UNIFIED,BONSALL UNIFIED,
VIVIAN BANKS CHARTER,,,BONSALL UNIFIED,BONSALL UNION ELEMENTARY,
W. D. HALL ELEMENTARY,,,CAJON VALLEY UNION,CAJON VALLEY UNION,
WALKER CDC,,,,SAN DIEGO UNIFIED,
WALKER ELEMENTARY,,,SAN DIEGO UNIFIED,SAN DIEGO UNIFIED,
WANGENHEIM MIDDLE,,,SAN DIEGO UNIFIED,SAN DIEGO UNIFIED,
WARNER ELEMENTARY,,,WARNER UNIFIED,WARNER UNIFIED,
WARNER JUNIOR/SENIOR HIGH,,,WARNER UNIFIED,,
WASHINGTON ELEMENTARY,,,SAN DIEGO UNIFIED,SAN DIEGO UNIFIED,
WEBSTER ELEMENTARY,,,SAN DIEGO UNIFIED,SAN DIEGO UNIFIED,
WEGEFORTH CDC,,,,SAN DIEGO UNIFIED,
WEGEFORTH ELEMENTARY,,,SAN DIEGO UNIFIED,SAN DIEGO UNIFIED,
WEST HILLS HIGH,,,GROSSMONT UNION HIGH,GROSSMONT UNION HIGH,
WESTVIEW HIGH,,,POWAY UNIFIED,POWAY UNIFIED,
WESTWOOD ELEMENTARY,,,POWAY UNIFIED,POWAY UNIFIED,
WHITMAN ELEMENTARY,,,SAN DIEGO UNIFIED,SAN DIEGO UNIFIED,
WHITTIER K-12,,,SAN DIEGO UNIFIED,SAN DIEGO UNIFIED,
WILLIAM H. FRAZIER ELEMENTARY,,,FALLBROOK UNION ELEMENTARY,FALLBROOK UNION ELEMENTARY,
WILLOW ELEMENTARY,,,SAN YSIDRO ELEMENTARY,SAN YSIDRO ELEMENTARY,
WILLOW GROVE ELEMENTARY,,,POWAY UNIFIED,POWAY UNIFIED,
WILSON MIDDLE,,,SAN DIEGO UNIFIED,SAN DIEGO UNIFIED,
WINTER GARDENS ELEMENTARY,,,LAKESIDE UNION ELEMENTARY,LAKESIDE UNION ELEMENTARY,
WOLF CANYON ELEMENTARY,,,CHULA VISTA ELEMENTARY,CHULA VISTA ELEMENTARY,
WOODLAND PARK MIDDLE,,,SAN MARCOS UNIFIED,SAN MARCOS UNIFIED,
WOODMAN-ANNEX,,,,SAN DIEGO UNIFIED,
WORTHINGTON SCHOOL,,,,GROSSMONT UNION HIGH,
YOUTH DAY CENTER,,,,SAN DIEGO COUNTY OFFICE OF EDUCATION,
ZAMORANO ELEMENTARY,,,SAN DIEGO UNIFIED,SAN DIEGO UNIFIED,