"no_match.sitename","alt_names","sponsors","district","is_school","school_code","district_code"
"BELLA MENTE MONTESSORI ACADEMY","BELLA MENTE MONTESSORI ACADEMY","BELLA MENTE CHARTER SCHOOL",NA,NA,NA,NA
"BELLA MENTE MONTESSORI ACADEMY","BELLA MENTE MONTESSORI ACADEMY","BELLA MENTE CHARTER SCHOOL",NA,NA,NA,NA
"BELLA MENTE MONTESSORI ACADEMY","BELLA MENTE MONTESSORI ACADEMY","BELLA MENTE CHARTER SCHOOL",NA,NA,NA,NA
"BELLA MENTE MONTESSORI ACADEMY","BELLA MENTE MONTESSORI ACADEMY","BELLA MENTE CHARTER SCHOOL",NA,NA,NA,NA
"BELLA MENTE MONTESSORI ACADEMY","BELLA MENTE MONTESSORI ACADEMY","BELLA MENTE CHARTER SCHOOL",NA,NA,NA,NA
"BELLA MENTE MONTESSORI ACADEMY","BELLA MENTE MONTESSORI ACADEMY","BELLA MENTE CHARTER SCHOOL",NA,NA,NA,NA
"BELLA MENTE MONTESSORI ACADEMY","BELLA MENTE MONTESSORI ACADEMY","BELLA MENTE CHARTER SCHOOL",NA,NA,NA,NA
"BELLA MENTE MONTESSORI ACADEMY","BELLA MENTE MONTESSORI ACADEMY","BELLA MENTE CHARTER SCHOOL",NA,NA,NA,NA
"BELLA MENTE MONTESSORI ACADEMY","BELLA MENTE MONTESSORI ACADEMY","BELLA MENTE CHARTER SCHOOL",NA,NA,NA,NA
"BELLA MENTE MONTESSORI ACADEMY","BELLA MENTE MONTESSORI ACADEMY","BELLA MENTE CHARTER SCHOOL",NA,NA,NA,NA
"BELLA MENTE MONTESSORI ACADEMY","BELLA MENTE MONTESSORI ACADEMY","BELLA MENTE CHARTER SCHOOL",NA,NA,NA,NA
"BELLA MENTE MONTESSORI ACADEMY","BELLA MENTE MONTESSORI ACADEMY","BELLA MENTE CHARTER SCHOOL",NA,NA,NA,NA
"BELLA MENTE MONTESSORI ACADEMY","BELLA MENTE MONTESSORI ACADEMY","BELLA MENTE CHARTER SCHOOL",NA,NA,NA,NA
"BELLA MENTE MONTESSORI ACADEMY","BELLA MENTE MONTESSORI ACADEMY","BELLA MENTE CHARTER SCHOOL",NA,NA,NA,NA
"BELLA MENTE MONTESSORI ACADEMY","BELLA MENTE MONTESSORI ACADEMY","BELLA MENTE CHARTER SCHOOL",NA,NA,NA,NA
"BELLA MENTE MONTESSORI ACADEMY","BELLA MENTE MONTESSORI ACADEMY","BELLA MENTE CHARTER SCHOOL",NA,NA,NA,NA
"BELLA MENTE MONTESSORI ACADEMY","BELLA MENTE MONTESSORI ACADEMY","BELLA MENTE CHARTER SCHOOL",NA,NA,NA,NA
"BELLA MENTE MONTESSORI ACADEMY","BELLA MENTE MONTESSORI ACADEMY","BELLA MENTE CHARTER SCHOOL",NA,NA,NA,NA
"BELLA MENTE MONTESSORI ACADEMY","BELLA MENTE MONTESSORI ACADEMY","BELLA MENTE CHARTER SCHOOL",NA,NA,NA,NA
"BELLA MENTE MONTESSORI ACADEMY","BELLA MENTE MONTESSORI ACADEMY","BELLA MENTE CHARTER SCHOOL",NA,NA,NA,NA
"BELLA MENTE MONTESSORI ACADEMY","BELLA MENTE MONTESSORI ACADEMY","BELLA MENTE CHARTER SCHOOL",NA,NA,NA,NA
"BELLA MENTE MONTESSORI ACADEMY","BELLA MENTE MONTESSORI ACADEMY","BELLA MENTE CHARTER SCHOOL",NA,NA,NA,NA
"BONSALL ELEMENTARY","BONSALL ELEMENTARY","BONSALL UNIFIED",NA,NA,NA,NA
"BONSALL ELEMENTARY","BONSALL ELEMENTARY","BONSALL UNIFIED",NA,NA,NA,NA
"BONSALL ELEMENTARY","BONSALL ELEMENTARY","BONSALL UNIFIED",NA,NA,NA,NA
"BONSALL ELEMENTARY","BONSALL ELEMENTARY","BONSALL UNIFIED",NA,NA,NA,NA
"BONSALL ELEMENTARY","BONSALL ELEMENTARY","BONSALL UNIFIED",NA,NA,NA,NA
"BONSALL ELEMENTARY","BONSALL ELEMENTARY","BONSALL UNIFIED",NA,NA,NA,NA
"BONSALL ELEMENTARY","BONSALL ELEMENTARY","BONSALL UNIFIED",NA,NA,NA,NA
"BONSALL ELEMENTARY","BONSALL ELEMENTARY","BONSALL UNIFIED",NA,NA,NA,NA
"BONSALL ELEMENTARY","BONSALL ELEMENTARY","BONSALL UNIFIED",NA,NA,NA,NA
"BONSALL ELEMENTARY","BONSALL ELEMENTARY","BONSALL UNIFIED",NA,NA,NA,NA
"BONSALL ELEMENTARY","BONSALL ELEMENTARY","BONSALL UNIFIED",NA,NA,NA,NA
"BONSALL ELEMENTARY","BONSALL ELEMENTARY","BONSALL UNIFIED",NA,NA,NA,NA
"BONSALL ELEMENTARY","BONSALL ELEMENTARY","BONSALL UNIFIED",NA,NA,NA,NA
"BONSALL ELEMENTARY","BONSALL ELEMENTARY","BONSALL UNIFIED",NA,NA,NA,NA
"BONSALL ELEMENTARY","BONSALL ELEMENTARY","BONSALL UNIFIED",NA,NA,NA,NA
"BONSALL ELEMENTARY","BONSALL ELEMENTARY","BONSALL UNIFIED",NA,NA,NA,NA
"BONSALL ELEMENTARY","BONSALL ELEMENTARY","BONSALL UNIFIED",NA,NA,NA,NA
"BONSALL ELEMENTARY","BONSALL ELEMENTARY","BONSALL UNIFIED",NA,NA,NA,NA
"BONSALL ELEMENTARY","BONSALL ELEMENTARY","BONSALL UNIFIED",NA,NA,NA,NA
"BONSALL ELEMENTARY","BONSALL ELEMENTARY","BONSALL UNIFIED",NA,NA,NA,NA
"BONSALL ELEMENTARY","BONSALL ELEMENTARY","BONSALL UNIFIED",NA,NA,NA,NA
"BONSALL ELEMENTARY","BONSALL ELEMENTARY","BONSALL UNIFIED",NA,NA,NA,NA
"BONSALL ELEMENTARY","BONSALL ELEMENTARY","BONSALL UNIFIED",NA,NA,NA,NA
"BONSALL WEST ELEMENTARY","BONSALL WEST ELEMENTARY","BONSALL UNIFIED",NA,NA,NA,NA
"BONSALL WEST ELEMENTARY","BONSALL WEST ELEMENTARY","BONSALL UNIFIED",NA,NA,NA,NA
"BONSALL WEST ELEMENTARY","BONSALL WEST ELEMENTARY","BONSALL UNIFIED",NA,NA,NA,NA
"BONSALL WEST ELEMENTARY","BONSALL WEST ELEMENTARY","BONSALL UNIFIED",NA,NA,NA,NA
"BONSALL WEST ELEMENTARY","BONSALL WEST ELEMENTARY","BONSALL UNIFIED",NA,NA,NA,NA
"BONSALL WEST ELEMENTARY","BONSALL WEST ELEMENTARY","BONSALL UNIFIED",NA,NA,NA,NA
"BONSALL WEST ELEMENTARY","BONSALL WEST ELEMENTARY","BONSALL UNIFIED",NA,NA,NA,NA
"BONSALL WEST ELEMENTARY","BONSALL WEST ELEMENTARY","BONSALL UNIFIED",NA,NA,NA,NA
"BONSALL WEST ELEMENTARY","BONSALL WEST ELEMENTARY","BONSALL UNIFIED",NA,NA,NA,NA
"BONSALL WEST ELEMENTARY","BONSALL WEST ELEMENTARY","BONSALL UNIFIED",NA,NA,NA,NA
"BONSALL WEST ELEMENTARY","BONSALL WEST ELEMENTARY","BONSALL UNIFIED",NA,NA,NA,NA
"BONSALL WEST ELEMENTARY","BONSALL WEST ELEMENTARY","BONSALL UNIFIED",NA,NA,NA,NA
"BONSALL WEST ELEMENTARY","BONSALL WEST ELEMENTARY","BONSALL UNIFIED",NA,NA,NA,NA
"BONSALL WEST ELEMENTARY","BONSALL WEST ELEMENTARY","BONSALL UNIFIED",NA,NA,NA,NA
"BONSALL WEST ELEMENTARY","BONSALL WEST ELEMENTARY","BONSALL UNIFIED",NA,NA,NA,NA
"BONSALL WEST ELEMENTARY","BONSALL WEST ELEMENTARY","BONSALL UNIFIED",NA,NA,NA,NA
"BONSALL WEST ELEMENTARY","BONSALL WEST ELEMENTARY","BONSALL UNIFIED",NA,NA,NA,NA
"BONSALL WEST ELEMENTARY","BONSALL WEST ELEMENTARY","BONSALL UNIFIED",NA,NA,NA,NA
"BONSALL WEST ELEMENTARY","BONSALL WEST ELEMENTARY","BONSALL UNIFIED",NA,NA,NA,NA
"BONSALL WEST ELEMENTARY","BONSALL WEST ELEMENTARY","BONSALL UNIFIED",NA,NA,NA,NA
"BONSALL WEST ELEMENTARY","BONSALL WEST ELEMENTARY","BONSALL UNIFIED",NA,NA,NA,NA
"BONSALL WEST ELEMENTARY","BONSALL WEST ELEMENTARY","BONSALL UNIFIED",NA,NA,NA,NA
"NORMAN L. SULLIVAN MIDDLE","NORMAN L. SULLIVAN MIDDLE","BONSALL UNIFIED",NA,NA,NA,NA
"NORMAN L. SULLIVAN MIDDLE","NORMAN L. SULLIVAN MIDDLE","BONSALL UNIFIED",NA,NA,NA,NA
"NORMAN L. SULLIVAN MIDDLE","NORMAN L. SULLIVAN MIDDLE","BONSALL UNIFIED",NA,NA,NA,NA
"NORMAN L. SULLIVAN MIDDLE","NORMAN L. SULLIVAN MIDDLE","BONSALL UNIFIED",NA,NA,NA,NA
"NORMAN L. SULLIVAN MIDDLE","NORMAN L. SULLIVAN MIDDLE","BONSALL UNIFIED",NA,NA,NA,NA
"NORMAN L. SULLIVAN MIDDLE","NORMAN L. SULLIVAN MIDDLE","BONSALL UNIFIED",NA,NA,NA,NA
"NORMAN L. SULLIVAN MIDDLE","NORMAN L. SULLIVAN MIDDLE","BONSALL UNIFIED",NA,NA,NA,NA
"NORMAN L. SULLIVAN MIDDLE","NORMAN L. SULLIVAN MIDDLE","BONSALL UNIFIED",NA,NA,NA,NA
"NORMAN L. SULLIVAN MIDDLE","NORMAN L. SULLIVAN MIDDLE","BONSALL UNIFIED",NA,NA,NA,NA
"NORMAN L. SULLIVAN MIDDLE","NORMAN L. SULLIVAN MIDDLE","BONSALL UNIFIED",NA,NA,NA,NA
"NORMAN L. SULLIVAN MIDDLE","NORMAN L. SULLIVAN MIDDLE","BONSALL UNIFIED",NA,NA,NA,NA
"NORMAN L. SULLIVAN MIDDLE","NORMAN L. SULLIVAN MIDDLE","BONSALL UNIFIED",NA,NA,NA,NA
"NORMAN L. SULLIVAN MIDDLE","NORMAN L. SULLIVAN MIDDLE","BONSALL UNIFIED",NA,NA,NA,NA
"NORMAN L. SULLIVAN MIDDLE","NORMAN L. SULLIVAN MIDDLE","BONSALL UNIFIED",NA,NA,NA,NA
"NORMAN L. SULLIVAN MIDDLE","NORMAN L. SULLIVAN MIDDLE","BONSALL UNIFIED",NA,NA,NA,NA
"NORMAN L. SULLIVAN MIDDLE","NORMAN L. SULLIVAN MIDDLE","BONSALL UNIFIED",NA,NA,NA,NA
"NORMAN L. SULLIVAN MIDDLE","NORMAN L. SULLIVAN MIDDLE","BONSALL UNIFIED",NA,NA,NA,NA
"NORMAN L. SULLIVAN MIDDLE","NORMAN L. SULLIVAN MIDDLE","BONSALL UNIFIED",NA,NA,NA,NA
"NORMAN L. SULLIVAN MIDDLE","NORMAN L. SULLIVAN MIDDLE","BONSALL UNIFIED",NA,NA,NA,NA
"NORMAN L. SULLIVAN MIDDLE","NORMAN L. SULLIVAN MIDDLE","BONSALL UNIFIED",NA,NA,NA,NA
"NORMAN L. SULLIVAN MIDDLE","NORMAN L. SULLIVAN MIDDLE","BONSALL UNIFIED",NA,NA,NA,NA
"NORMAN L. SULLIVAN MIDDLE","NORMAN L. SULLIVAN MIDDLE","BONSALL UNIFIED",NA,NA,NA,NA
"VIVIAN BANKS CHARTER","VIVIAN BANKS CHARTER","BONSALL UNIFIED",NA,NA,NA,NA
"VIVIAN BANKS CHARTER","VIVIAN BANKS CHARTER","BONSALL UNIFIED",NA,NA,NA,NA
"VIVIAN BANKS CHARTER","VIVIAN BANKS CHARTER","BONSALL UNIFIED",NA,NA,NA,NA
"VIVIAN BANKS CHARTER","VIVIAN BANKS CHARTER","BONSALL UNIFIED",NA,NA,NA,NA
"VIVIAN BANKS CHARTER","VIVIAN BANKS CHARTER","BONSALL UNIFIED",NA,NA,NA,NA
"VIVIAN BANKS CHARTER","VIVIAN BANKS CHARTER","BONSALL UNIFIED",NA,NA,NA,NA
"VIVIAN BANKS CHARTER","VIVIAN BANKS CHARTER","BONSALL UNIFIED",NA,NA,NA,NA
"VIVIAN BANKS CHARTER","VIVIAN BANKS CHARTER","BONSALL UNIFIED",NA,NA,NA,NA
"VIVIAN BANKS CHARTER","VIVIAN BANKS CHARTER","BONSALL UNIFIED",NA,NA,NA,NA
"VIVIAN BANKS CHARTER","VIVIAN BANKS CHARTER","BONSALL UNIFIED",NA,NA,NA,NA
"VIVIAN BANKS CHARTER","VIVIAN BANKS CHARTER","BONSALL UNIFIED",NA,NA,NA,NA
"VIVIAN BANKS CHARTER","VIVIAN BANKS CHARTER","BONSALL UNIFIED",NA,NA,NA,NA
"VIVIAN BANKS CHARTER","VIVIAN BANKS CHARTER","BONSALL UNIFIED",NA,NA,NA,NA
"VIVIAN BANKS CHARTER","VIVIAN BANKS CHARTER","BONSALL UNIFIED",NA,NA,NA,NA
"VIVIAN BANKS CHARTER","VIVIAN BANKS CHARTER","BONSALL UNIFIED",NA,NA,NA,NA
"VIVIAN BANKS CHARTER","VIVIAN BANKS CHARTER","BONSALL UNIFIED",NA,NA,NA,NA
"VIVIAN BANKS CHARTER","VIVIAN BANKS CHARTER","BONSALL UNIFIED",NA,NA,NA,NA
"VIVIAN BANKS CHARTER","VIVIAN BANKS CHARTER","BONSALL UNIFIED",NA,NA,NA,NA
"VIVIAN BANKS CHARTER","VIVIAN BANKS CHARTER","BONSALL UNIFIED",NA,NA,NA,NA
"VIVIAN BANKS CHARTER","VIVIAN BANKS CHARTER","BONSALL UNIFIED",NA,NA,NA,NA
"VIVIAN BANKS CHARTER","VIVIAN BANKS CHARTER","BONSALL UNIFIED",NA,NA,NA,NA
"VIVIAN BANKS CHARTER","VIVIAN BANKS CHARTER","BONSALL UNIFIED",NA,NA,NA,NA
"VIVIAN BANKS CHARTER","VIVIAN BANKS CHARTER","BONSALL UNIFIED",NA,NA,NA,NA
"VIVIAN BANKS CHARTER","VIVIAN BANKS CHARTER","BONSALL UNIFIED",NA,NA,NA,NA
"VIVIAN BANKS CHARTER","VIVIAN BANKS CHARTER","BONSALL UNIFIED",NA,NA,NA,NA
"VIVIAN BANKS CHARTER","VIVIAN BANKS CHARTER","BONSALL UNIFIED",NA,NA,NA,NA
"VIVIAN BANKS CHARTER","VIVIAN BANKS CHARTER","BONSALL UNIFIED",NA,NA,NA,NA
"VIVIAN BANKS CHARTER","VIVIAN BANKS CHARTER","BONSALL UNIFIED",NA,NA,NA,NA
"VIVIAN BANKS CHARTER","VIVIAN BANKS CHARTER","BONSALL UNIFIED",NA,NA,NA,NA
"VIVIAN BANKS CHARTER","VIVIAN BANKS CHARTER","BONSALL UNIFIED",NA,NA,NA,NA
"VIVIAN BANKS CHARTER","VIVIAN BANKS CHARTER","BONSALL UNIFIED",NA,NA,NA,NA
"VIVIAN BANKS CHARTER","VIVIAN BANKS CHARTER","BONSALL UNIFIED",NA,NA,NA,NA
"VIVIAN BANKS CHARTER","VIVIAN BANKS CHARTER","BONSALL UNIFIED",NA,NA,NA,NA
"BOSTONIA LANGUAGE ACADEMY","BOSTONIA LANGUAGE ACADEMY","CAJON VALLEY UNION",NA,NA,NA,NA
"BOSTONIA LANGUAGE ACADEMY","BOSTONIA LANGUAGE ACADEMY","CAJON VALLEY UNION",NA,NA,NA,NA
"BOSTONIA LANGUAGE ACADEMY","BOSTONIA LANGUAGE ACADEMY","CAJON VALLEY UNION",NA,NA,NA,NA
"BOSTONIA LANGUAGE ACADEMY","BOSTONIA LANGUAGE ACADEMY","CAJON VALLEY UNION",NA,NA,NA,NA
"BOSTONIA LANGUAGE ACADEMY","BOSTONIA LANGUAGE ACADEMY","CAJON VALLEY UNION",NA,NA,NA,NA
"BOSTONIA LANGUAGE ACADEMY","BOSTONIA LANGUAGE ACADEMY","CAJON VALLEY UNION",NA,NA,NA,NA
"BOSTONIA LANGUAGE ACADEMY","BOSTONIA LANGUAGE ACADEMY","CAJON VALLEY UNION",NA,NA,NA,NA
"BOSTONIA LANGUAGE ACADEMY","BOSTONIA LANGUAGE ACADEMY","CAJON VALLEY UNION",NA,NA,NA,NA
"BOSTONIA LANGUAGE ACADEMY","BOSTONIA LANGUAGE ACADEMY","CAJON VALLEY UNION",NA,NA,NA,NA
"BOSTONIA LANGUAGE ACADEMY","BOSTONIA LANGUAGE ACADEMY","CAJON VALLEY UNION",NA,NA,NA,NA
"BOSTONIA LANGUAGE ACADEMY","BOSTONIA LANGUAGE ACADEMY","CAJON VALLEY UNION",NA,NA,NA,NA
"BOSTONIA LANGUAGE ACADEMY","BOSTONIA LANGUAGE ACADEMY","CAJON VALLEY UNION",NA,NA,NA,NA
"BOSTONIA LANGUAGE ACADEMY","BOSTONIA LANGUAGE ACADEMY","CAJON VALLEY UNION",NA,NA,NA,NA
"BOSTONIA LANGUAGE ACADEMY","BOSTONIA LANGUAGE ACADEMY","CAJON VALLEY UNION",NA,NA,NA,NA
"BOSTONIA LANGUAGE ACADEMY","BOSTONIA LANGUAGE ACADEMY","CAJON VALLEY UNION",NA,NA,NA,NA
"BOSTONIA LANGUAGE ACADEMY","BOSTONIA LANGUAGE ACADEMY","CAJON VALLEY UNION",NA,NA,NA,NA
"BOSTONIA LANGUAGE ACADEMY","BOSTONIA LANGUAGE ACADEMY","CAJON VALLEY UNION",NA,NA,NA,NA
"BOSTONIA LANGUAGE ACADEMY","BOSTONIA LANGUAGE ACADEMY","CAJON VALLEY UNION",NA,NA,NA,NA
"BOSTONIA LANGUAGE ACADEMY","BOSTONIA LANGUAGE ACADEMY","CAJON VALLEY UNION",NA,NA,NA,NA
"BOSTONIA LANGUAGE ACADEMY","BOSTONIA LANGUAGE ACADEMY","CAJON VALLEY UNION",NA,NA,NA,NA
"BOSTONIA LANGUAGE ACADEMY","BOSTONIA LANGUAGE ACADEMY","CAJON VALLEY UNION",NA,NA,NA,NA
"BOSTONIA LANGUAGE ACADEMY","BOSTONIA LANGUAGE ACADEMY","CAJON VALLEY UNION",NA,NA,NA,NA
"BOSTONIA LANGUAGE ACADEMY","BOSTONIA LANGUAGE ACADEMY","CAJON VALLEY UNION",NA,NA,NA,NA
"BOSTONIA LANGUAGE ACADEMY","BOSTONIA LANGUAGE ACADEMY","CAJON VALLEY UNION",NA,NA,NA,NA
"BOSTONIA LANGUAGE ACADEMY","BOSTONIA LANGUAGE ACADEMY","CAJON VALLEY UNION",NA,NA,NA,NA
"BOSTONIA LANGUAGE ACADEMY","BOSTONIA LANGUAGE ACADEMY","CAJON VALLEY UNION",NA,NA,NA,NA
"BOSTONIA LANGUAGE ACADEMY","BOSTONIA LANGUAGE ACADEMY","CAJON VALLEY UNION",NA,NA,NA,NA
"BOSTONIA LANGUAGE ACADEMY","BOSTONIA LANGUAGE ACADEMY","CAJON VALLEY UNION",NA,NA,NA,NA
"BOSTONIA LANGUAGE ACADEMY","BOSTONIA LANGUAGE ACADEMY","CAJON VALLEY UNION",NA,NA,NA,NA
"BOSTONIA LANGUAGE ACADEMY","BOSTONIA LANGUAGE ACADEMY","CAJON VALLEY UNION",NA,NA,NA,NA
"BOSTONIA LANGUAGE ACADEMY","BOSTONIA LANGUAGE ACADEMY","CAJON VALLEY UNION",NA,NA,NA,NA
"BOSTONIA LANGUAGE ACADEMY","BOSTONIA LANGUAGE ACADEMY","CAJON VALLEY UNION",NA,NA,NA,NA
"BOSTONIA LANGUAGE ACADEMY","BOSTONIA LANGUAGE ACADEMY","CAJON VALLEY UNION",NA,NA,NA,NA
"VISTA SQUARE ELEMENTARY","VISTA SQUARE ELEMENTARY","CHULA VISTA ELEMENTARY",NA,NA,NA,NA
"VISTA SQUARE ELEMENTARY","VISTA SQUARE ELEMENTARY","CHULA VISTA ELEMENTARY",NA,NA,NA,NA
"VISTA SQUARE ELEMENTARY","VISTA SQUARE ELEMENTARY","CHULA VISTA ELEMENTARY",NA,NA,NA,NA
"VISTA SQUARE ELEMENTARY","VISTA SQUARE ELEMENTARY","CHULA VISTA ELEMENTARY",NA,NA,NA,NA
"VISTA SQUARE ELEMENTARY","VISTA SQUARE ELEMENTARY","CHULA VISTA ELEMENTARY",NA,NA,NA,NA
"VISTA SQUARE ELEMENTARY","VISTA SQUARE ELEMENTARY","CHULA VISTA ELEMENTARY",NA,NA,NA,NA
"VISTA SQUARE ELEMENTARY","VISTA SQUARE ELEMENTARY","CHULA VISTA ELEMENTARY",NA,NA,NA,NA
"VISTA SQUARE ELEMENTARY","VISTA SQUARE ELEMENTARY","CHULA VISTA ELEMENTARY",NA,NA,NA,NA
"VISTA SQUARE ELEMENTARY","VISTA SQUARE ELEMENTARY","CHULA VISTA ELEMENTARY",NA,NA,NA,NA
"VISTA SQUARE ELEMENTARY","VISTA SQUARE ELEMENTARY","CHULA VISTA ELEMENTARY",NA,NA,NA,NA
"VISTA SQUARE ELEMENTARY","VISTA SQUARE ELEMENTARY","CHULA VISTA ELEMENTARY",NA,NA,NA,NA
"VISTA SQUARE ELEMENTARY","VISTA SQUARE ELEMENTARY","CHULA VISTA ELEMENTARY",NA,NA,NA,NA
"VISTA SQUARE ELEMENTARY","VISTA SQUARE ELEMENTARY","CHULA VISTA ELEMENTARY",NA,NA,NA,NA
"VISTA SQUARE ELEMENTARY","VISTA SQUARE ELEMENTARY","CHULA VISTA ELEMENTARY",NA,NA,NA,NA
"VISTA SQUARE ELEMENTARY","VISTA SQUARE ELEMENTARY","CHULA VISTA ELEMENTARY",NA,NA,NA,NA
"VISTA SQUARE ELEMENTARY","VISTA SQUARE ELEMENTARY","CHULA VISTA ELEMENTARY",NA,NA,NA,NA
"VISTA SQUARE ELEMENTARY","VISTA SQUARE ELEMENTARY","CHULA VISTA ELEMENTARY",NA,NA,NA,NA
"VISTA SQUARE ELEMENTARY","VISTA SQUARE ELEMENTARY","CHULA VISTA ELEMENTARY",NA,NA,NA,NA
"VISTA SQUARE ELEMENTARY","VISTA SQUARE ELEMENTARY","CHULA VISTA ELEMENTARY",NA,NA,NA,NA
"VISTA SQUARE ELEMENTARY","VISTA SQUARE ELEMENTARY","CHULA VISTA ELEMENTARY",NA,NA,NA,NA
"VISTA SQUARE ELEMENTARY","VISTA SQUARE ELEMENTARY","CHULA VISTA ELEMENTARY",NA,NA,NA,NA
"VISTA SQUARE ELEMENTARY","VISTA SQUARE ELEMENTARY","CHULA VISTA ELEMENTARY",NA,NA,NA,NA
"VISTA SQUARE ELEMENTARY","VISTA SQUARE ELEMENTARY","CHULA VISTA ELEMENTARY",NA,NA,NA,NA
"VISTA SQUARE ELEMENTARY","VISTA SQUARE ELEMENTARY","CHULA VISTA ELEMENTARY",NA,NA,NA,NA
"VISTA SQUARE ELEMENTARY","VISTA SQUARE ELEMENTARY","CHULA VISTA ELEMENTARY",NA,NA,NA,NA
"VISTA SQUARE ELEMENTARY","VISTA SQUARE ELEMENTARY","CHULA VISTA ELEMENTARY",NA,NA,NA,NA
"VISTA SQUARE ELEMENTARY","VISTA SQUARE ELEMENTARY","CHULA VISTA ELEMENTARY",NA,NA,NA,NA
"VISTA SQUARE ELEMENTARY","VISTA SQUARE ELEMENTARY","CHULA VISTA ELEMENTARY",NA,NA,NA,NA
"VISTA SQUARE ELEMENTARY","VISTA SQUARE ELEMENTARY","CHULA VISTA ELEMENTARY",NA,NA,NA,NA
"VISTA SQUARE ELEMENTARY","VISTA SQUARE ELEMENTARY","CHULA VISTA ELEMENTARY",NA,NA,NA,NA
"VISTA SQUARE ELEMENTARY","VISTA SQUARE ELEMENTARY","CHULA VISTA ELEMENTARY",NA,NA,NA,NA
"VISTA SQUARE ELEMENTARY","VISTA SQUARE ELEMENTARY","CHULA VISTA ELEMENTARY",NA,NA,NA,NA
"VISTA SQUARE ELEMENTARY","VISTA SQUARE ELEMENTARY","CHULA VISTA ELEMENTARY",NA,NA,NA,NA
"VISTA SQUARE ELEMENTARY","VISTA SQUARE ELEMENTARY","CHULA VISTA ELEMENTARY",NA,NA,NA,NA
"VALLECITOS ELEMENTARY SCHOOL DISTRICT","VALLECITOS ELEMENTARY SCHOOL DISTRICT","FALLBROOK UNION HIGH",NA,NA,NA,NA
"VALLECITOS ELEMENTARY SCHOOL DISTRICT","VALLECITOS ELEMENTARY SCHOOL DISTRICT","FALLBROOK UNION HIGH",NA,NA,NA,NA
"VALLECITOS ELEMENTARY SCHOOL DISTRICT","VALLECITOS ELEMENTARY SCHOOL DISTRICT","FALLBROOK UNION HIGH",NA,NA,NA,NA
"VALLECITOS ELEMENTARY SCHOOL DISTRICT","VALLECITOS ELEMENTARY SCHOOL DISTRICT","FALLBROOK UNION HIGH",NA,NA,NA,NA
"VALLECITOS ELEMENTARY SCHOOL DISTRICT","VALLECITOS ELEMENTARY SCHOOL DISTRICT","FALLBROOK UNION HIGH",NA,NA,NA,NA
"VALLECITOS ELEMENTARY SCHOOL DISTRICT","VALLECITOS ELEMENTARY SCHOOL DISTRICT","FALLBROOK UNION HIGH",NA,NA,NA,NA
"VALLECITOS ELEMENTARY SCHOOL DISTRICT","VALLECITOS ELEMENTARY SCHOOL DISTRICT","FALLBROOK UNION HIGH",NA,NA,NA,NA
"VALLECITOS ELEMENTARY SCHOOL DISTRICT","VALLECITOS ELEMENTARY SCHOOL DISTRICT","FALLBROOK UNION HIGH",NA,NA,NA,NA
"VALLECITOS ELEMENTARY SCHOOL DISTRICT","VALLECITOS ELEMENTARY SCHOOL DISTRICT","FALLBROOK UNION HIGH",NA,NA,NA,NA
"VALLECITOS ELEMENTARY SCHOOL DISTRICT","VALLECITOS ELEMENTARY SCHOOL DISTRICT","FALLBROOK UNION HIGH",NA,NA,NA,NA
"VALLECITOS ELEMENTARY SCHOOL DISTRICT","VALLECITOS ELEMENTARY SCHOOL DISTRICT","FALLBROOK UNION HIGH",NA,NA,NA,NA
"VALLECITOS ELEMENTARY SCHOOL DISTRICT","VALLECITOS ELEMENTARY SCHOOL DISTRICT","FALLBROOK UNION HIGH",NA,NA,NA,NA
"VALLECITOS ELEMENTARY SCHOOL DISTRICT","VALLECITOS ELEMENTARY SCHOOL DISTRICT","FALLBROOK UNION HIGH",NA,NA,NA,NA
"VALLECITOS ELEMENTARY SCHOOL DISTRICT","VALLECITOS ELEMENTARY SCHOOL DISTRICT","FALLBROOK UNION HIGH",NA,NA,NA,NA
"VALLECITOS ELEMENTARY SCHOOL DISTRICT","VALLECITOS ELEMENTARY SCHOOL DISTRICT","FALLBROOK UNION HIGH",NA,NA,NA,NA
"VALLECITOS ELEMENTARY SCHOOL DISTRICT","VALLECITOS ELEMENTARY SCHOOL DISTRICT","FALLBROOK UNION HIGH",NA,NA,NA,NA
"VALLECITOS ELEMENTARY SCHOOL DISTRICT","VALLECITOS ELEMENTARY SCHOOL DISTRICT","FALLBROOK UNION HIGH",NA,NA,NA,NA
"VALLECITOS ELEMENTARY SCHOOL DISTRICT","VALLECITOS ELEMENTARY SCHOOL DISTRICT","FALLBROOK UNION HIGH",NA,NA,NA,NA
"VALLECITOS ELEMENTARY SCHOOL DISTRICT","VALLECITOS ELEMENTARY SCHOOL DISTRICT","FALLBROOK UNION HIGH",NA,NA,NA,NA
"VALLECITOS ELEMENTARY SCHOOL DISTRICT","VALLECITOS ELEMENTARY SCHOOL DISTRICT","FALLBROOK UNION HIGH",NA,NA,NA,NA
"VALLECITOS ELEMENTARY SCHOOL DISTRICT","VALLECITOS ELEMENTARY SCHOOL DISTRICT","FALLBROOK UNION HIGH",NA,NA,NA,NA
"VALLECITOS ELEMENTARY SCHOOL DISTRICT","VALLECITOS ELEMENTARY SCHOOL DISTRICT","FALLBROOK UNION HIGH",NA,NA,NA,NA
"VALLECITOS ELEMENTARY SCHOOL DISTRICT","VALLECITOS ELEMENTARY SCHOOL DISTRICT","FALLBROOK UNION HIGH",NA,NA,NA,NA
"VALLECITOS ELEMENTARY SCHOOL DISTRICT","VALLECITOS ELEMENTARY SCHOOL DISTRICT","FALLBROOK UNION HIGH",NA,NA,NA,NA
"VALLECITOS ELEMENTARY SCHOOL DISTRICT","VALLECITOS ELEMENTARY SCHOOL DISTRICT","FALLBROOK UNION HIGH",NA,NA,NA,NA
"VALLECITOS ELEMENTARY SCHOOL DISTRICT","VALLECITOS ELEMENTARY SCHOOL DISTRICT","FALLBROOK UNION HIGH",NA,NA,NA,NA
"VALLECITOS ELEMENTARY SCHOOL DISTRICT","VALLECITOS ELEMENTARY SCHOOL DISTRICT","FALLBROOK UNION HIGH",NA,NA,NA,NA
"VALLECITOS ELEMENTARY SCHOOL DISTRICT","VALLECITOS ELEMENTARY SCHOOL DISTRICT","FALLBROOK UNION HIGH",NA,NA,NA,NA
"VALLECITOS ELEMENTARY SCHOOL DISTRICT","VALLECITOS ELEMENTARY SCHOOL DISTRICT","FALLBROOK UNION HIGH",NA,NA,NA,NA
"VALLECITOS ELEMENTARY SCHOOL DISTRICT","VALLECITOS ELEMENTARY SCHOOL DISTRICT","FALLBROOK UNION HIGH",NA,NA,NA,NA
"VALLECITOS ELEMENTARY SCHOOL DISTRICT","VALLECITOS ELEMENTARY SCHOOL DISTRICT","FALLBROOK UNION HIGH",NA,NA,NA,NA
"VALLECITOS ELEMENTARY SCHOOL DISTRICT","VALLECITOS ELEMENTARY SCHOOL DISTRICT","FALLBROOK UNION HIGH",NA,NA,NA,NA
"VALLECITOS ELEMENTARY SCHOOL DISTRICT","VALLECITOS ELEMENTARY SCHOOL DISTRICT","FALLBROOK UNION HIGH",NA,NA,NA,NA
"VALLECITOS ELEMENTARY SCHOOL DISTRICT","VALLECITOS ELEMENTARY SCHOOL DISTRICT","FALLBROOK UNION HIGH",NA,NA,NA,NA
"VALLECITOS ELEMENTARY SCHOOL DISTRICT","VALLECITOS ELEMENTARY SCHOOL DISTRICT","FALLBROOK UNION HIGH",NA,NA,NA,NA
"MOUNT MIGUEL HIGH","MOUNT MIGUEL HIGH","GROSSMONT UNION HIGH",NA,NA,NA,NA
"MOUNT MIGUEL HIGH","MOUNT MIGUEL HIGH","GROSSMONT UNION HIGH",NA,NA,NA,NA
"MOUNT MIGUEL HIGH","MOUNT MIGUEL HIGH","GROSSMONT UNION HIGH",NA,NA,NA,NA
"MOUNT MIGUEL HIGH","MOUNT MIGUEL HIGH","GROSSMONT UNION HIGH",NA,NA,NA,NA
"MOUNT MIGUEL HIGH","MOUNT MIGUEL HIGH","GROSSMONT UNION HIGH",NA,NA,NA,NA
"MOUNT MIGUEL HIGH","MOUNT MIGUEL HIGH","GROSSMONT UNION HIGH",NA,NA,NA,NA
"MOUNT MIGUEL HIGH","MOUNT MIGUEL HIGH","GROSSMONT UNION HIGH",NA,NA,NA,NA
"MOUNT MIGUEL HIGH","MOUNT MIGUEL HIGH","GROSSMONT UNION HIGH",NA,NA,NA,NA
"MOUNT MIGUEL HIGH","MOUNT MIGUEL HIGH","GROSSMONT UNION HIGH",NA,NA,NA,NA
"MOUNT MIGUEL HIGH","MOUNT MIGUEL HIGH","GROSSMONT UNION HIGH",NA,NA,NA,NA
"MOUNT MIGUEL HIGH","MOUNT MIGUEL HIGH","GROSSMONT UNION HIGH",NA,NA,NA,NA
"MOUNT MIGUEL HIGH","MOUNT MIGUEL HIGH","GROSSMONT UNION HIGH",NA,NA,NA,NA
"MOUNT MIGUEL HIGH","MOUNT MIGUEL HIGH","GROSSMONT UNION HIGH",NA,NA,NA,NA
"MOUNT MIGUEL HIGH","MOUNT MIGUEL HIGH","GROSSMONT UNION HIGH",NA,NA,NA,NA
"MOUNT MIGUEL HIGH","MOUNT MIGUEL HIGH","GROSSMONT UNION HIGH",NA,NA,NA,NA
"MOUNT MIGUEL HIGH","MOUNT MIGUEL HIGH","GROSSMONT UNION HIGH",NA,NA,NA,NA
"MOUNT MIGUEL HIGH","MOUNT MIGUEL HIGH","GROSSMONT UNION HIGH",NA,NA,NA,NA
"MOUNT MIGUEL HIGH","MOUNT MIGUEL HIGH","GROSSMONT UNION HIGH",NA,NA,NA,NA
"MOUNT MIGUEL HIGH","MOUNT MIGUEL HIGH","GROSSMONT UNION HIGH",NA,NA,NA,NA
"MOUNT MIGUEL HIGH","MOUNT MIGUEL HIGH","GROSSMONT UNION HIGH",NA,NA,NA,NA
"MOUNT MIGUEL HIGH","MOUNT MIGUEL HIGH","GROSSMONT UNION HIGH",NA,NA,NA,NA
"MOUNT MIGUEL HIGH","MOUNT MIGUEL HIGH","GROSSMONT UNION HIGH",NA,NA,NA,NA
"HIGH TECH ELEMENTARY NORTH COUNTY","HIGH TECH ELEMENTARY NORTH COUNTY","HIGH TECH HIGH CHARTER SCHOOL",NA,NA,NA,NA
"HIGH TECH ELEMENTARY NORTH COUNTY","HIGH TECH ELEMENTARY NORTH COUNTY","HIGH TECH HIGH CHARTER SCHOOL",NA,NA,NA,NA
"HIGH TECH ELEMENTARY NORTH COUNTY","HIGH TECH ELEMENTARY NORTH COUNTY","HIGH TECH HIGH CHARTER SCHOOL",NA,NA,NA,NA
"HIGH TECH ELEMENTARY NORTH COUNTY","HIGH TECH ELEMENTARY NORTH COUNTY","HIGH TECH HIGH CHARTER SCHOOL",NA,NA,NA,NA
"HIGH TECH ELEMENTARY NORTH COUNTY","HIGH TECH ELEMENTARY NORTH COUNTY","HIGH TECH HIGH CHARTER SCHOOL",NA,NA,NA,NA
"HIGH TECH ELEMENTARY NORTH COUNTY","HIGH TECH ELEMENTARY NORTH COUNTY","HIGH TECH HIGH CHARTER SCHOOL",NA,NA,NA,NA
"HIGH TECH ELEMENTARY NORTH COUNTY","HIGH TECH ELEMENTARY NORTH COUNTY","HIGH TECH HIGH CHARTER SCHOOL",NA,NA,NA,NA
"HIGH TECH ELEMENTARY NORTH COUNTY","HIGH TECH ELEMENTARY NORTH COUNTY","HIGH TECH HIGH CHARTER SCHOOL",NA,NA,NA,NA
"HIGH TECH ELEMENTARY NORTH COUNTY","HIGH TECH ELEMENTARY NORTH COUNTY","HIGH TECH HIGH CHARTER SCHOOL",NA,NA,NA,NA
"HIGH TECH ELEMENTARY NORTH COUNTY","HIGH TECH ELEMENTARY NORTH COUNTY","HIGH TECH HIGH CHARTER SCHOOL",NA,NA,NA,NA
"HIGH TECH ELEMENTARY NORTH COUNTY","HIGH TECH ELEMENTARY NORTH COUNTY","HIGH TECH HIGH CHARTER SCHOOL",NA,NA,NA,NA
"HIGH TECH ELEMENTARY NORTH COUNTY","HIGH TECH ELEMENTARY NORTH COUNTY","HIGH TECH HIGH CHARTER SCHOOL",NA,NA,NA,NA
"HIGH TECH ELEMENTARY NORTH COUNTY","HIGH TECH ELEMENTARY NORTH COUNTY","HIGH TECH HIGH CHARTER SCHOOL",NA,NA,NA,NA
"HIGH TECH ELEMENTARY NORTH COUNTY","HIGH TECH ELEMENTARY NORTH COUNTY","HIGH TECH HIGH CHARTER SCHOOL",NA,NA,NA,NA
"HIGH TECH ELEMENTARY NORTH COUNTY","HIGH TECH ELEMENTARY NORTH COUNTY","HIGH TECH HIGH CHARTER SCHOOL",NA,NA,NA,NA
"HIGH TECH ELEMENTARY NORTH COUNTY","HIGH TECH ELEMENTARY NORTH COUNTY","HIGH TECH HIGH CHARTER SCHOOL",NA,NA,NA,NA
"HIGH TECH ELEMENTARY NORTH COUNTY","HIGH TECH ELEMENTARY NORTH COUNTY","HIGH TECH HIGH CHARTER SCHOOL",NA,NA,NA,NA
"HIGH TECH ELEMENTARY NORTH COUNTY","HIGH TECH ELEMENTARY NORTH COUNTY","HIGH TECH HIGH CHARTER SCHOOL",NA,NA,NA,NA
"HIGH TECH ELEMENTARY NORTH COUNTY","HIGH TECH ELEMENTARY NORTH COUNTY","HIGH TECH HIGH CHARTER SCHOOL",NA,NA,NA,NA
"HIGH TECH ELEMENTARY NORTH COUNTY","HIGH TECH ELEMENTARY NORTH COUNTY","HIGH TECH HIGH CHARTER SCHOOL",NA,NA,NA,NA
"HIGH TECH ELEMENTARY NORTH COUNTY","HIGH TECH ELEMENTARY NORTH COUNTY","HIGH TECH HIGH CHARTER SCHOOL",NA,NA,NA,NA
"HIGH TECH ELEMENTARY NORTH COUNTY","HIGH TECH ELEMENTARY NORTH COUNTY","HIGH TECH HIGH CHARTER SCHOOL",NA,NA,NA,NA
"HIGH TECH MIDDLE NORTH COUNTY","HIGH TECH MIDDLE NORTH COUNTY","HIGH TECH HIGH CHARTER SCHOOL",NA,NA,NA,NA
"HIGH TECH MIDDLE NORTH COUNTY","HIGH TECH MIDDLE NORTH COUNTY","HIGH TECH HIGH CHARTER SCHOOL",NA,NA,NA,NA
"HIGH TECH MIDDLE NORTH COUNTY","HIGH TECH MIDDLE NORTH COUNTY","HIGH TECH HIGH CHARTER SCHOOL",NA,NA,NA,NA
"HIGH TECH MIDDLE NORTH COUNTY","HIGH TECH MIDDLE NORTH COUNTY","HIGH TECH HIGH CHARTER SCHOOL",NA,NA,NA,NA
"HIGH TECH MIDDLE NORTH COUNTY","HIGH TECH MIDDLE NORTH COUNTY","HIGH TECH HIGH CHARTER SCHOOL",NA,NA,NA,NA
"HIGH TECH MIDDLE NORTH COUNTY","HIGH TECH MIDDLE NORTH COUNTY","HIGH TECH HIGH CHARTER SCHOOL",NA,NA,NA,NA
"HIGH TECH MIDDLE NORTH COUNTY","HIGH TECH MIDDLE NORTH COUNTY","HIGH TECH HIGH CHARTER SCHOOL",NA,NA,NA,NA
"HIGH TECH MIDDLE NORTH COUNTY","HIGH TECH MIDDLE NORTH COUNTY","HIGH TECH HIGH CHARTER SCHOOL",NA,NA,NA,NA
"HIGH TECH MIDDLE NORTH COUNTY","HIGH TECH MIDDLE NORTH COUNTY","HIGH TECH HIGH CHARTER SCHOOL",NA,NA,NA,NA
"HIGH TECH MIDDLE NORTH COUNTY","HIGH TECH MIDDLE NORTH COUNTY","HIGH TECH HIGH CHARTER SCHOOL",NA,NA,NA,NA
"HIGH TECH MIDDLE NORTH COUNTY","HIGH TECH MIDDLE NORTH COUNTY","HIGH TECH HIGH CHARTER SCHOOL",NA,NA,NA,NA
"HIGH TECH MIDDLE NORTH COUNTY","HIGH TECH MIDDLE NORTH COUNTY","HIGH TECH HIGH CHARTER SCHOOL",NA,NA,NA,NA
"HIGH TECH MIDDLE NORTH COUNTY","HIGH TECH MIDDLE NORTH COUNTY","HIGH TECH HIGH CHARTER SCHOOL",NA,NA,NA,NA
"HIGH TECH MIDDLE NORTH COUNTY","HIGH TECH MIDDLE NORTH COUNTY","HIGH TECH HIGH CHARTER SCHOOL",NA,NA,NA,NA
"HIGH TECH MIDDLE NORTH COUNTY","HIGH TECH MIDDLE NORTH COUNTY","HIGH TECH HIGH CHARTER SCHOOL",NA,NA,NA,NA
"HIGH TECH MIDDLE NORTH COUNTY","HIGH TECH MIDDLE NORTH COUNTY","HIGH TECH HIGH CHARTER SCHOOL",NA,NA,NA,NA
"HIGH TECH MIDDLE NORTH COUNTY","HIGH TECH MIDDLE NORTH COUNTY","HIGH TECH HIGH CHARTER SCHOOL",NA,NA,NA,NA
"HIGH TECH MIDDLE NORTH COUNTY","HIGH TECH MIDDLE NORTH COUNTY","HIGH TECH HIGH CHARTER SCHOOL",NA,NA,NA,NA
"JULIAN HIGH","JULIAN HIGH","JULIAN UNION ELEMENTARY",NA,NA,NA,NA
"JULIAN HIGH","JULIAN HIGH","JULIAN UNION ELEMENTARY",NA,NA,NA,NA
"JULIAN HIGH","JULIAN HIGH","JULIAN UNION ELEMENTARY",NA,NA,NA,NA
"JULIAN HIGH","JULIAN HIGH","JULIAN UNION ELEMENTARY",NA,NA,NA,NA
"JULIAN HIGH","JULIAN HIGH","JULIAN UNION ELEMENTARY",NA,NA,NA,NA
"JULIAN HIGH","JULIAN HIGH","JULIAN UNION ELEMENTARY",NA,NA,NA,NA
"JULIAN HIGH","JULIAN HIGH","JULIAN UNION ELEMENTARY",NA,NA,NA,NA
"JULIAN HIGH","JULIAN HIGH","JULIAN UNION ELEMENTARY",NA,NA,NA,NA
"JULIAN HIGH","JULIAN HIGH","JULIAN UNION ELEMENTARY",NA,NA,NA,NA
"JULIAN HIGH","JULIAN HIGH","JULIAN UNION ELEMENTARY",NA,NA,NA,NA
"JULIAN HIGH","JULIAN HIGH","JULIAN UNION ELEMENTARY",NA,NA,NA,NA
"JULIAN HIGH","JULIAN HIGH","JULIAN UNION ELEMENTARY",NA,NA,NA,NA
"JULIAN HIGH","JULIAN HIGH","JULIAN UNION ELEMENTARY",NA,NA,NA,NA
"JULIAN HIGH","JULIAN HIGH","JULIAN UNION ELEMENTARY",NA,NA,NA,NA
"JULIAN HIGH","JULIAN HIGH","JULIAN UNION ELEMENTARY",NA,NA,NA,NA
"JULIAN HIGH","JULIAN HIGH","JULIAN UNION ELEMENTARY",NA,NA,NA,NA
"JULIAN HIGH","JULIAN HIGH","JULIAN UNION ELEMENTARY",NA,NA,NA,NA
"JULIAN HIGH","JULIAN HIGH","JULIAN UNION ELEMENTARY",NA,NA,NA,NA
"JULIAN HIGH","JULIAN HIGH","JULIAN UNION ELEMENTARY",NA,NA,NA,NA
"JULIAN HIGH","JULIAN HIGH","JULIAN UNION ELEMENTARY",NA,NA,NA,NA
"JULIAN HIGH","JULIAN HIGH","JULIAN UNION ELEMENTARY",NA,NA,NA,NA
"JULIAN HIGH","JULIAN HIGH","JULIAN UNION ELEMENTARY",NA,NA,NA,NA
"JULIAN HIGH","JULIAN HIGH","JULIAN UNION ELEMENTARY",NA,NA,NA,NA
"JULIAN HIGH","JULIAN HIGH","JULIAN UNION ELEMENTARY",NA,NA,NA,NA
"JULIAN HIGH","JULIAN HIGH","JULIAN UNION ELEMENTARY",NA,NA,NA,NA
"JULIAN HIGH","JULIAN HIGH","JULIAN UNION ELEMENTARY",NA,NA,NA,NA
"JULIAN HIGH","JULIAN HIGH","JULIAN UNION ELEMENTARY",NA,NA,NA,NA
"JULIAN HIGH","JULIAN HIGH","JULIAN UNION ELEMENTARY",NA,NA,NA,NA
"KEMPTON STREET LITERACY ACADEMY","KEMPTON STREET LITERACY ACADEMY","LA MESA-SPRING VALLEY",NA,NA,NA,NA
"KEMPTON STREET LITERACY ACADEMY","KEMPTON STREET LITERACY ACADEMY","LA MESA-SPRING VALLEY",NA,NA,NA,NA
"KEMPTON STREET LITERACY ACADEMY","KEMPTON STREET LITERACY ACADEMY","LA MESA-SPRING VALLEY",NA,NA,NA,NA
"KEMPTON STREET LITERACY ACADEMY","KEMPTON STREET LITERACY ACADEMY","LA MESA-SPRING VALLEY",NA,NA,NA,NA
"KEMPTON STREET LITERACY ACADEMY","KEMPTON STREET LITERACY ACADEMY","LA MESA-SPRING VALLEY",NA,NA,NA,NA
"KEMPTON STREET LITERACY ACADEMY","KEMPTON STREET LITERACY ACADEMY","LA MESA-SPRING VALLEY",NA,NA,NA,NA
"KEMPTON STREET LITERACY ACADEMY","KEMPTON STREET LITERACY ACADEMY","LA MESA-SPRING VALLEY",NA,NA,NA,NA
"KEMPTON STREET LITERACY ACADEMY","KEMPTON STREET LITERACY ACADEMY","LA MESA-SPRING VALLEY",NA,NA,NA,NA
"KEMPTON STREET LITERACY ACADEMY","KEMPTON STREET LITERACY ACADEMY","LA MESA-SPRING VALLEY",NA,NA,NA,NA
"KEMPTON STREET LITERACY ACADEMY","KEMPTON STREET LITERACY ACADEMY","LA MESA-SPRING VALLEY",NA,NA,NA,NA
"KEMPTON STREET LITERACY ACADEMY","KEMPTON STREET LITERACY ACADEMY","LA MESA-SPRING VALLEY",NA,NA,NA,NA
"KEMPTON STREET LITERACY ACADEMY","KEMPTON STREET LITERACY ACADEMY","LA MESA-SPRING VALLEY",NA,NA,NA,NA
"KEMPTON STREET LITERACY ACADEMY","KEMPTON STREET LITERACY ACADEMY","LA MESA-SPRING VALLEY",NA,NA,NA,NA
"KEMPTON STREET LITERACY ACADEMY","KEMPTON STREET LITERACY ACADEMY","LA MESA-SPRING VALLEY",NA,NA,NA,NA
"KEMPTON STREET LITERACY ACADEMY","KEMPTON STREET LITERACY ACADEMY","LA MESA-SPRING VALLEY",NA,NA,NA,NA
"KEMPTON STREET LITERACY ACADEMY","KEMPTON STREET LITERACY ACADEMY","LA MESA-SPRING VALLEY",NA,NA,NA,NA
"KEMPTON STREET LITERACY ACADEMY","KEMPTON STREET LITERACY ACADEMY","LA MESA-SPRING VALLEY",NA,NA,NA,NA
"KEMPTON STREET LITERACY ACADEMY","KEMPTON STREET LITERACY ACADEMY","LA MESA-SPRING VALLEY",NA,NA,NA,NA
"KEMPTON STREET LITERACY ACADEMY","KEMPTON STREET LITERACY ACADEMY","LA MESA-SPRING VALLEY",NA,NA,NA,NA
"KEMPTON STREET LITERACY ACADEMY","KEMPTON STREET LITERACY ACADEMY","LA MESA-SPRING VALLEY",NA,NA,NA,NA
"KEMPTON STREET LITERACY ACADEMY","KEMPTON STREET LITERACY ACADEMY","LA MESA-SPRING VALLEY",NA,NA,NA,NA
"KEMPTON STREET LITERACY ACADEMY","KEMPTON STREET LITERACY ACADEMY","LA MESA-SPRING VALLEY",NA,NA,NA,NA
"KEMPTON STREET LITERACY ACADEMY","KEMPTON STREET LITERACY ACADEMY","LA MESA-SPRING VALLEY",NA,NA,NA,NA
"SCIENCE, TECHNOLOGY, ENGINEERING, ARTS, AND MATH ACADEMY AT LA P","SCIENCE, TECHNOLOGY, ENGINEERING, ARTS, AND MATH ACADEMY AT LA P","LA MESA-SPRING VALLEY",NA,NA,NA,NA
"SCIENCE, TECHNOLOGY, ENGINEERING, ARTS, AND MATH ACADEMY AT LA P","SCIENCE, TECHNOLOGY, ENGINEERING, ARTS, AND MATH ACADEMY AT LA P","LA MESA-SPRING VALLEY",NA,NA,NA,NA
"SCIENCE, TECHNOLOGY, ENGINEERING, ARTS, AND MATH ACADEMY AT LA P","SCIENCE, TECHNOLOGY, ENGINEERING, ARTS, AND MATH ACADEMY AT LA P","LA MESA-SPRING VALLEY",NA,NA,NA,NA
"SCIENCE, TECHNOLOGY, ENGINEERING, ARTS, AND MATH ACADEMY AT LA P","SCIENCE, TECHNOLOGY, ENGINEERING, ARTS, AND MATH ACADEMY AT LA P","LA MESA-SPRING VALLEY",NA,NA,NA,NA
"SCIENCE, TECHNOLOGY, ENGINEERING, ARTS, AND MATH ACADEMY AT LA P","SCIENCE, TECHNOLOGY, ENGINEERING, ARTS, AND MATH ACADEMY AT LA P","LA MESA-SPRING VALLEY",NA,NA,NA,NA
"SCIENCE, TECHNOLOGY, ENGINEERING, ARTS, AND MATH ACADEMY AT LA P","SCIENCE, TECHNOLOGY, ENGINEERING, ARTS, AND MATH ACADEMY AT LA P","LA MESA-SPRING VALLEY",NA,NA,NA,NA
"SCIENCE, TECHNOLOGY, ENGINEERING, ARTS, AND MATH ACADEMY AT LA P","SCIENCE, TECHNOLOGY, ENGINEERING, ARTS, AND MATH ACADEMY AT LA P","LA MESA-SPRING VALLEY",NA,NA,NA,NA
"SCIENCE, TECHNOLOGY, ENGINEERING, ARTS, AND MATH ACADEMY AT LA P","SCIENCE, TECHNOLOGY, ENGINEERING, ARTS, AND MATH ACADEMY AT LA P","LA MESA-SPRING VALLEY",NA,NA,NA,NA
"SCIENCE, TECHNOLOGY, ENGINEERING, ARTS, AND MATH ACADEMY AT LA P","SCIENCE, TECHNOLOGY, ENGINEERING, ARTS, AND MATH ACADEMY AT LA P","LA MESA-SPRING VALLEY",NA,NA,NA,NA
"SCIENCE, TECHNOLOGY, ENGINEERING, ARTS, AND MATH ACADEMY AT LA P","SCIENCE, TECHNOLOGY, ENGINEERING, ARTS, AND MATH ACADEMY AT LA P","LA MESA-SPRING VALLEY",NA,NA,NA,NA
"SCIENCE, TECHNOLOGY, ENGINEERING, ARTS, AND MATH ACADEMY AT LA P","SCIENCE, TECHNOLOGY, ENGINEERING, ARTS, AND MATH ACADEMY AT LA P","LA MESA-SPRING VALLEY",NA,NA,NA,NA
"SCIENCE, TECHNOLOGY, ENGINEERING, ARTS, AND MATH ACADEMY AT LA P","SCIENCE, TECHNOLOGY, ENGINEERING, ARTS, AND MATH ACADEMY AT LA P","LA MESA-SPRING VALLEY",NA,NA,NA,NA
"SCIENCE, TECHNOLOGY, ENGINEERING, ARTS, AND MATH ACADEMY AT LA P","SCIENCE, TECHNOLOGY, ENGINEERING, ARTS, AND MATH ACADEMY AT LA P","LA MESA-SPRING VALLEY",NA,NA,NA,NA
"SCIENCE, TECHNOLOGY, ENGINEERING, ARTS, AND MATH ACADEMY AT LA P","SCIENCE, TECHNOLOGY, ENGINEERING, ARTS, AND MATH ACADEMY AT LA P","LA MESA-SPRING VALLEY",NA,NA,NA,NA
"SCIENCE, TECHNOLOGY, ENGINEERING, ARTS, AND MATH ACADEMY AT LA P","SCIENCE, TECHNOLOGY, ENGINEERING, ARTS, AND MATH ACADEMY AT LA P","LA MESA-SPRING VALLEY",NA,NA,NA,NA
"SCIENCE, TECHNOLOGY, ENGINEERING, ARTS, AND MATH ACADEMY AT LA P","SCIENCE, TECHNOLOGY, ENGINEERING, ARTS, AND MATH ACADEMY AT LA P","LA MESA-SPRING VALLEY",NA,NA,NA,NA
"SCIENCE, TECHNOLOGY, ENGINEERING, ARTS, AND MATH ACADEMY AT LA P","SCIENCE, TECHNOLOGY, ENGINEERING, ARTS, AND MATH ACADEMY AT LA P","LA MESA-SPRING VALLEY",NA,NA,NA,NA
"SCIENCE, TECHNOLOGY, ENGINEERING, ARTS, AND MATH ACADEMY AT LA P","SCIENCE, TECHNOLOGY, ENGINEERING, ARTS, AND MATH ACADEMY AT LA P","LA MESA-SPRING VALLEY",NA,NA,NA,NA
"SCIENCE, TECHNOLOGY, ENGINEERING, ARTS, AND MATH ACADEMY AT LA P","SCIENCE, TECHNOLOGY, ENGINEERING, ARTS, AND MATH ACADEMY AT LA P","LA MESA-SPRING VALLEY",NA,NA,NA,NA
"SCIENCE, TECHNOLOGY, ENGINEERING, ARTS, AND MATH ACADEMY AT LA P","SCIENCE, TECHNOLOGY, ENGINEERING, ARTS, AND MATH ACADEMY AT LA P","LA MESA-SPRING VALLEY",NA,NA,NA,NA
"SCIENCE, TECHNOLOGY, ENGINEERING, ARTS, AND MATH ACADEMY AT LA P","SCIENCE, TECHNOLOGY, ENGINEERING, ARTS, AND MATH ACADEMY AT LA P","LA MESA-SPRING VALLEY",NA,NA,NA,NA
"SCIENCE, TECHNOLOGY, ENGINEERING, ARTS, AND MATH ACADEMY AT LA P","SCIENCE, TECHNOLOGY, ENGINEERING, ARTS, AND MATH ACADEMY AT LA P","LA MESA-SPRING VALLEY",NA,NA,NA,NA
"SCIENCE, TECHNOLOGY, ENGINEERING, ARTS, AND MATH ACADEMY AT LA P","SCIENCE, TECHNOLOGY, ENGINEERING, ARTS, AND MATH ACADEMY AT LA P","LA MESA-SPRING VALLEY",NA,NA,NA,NA
"MT. VERNON ELEMENTARY","MT. VERNON ELEMENTARY","LEMON GROVE",NA,NA,NA,NA
"MT. VERNON ELEMENTARY","MT. VERNON ELEMENTARY","LEMON GROVE",NA,NA,NA,NA
"MT. VERNON ELEMENTARY","MT. VERNON ELEMENTARY","LEMON GROVE",NA,NA,NA,NA
"MT. VERNON ELEMENTARY","MT. VERNON ELEMENTARY","LEMON GROVE",NA,NA,NA,NA
"MT. VERNON ELEMENTARY","MT. VERNON ELEMENTARY","LEMON GROVE",NA,NA,NA,NA
"MT. VERNON ELEMENTARY","MT. VERNON ELEMENTARY","LEMON GROVE",NA,NA,NA,NA
"MT. VERNON ELEMENTARY","MT. VERNON ELEMENTARY","LEMON GROVE",NA,NA,NA,NA
"MT. VERNON ELEMENTARY","MT. VERNON ELEMENTARY","LEMON GROVE",NA,NA,NA,NA
"MT. VERNON ELEMENTARY","MT. VERNON ELEMENTARY","LEMON GROVE",NA,NA,NA,NA
"MT. VERNON ELEMENTARY","MT. VERNON ELEMENTARY","LEMON GROVE",NA,NA,NA,NA
"MT. VERNON ELEMENTARY","MT. VERNON ELEMENTARY","LEMON GROVE",NA,NA,NA,NA
"MT. VERNON ELEMENTARY","MT. VERNON ELEMENTARY","LEMON GROVE",NA,NA,NA,NA
"MT. VERNON ELEMENTARY","MT. VERNON ELEMENTARY","LEMON GROVE",NA,NA,NA,NA
"MT. VERNON ELEMENTARY","MT. VERNON ELEMENTARY","LEMON GROVE",NA,NA,NA,NA
"MT. VERNON ELEMENTARY","MT. VERNON ELEMENTARY","LEMON GROVE",NA,NA,NA,NA
"MT. VERNON ELEMENTARY","MT. VERNON ELEMENTARY","LEMON GROVE",NA,NA,NA,NA
"MT. VERNON ELEMENTARY","MT. VERNON ELEMENTARY","LEMON GROVE",NA,NA,NA,NA
"MT. VERNON ELEMENTARY","MT. VERNON ELEMENTARY","LEMON GROVE",NA,NA,NA,NA
"MT. VERNON ELEMENTARY","MT. VERNON ELEMENTARY","LEMON GROVE",NA,NA,NA,NA
"MT. VERNON ELEMENTARY","MT. VERNON ELEMENTARY","LEMON GROVE",NA,NA,NA,NA
"MT. VERNON ELEMENTARY","MT. VERNON ELEMENTARY","LEMON GROVE",NA,NA,NA,NA
"MT. VERNON ELEMENTARY","MT. VERNON ELEMENTARY","LEMON GROVE",NA,NA,NA,NA
"CAMPO HEADSTART CENTER","CAMPO HEADSTART CENTER","MOUNTAIN EMPIRE UNIFIED",NA,NA,NA,NA
"CAMPO HEADSTART CENTER","CAMPO HEADSTART CENTER","MOUNTAIN EMPIRE UNIFIED",NA,NA,NA,NA
"CAMPO HEADSTART CENTER","CAMPO HEADSTART CENTER","MOUNTAIN EMPIRE UNIFIED",NA,NA,NA,NA
"CAMPO HEADSTART CENTER","CAMPO HEADSTART CENTER","MOUNTAIN EMPIRE UNIFIED",NA,NA,NA,NA
"CAMPO HEADSTART CENTER","CAMPO HEADSTART CENTER","MOUNTAIN EMPIRE UNIFIED",NA,NA,NA,NA
"CAMPO HEADSTART CENTER","CAMPO HEADSTART CENTER","MOUNTAIN EMPIRE UNIFIED",NA,NA,NA,NA
"CAMPO HEADSTART CENTER","CAMPO HEADSTART CENTER","MOUNTAIN EMPIRE UNIFIED",NA,NA,NA,NA
"CAMPO HEADSTART CENTER","CAMPO HEADSTART CENTER","MOUNTAIN EMPIRE UNIFIED",NA,NA,NA,NA
"CAMPO HEADSTART CENTER","CAMPO HEADSTART CENTER","MOUNTAIN EMPIRE UNIFIED",NA,NA,NA,NA
"CAMPO HEADSTART CENTER","CAMPO HEADSTART CENTER","MOUNTAIN EMPIRE UNIFIED",NA,NA,NA,NA
"CAMPO HEADSTART CENTER","CAMPO HEADSTART CENTER","MOUNTAIN EMPIRE UNIFIED",NA,NA,NA,NA
"CAMPO HEADSTART CENTER","CAMPO HEADSTART CENTER","MOUNTAIN EMPIRE UNIFIED",NA,NA,NA,NA
"CAMPO HEADSTART CENTER","CAMPO HEADSTART CENTER","MOUNTAIN EMPIRE UNIFIED",NA,NA,NA,NA
"CAMPO HEADSTART CENTER","CAMPO HEADSTART CENTER","MOUNTAIN EMPIRE UNIFIED",NA,NA,NA,NA
"CAMPO HEADSTART CENTER","CAMPO HEADSTART CENTER","MOUNTAIN EMPIRE UNIFIED",NA,NA,NA,NA
"CAMPO HEADSTART CENTER","CAMPO HEADSTART CENTER","MOUNTAIN EMPIRE UNIFIED",NA,NA,NA,NA
"CAMPO HEADSTART CENTER","CAMPO HEADSTART CENTER","MOUNTAIN EMPIRE UNIFIED",NA,NA,NA,NA
"CAMPO HEADSTART CENTER","CAMPO HEADSTART CENTER","MOUNTAIN EMPIRE UNIFIED",NA,NA,NA,NA
"CAMPO HEADSTART CENTER","CAMPO HEADSTART CENTER","MOUNTAIN EMPIRE UNIFIED",NA,NA,NA,NA
"CAMPO HEADSTART CENTER","CAMPO HEADSTART CENTER","MOUNTAIN EMPIRE UNIFIED",NA,NA,NA,NA
"CAMPO HEADSTART CENTER","CAMPO HEADSTART CENTER","MOUNTAIN EMPIRE UNIFIED",NA,NA,NA,NA
"CAMPO HEADSTART CENTER","CAMPO HEADSTART CENTER","MOUNTAIN EMPIRE UNIFIED",NA,NA,NA,NA
"MOUNTAIN EMPIRE HIGH","MOUNTAIN EMPIRE HIGH","MOUNTAIN EMPIRE UNIFIED",NA,NA,NA,NA
"MOUNTAIN EMPIRE HIGH","MOUNTAIN EMPIRE HIGH","MOUNTAIN EMPIRE UNIFIED",NA,NA,NA,NA
"MOUNTAIN EMPIRE HIGH","MOUNTAIN EMPIRE HIGH","MOUNTAIN EMPIRE UNIFIED",NA,NA,NA,NA
"MOUNTAIN EMPIRE HIGH","MOUNTAIN EMPIRE HIGH","MOUNTAIN EMPIRE UNIFIED",NA,NA,NA,NA
"MOUNTAIN EMPIRE HIGH","MOUNTAIN EMPIRE HIGH","MOUNTAIN EMPIRE UNIFIED",NA,NA,NA,NA
"MOUNTAIN EMPIRE HIGH","MOUNTAIN EMPIRE HIGH","MOUNTAIN EMPIRE UNIFIED",NA,NA,NA,NA
"MOUNTAIN EMPIRE HIGH","MOUNTAIN EMPIRE HIGH","MOUNTAIN EMPIRE UNIFIED",NA,NA,NA,NA
"MOUNTAIN EMPIRE HIGH","MOUNTAIN EMPIRE HIGH","MOUNTAIN EMPIRE UNIFIED",NA,NA,NA,NA
"MOUNTAIN EMPIRE HIGH","MOUNTAIN EMPIRE HIGH","MOUNTAIN EMPIRE UNIFIED",NA,NA,NA,NA
"MOUNTAIN EMPIRE HIGH","MOUNTAIN EMPIRE HIGH","MOUNTAIN EMPIRE UNIFIED",NA,NA,NA,NA
"MOUNTAIN EMPIRE HIGH","MOUNTAIN EMPIRE HIGH","MOUNTAIN EMPIRE UNIFIED",NA,NA,NA,NA
"MOUNTAIN EMPIRE HIGH","MOUNTAIN EMPIRE HIGH","MOUNTAIN EMPIRE UNIFIED",NA,NA,NA,NA
"MOUNTAIN EMPIRE HIGH","MOUNTAIN EMPIRE HIGH","MOUNTAIN EMPIRE UNIFIED",NA,NA,NA,NA
"MOUNTAIN EMPIRE HIGH","MOUNTAIN EMPIRE HIGH","MOUNTAIN EMPIRE UNIFIED",NA,NA,NA,NA
"MOUNTAIN EMPIRE HIGH","MOUNTAIN EMPIRE HIGH","MOUNTAIN EMPIRE UNIFIED",NA,NA,NA,NA
"MOUNTAIN EMPIRE HIGH","MOUNTAIN EMPIRE HIGH","MOUNTAIN EMPIRE UNIFIED",NA,NA,NA,NA
"MOUNTAIN EMPIRE HIGH","MOUNTAIN EMPIRE HIGH","MOUNTAIN EMPIRE UNIFIED",NA,NA,NA,NA
"MOUNTAIN EMPIRE HIGH","MOUNTAIN EMPIRE HIGH","MOUNTAIN EMPIRE UNIFIED",NA,NA,NA,NA
"MOUNTAIN EMPIRE HIGH","MOUNTAIN EMPIRE HIGH","MOUNTAIN EMPIRE UNIFIED",NA,NA,NA,NA
"MOUNTAIN EMPIRE HIGH","MOUNTAIN EMPIRE HIGH","MOUNTAIN EMPIRE UNIFIED",NA,NA,NA,NA
"MOUNTAIN EMPIRE HIGH","MOUNTAIN EMPIRE HIGH","MOUNTAIN EMPIRE UNIFIED",NA,NA,NA,NA
"MOUNTAIN EMPIRE HIGH","MOUNTAIN EMPIRE HIGH","MOUNTAIN EMPIRE UNIFIED",NA,NA,NA,NA
"MOUNTAIN EMPIRE HIGH","MOUNTAIN EMPIRE HIGH","MOUNTAIN EMPIRE UNIFIED",NA,NA,NA,NA
"MOUNTAIN EMPIRE HIGH","MOUNTAIN EMPIRE HIGH","MOUNTAIN EMPIRE UNIFIED",NA,NA,NA,NA
"MOUNTAIN EMPIRE HIGH","MOUNTAIN EMPIRE HIGH","MOUNTAIN EMPIRE UNIFIED",NA,NA,NA,NA
"MOUNTAIN EMPIRE HIGH","MOUNTAIN EMPIRE HIGH","MOUNTAIN EMPIRE UNIFIED",NA,NA,NA,NA
"MOUNTAIN EMPIRE HIGH","MOUNTAIN EMPIRE HIGH","MOUNTAIN EMPIRE UNIFIED",NA,NA,NA,NA
"MOUNTAIN EMPIRE HIGH","MOUNTAIN EMPIRE HIGH","MOUNTAIN EMPIRE UNIFIED",NA,NA,NA,NA
"MOUNTAIN EMPIRE HIGH","MOUNTAIN EMPIRE HIGH","MOUNTAIN EMPIRE UNIFIED",NA,NA,NA,NA
"MOUNTAIN EMPIRE HIGH","MOUNTAIN EMPIRE HIGH","MOUNTAIN EMPIRE UNIFIED",NA,NA,NA,NA
"MOUNTAIN EMPIRE HIGH","MOUNTAIN EMPIRE HIGH","MOUNTAIN EMPIRE UNIFIED",NA,NA,NA,NA
"MOUNTAIN EMPIRE HIGH","MOUNTAIN EMPIRE HIGH","MOUNTAIN EMPIRE UNIFIED",NA,NA,NA,NA
"MOUNTAIN EMPIRE HIGH","MOUNTAIN EMPIRE HIGH","MOUNTAIN EMPIRE UNIFIED",NA,NA,NA,NA
"RAMONA COMMUNITY","RAMONA COMMUNITY","RAMONA CITY UNIFIED",NA,NA,NA,NA
"RAMONA COMMUNITY","RAMONA COMMUNITY","RAMONA CITY UNIFIED",NA,NA,NA,NA
"RAMONA COMMUNITY","RAMONA COMMUNITY","RAMONA CITY UNIFIED",NA,NA,NA,NA
"RAMONA COMMUNITY","RAMONA COMMUNITY","RAMONA CITY UNIFIED",NA,NA,NA,NA
"RAMONA COMMUNITY","RAMONA COMMUNITY","RAMONA CITY UNIFIED",NA,NA,NA,NA
"RAMONA COMMUNITY","RAMONA COMMUNITY","RAMONA CITY UNIFIED",NA,NA,NA,NA
"RAMONA COMMUNITY","RAMONA COMMUNITY","RAMONA CITY UNIFIED",NA,NA,NA,NA
"RAMONA COMMUNITY","RAMONA COMMUNITY","RAMONA CITY UNIFIED",NA,NA,NA,NA
"RAMONA COMMUNITY","RAMONA COMMUNITY","RAMONA CITY UNIFIED",NA,NA,NA,NA
"RAMONA COMMUNITY","RAMONA COMMUNITY","RAMONA CITY UNIFIED",NA,NA,NA,NA
"RAMONA COMMUNITY","RAMONA COMMUNITY","RAMONA CITY UNIFIED",NA,NA,NA,NA
"INNOVATIONS ACADEMY OF EMPOWERMENT","INNOVATIONS ACADEMY OF EMPOWERMENT","SAN DIEGO COUNTY OFFICE OF EDUCATION",NA,NA,NA,NA
"INNOVATIONS ACADEMY OF EMPOWERMENT","INNOVATIONS ACADEMY OF EMPOWERMENT","SAN DIEGO COUNTY OFFICE OF EDUCATION",NA,NA,NA,NA
"INNOVATIONS ACADEMY OF EMPOWERMENT","INNOVATIONS ACADEMY OF EMPOWERMENT","SAN DIEGO COUNTY OFFICE OF EDUCATION",NA,NA,NA,NA
"INNOVATIONS ACADEMY OF EMPOWERMENT","INNOVATIONS ACADEMY OF EMPOWERMENT","SAN DIEGO COUNTY OFFICE OF EDUCATION",NA,NA,NA,NA
"INNOVATIONS ACADEMY OF EMPOWERMENT","INNOVATIONS ACADEMY OF EMPOWERMENT","SAN DIEGO COUNTY OFFICE OF EDUCATION",NA,NA,NA,NA
"INNOVATIONS ACADEMY OF EMPOWERMENT","INNOVATIONS ACADEMY OF EMPOWERMENT","SAN DIEGO COUNTY OFFICE OF EDUCATION",NA,NA,NA,NA
"INNOVATIONS ACADEMY OF EMPOWERMENT","INNOVATIONS ACADEMY OF EMPOWERMENT","SAN DIEGO COUNTY OFFICE OF EDUCATION",NA,NA,NA,NA
"INNOVATIONS ACADEMY OF EMPOWERMENT","INNOVATIONS ACADEMY OF EMPOWERMENT","SAN DIEGO COUNTY OFFICE OF EDUCATION",NA,NA,NA,NA
"INNOVATIONS ACADEMY OF EMPOWERMENT","INNOVATIONS ACADEMY OF EMPOWERMENT","SAN DIEGO COUNTY OFFICE OF EDUCATION",NA,NA,NA,NA
"INNOVATIONS ACADEMY OF EMPOWERMENT","INNOVATIONS ACADEMY OF EMPOWERMENT","SAN DIEGO COUNTY OFFICE OF EDUCATION",NA,NA,NA,NA
"INNOVATIONS ACADEMY OF EMPOWERMENT","INNOVATIONS ACADEMY OF EMPOWERMENT","SAN DIEGO COUNTY OFFICE OF EDUCATION",NA,NA,NA,NA
"INNOVATIONS ACADEMY OF EMPOWERMENT","INNOVATIONS ACADEMY OF EMPOWERMENT","SAN DIEGO COUNTY OFFICE OF EDUCATION",NA,NA,NA,NA
"INNOVATIONS ACADEMY OF EMPOWERMENT","INNOVATIONS ACADEMY OF EMPOWERMENT","SAN DIEGO COUNTY OFFICE OF EDUCATION",NA,NA,NA,NA
"INNOVATIONS ACADEMY OF EMPOWERMENT","INNOVATIONS ACADEMY OF EMPOWERMENT","SAN DIEGO COUNTY OFFICE OF EDUCATION",NA,NA,NA,NA
"INNOVATIONS ACADEMY OF EMPOWERMENT","INNOVATIONS ACADEMY OF EMPOWERMENT","SAN DIEGO COUNTY OFFICE OF EDUCATION",NA,NA,NA,NA
"INNOVATIONS ACADEMY OF EMPOWERMENT","INNOVATIONS ACADEMY OF EMPOWERMENT","SAN DIEGO COUNTY OFFICE OF EDUCATION",NA,NA,NA,NA
"INNOVATIONS ACADEMY OF EMPOWERMENT","INNOVATIONS ACADEMY OF EMPOWERMENT","SAN DIEGO COUNTY OFFICE OF EDUCATION",NA,NA,NA,NA
"INNOVATIONS ACADEMY OF EMPOWERMENT","INNOVATIONS ACADEMY OF EMPOWERMENT","SAN DIEGO COUNTY OFFICE OF EDUCATION",NA,NA,NA,NA
"INNOVATIONS ACADEMY OF EMPOWERMENT","INNOVATIONS ACADEMY OF EMPOWERMENT","SAN DIEGO COUNTY OFFICE OF EDUCATION",NA,NA,NA,NA
"INNOVATIONS ACADEMY OF EMPOWERMENT","INNOVATIONS ACADEMY OF EMPOWERMENT","SAN DIEGO COUNTY OFFICE OF EDUCATION",NA,NA,NA,NA
"INNOVATIONS ACADEMY OF EMPOWERMENT","INNOVATIONS ACADEMY OF EMPOWERMENT","SAN DIEGO COUNTY OFFICE OF EDUCATION",NA,NA,NA,NA
"INNOVATIONS ACADEMY OF EMPOWERMENT","INNOVATIONS ACADEMY OF EMPOWERMENT","SAN DIEGO COUNTY OFFICE OF EDUCATION",NA,NA,NA,NA
"INNOVATIONS ACADEMY OF EMPOWERMENT","INNOVATIONS ACADEMY OF EMPOWERMENT","SAN DIEGO COUNTY OFFICE OF EDUCATION",NA,NA,NA,NA
"INNOVATIONS ACADEMY OF EMPOWERMENT","INNOVATIONS ACADEMY OF EMPOWERMENT","SAN DIEGO COUNTY OFFICE OF EDUCATION",NA,NA,NA,NA
"ALBA-ANNEX","ALBA-ANNEX","SAN DIEGO UNIFIED",NA,NA,NA,NA
"ALBA-ANNEX","ALBA-ANNEX","SAN DIEGO UNIFIED",NA,NA,NA,NA
"ALBA-ANNEX","ALBA-ANNEX","SAN DIEGO UNIFIED",NA,NA,NA,NA
"ALBA-ANNEX","ALBA-ANNEX","SAN DIEGO UNIFIED",NA,NA,NA,NA
"ALBA-ANNEX","ALBA-ANNEX","SAN DIEGO UNIFIED",NA,NA,NA,NA
"ALBA-ANNEX","ALBA-ANNEX","SAN DIEGO UNIFIED",NA,NA,NA,NA
"ALBA-ANNEX","ALBA-ANNEX","SAN DIEGO UNIFIED",NA,NA,NA,NA
"ALBA-ANNEX","ALBA-ANNEX","SAN DIEGO UNIFIED",NA,NA,NA,NA
"ALBA-ANNEX","ALBA-ANNEX","SAN DIEGO UNIFIED",NA,NA,NA,NA
"ALBA-ANNEX","ALBA-ANNEX","SAN DIEGO UNIFIED",NA,NA,NA,NA
"ALBA-ANNEX","ALBA-ANNEX","SAN DIEGO UNIFIED",NA,NA,NA,NA
"ALBA-ANNEX","ALBA-ANNEX","SAN DIEGO UNIFIED",NA,NA,NA,NA
"ALBA-ANNEX","ALBA-ANNEX","SAN DIEGO UNIFIED",NA,NA,NA,NA
"ALBA-ANNEX","ALBA-ANNEX","SAN DIEGO UNIFIED",NA,NA,NA,NA
"ALBA-ANNEX","ALBA-ANNEX","SAN DIEGO UNIFIED",NA,NA,NA,NA
"ALBA-ANNEX","ALBA-ANNEX","SAN DIEGO UNIFIED",NA,NA,NA,NA
"ALBA-ANNEX","ALBA-ANNEX","SAN DIEGO UNIFIED",NA,NA,NA,NA
"ALBA-ANNEX","ALBA-ANNEX","SAN DIEGO UNIFIED",NA,NA,NA,NA
"ALBA-ANNEX","ALBA-ANNEX","SAN DIEGO UNIFIED",NA,NA,NA,NA
"ALBA-ANNEX","ALBA-ANNEX","SAN DIEGO UNIFIED",NA,NA,NA,NA
"ALBA-ANNEX","ALBA-ANNEX","SAN DIEGO UNIFIED",NA,NA,NA,NA
"ALBA-ANNEX","ALBA-ANNEX","SAN DIEGO UNIFIED",NA,NA,NA,NA
"ALBERT EINSTEIN ACADEMY CHARTER MIDDLE","ALBERT EINSTEIN ACADEMY CHARTER MIDDLE","SAN DIEGO UNIFIED",NA,NA,NA,NA
"ALBERT EINSTEIN ACADEMY CHARTER MIDDLE","ALBERT EINSTEIN ACADEMY CHARTER MIDDLE","SAN DIEGO UNIFIED",NA,NA,NA,NA
"ALBERT EINSTEIN ACADEMY CHARTER MIDDLE","ALBERT EINSTEIN ACADEMY CHARTER MIDDLE","SAN DIEGO UNIFIED",NA,NA,NA,NA
"ALBERT EINSTEIN ACADEMY CHARTER MIDDLE","ALBERT EINSTEIN ACADEMY CHARTER MIDDLE","SAN DIEGO UNIFIED",NA,NA,NA,NA
"ALBERT EINSTEIN ACADEMY CHARTER MIDDLE","ALBERT EINSTEIN ACADEMY CHARTER MIDDLE","SAN DIEGO UNIFIED",NA,NA,NA,NA
"ALBERT EINSTEIN ACADEMY CHARTER MIDDLE","ALBERT EINSTEIN ACADEMY CHARTER MIDDLE","SAN DIEGO UNIFIED",NA,NA,NA,NA
"ALBERT EINSTEIN ACADEMY CHARTER MIDDLE","ALBERT EINSTEIN ACADEMY CHARTER MIDDLE","SAN DIEGO UNIFIED",NA,NA,NA,NA
"ALBERT EINSTEIN ACADEMY CHARTER MIDDLE","ALBERT EINSTEIN ACADEMY CHARTER MIDDLE","SAN DIEGO UNIFIED",NA,NA,NA,NA
"ALBERT EINSTEIN ACADEMY CHARTER MIDDLE","ALBERT EINSTEIN ACADEMY CHARTER MIDDLE","SAN DIEGO UNIFIED",NA,NA,NA,NA
"ALBERT EINSTEIN ACADEMY CHARTER MIDDLE","ALBERT EINSTEIN ACADEMY CHARTER MIDDLE","SAN DIEGO UNIFIED",NA,NA,NA,NA
"ALBERT EINSTEIN ACADEMY CHARTER MIDDLE","ALBERT EINSTEIN ACADEMY CHARTER MIDDLE","SAN DIEGO UNIFIED",NA,NA,NA,NA
"ALBERT EINSTEIN ACADEMY CHARTER MIDDLE","ALBERT EINSTEIN ACADEMY CHARTER MIDDLE","SAN DIEGO UNIFIED",NA,NA,NA,NA
"ALBERT EINSTEIN ACADEMY CHARTER MIDDLE","ALBERT EINSTEIN ACADEMY CHARTER MIDDLE","SAN DIEGO UNIFIED",NA,NA,NA,NA
"ALBERT EINSTEIN ACADEMY CHARTER MIDDLE","ALBERT EINSTEIN ACADEMY CHARTER MIDDLE","SAN DIEGO UNIFIED",NA,NA,NA,NA
"ALBERT EINSTEIN ACADEMY CHARTER MIDDLE","ALBERT EINSTEIN ACADEMY CHARTER MIDDLE","SAN DIEGO UNIFIED",NA,NA,NA,NA
"ALBERT EINSTEIN ACADEMY CHARTER MIDDLE","ALBERT EINSTEIN ACADEMY CHARTER MIDDLE","SAN DIEGO UNIFIED",NA,NA,NA,NA
"ALBERT EINSTEIN ACADEMY CHARTER MIDDLE","ALBERT EINSTEIN ACADEMY CHARTER MIDDLE","SAN DIEGO UNIFIED",NA,NA,NA,NA
"ALBERT EINSTEIN ACADEMY CHARTER MIDDLE","ALBERT EINSTEIN ACADEMY CHARTER MIDDLE","SAN DIEGO UNIFIED",NA,NA,NA,NA
"ALBERT EINSTEIN ACADEMY CHARTER MIDDLE","ALBERT EINSTEIN ACADEMY CHARTER MIDDLE","SAN DIEGO UNIFIED",NA,NA,NA,NA
"ALBERT EINSTEIN ACADEMY CHARTER MIDDLE","ALBERT EINSTEIN ACADEMY CHARTER MIDDLE","SAN DIEGO UNIFIED",NA,NA,NA,NA
"ALBERT EINSTEIN ACADEMY CHARTER MIDDLE","ALBERT EINSTEIN ACADEMY CHARTER MIDDLE","SAN DIEGO UNIFIED",NA,NA,NA,NA
"ALBERT EINSTEIN ACADEMY CHARTER MIDDLE","ALBERT EINSTEIN ACADEMY CHARTER MIDDLE","SAN DIEGO UNIFIED",NA,NA,NA,NA
"AMERICA'S FINEST CHARTER","AMERICA'S FINEST CHARTER","SAN DIEGO UNIFIED",NA,NA,NA,NA
"AMERICA'S FINEST CHARTER","AMERICA'S FINEST CHARTER","SAN DIEGO UNIFIED",NA,NA,NA,NA
"AMERICA'S FINEST CHARTER","AMERICA'S FINEST CHARTER","SAN DIEGO UNIFIED",NA,NA,NA,NA
"AMERICA'S FINEST CHARTER","AMERICA'S FINEST CHARTER","SAN DIEGO UNIFIED",NA,NA,NA,NA
"AMERICA'S FINEST CHARTER","AMERICA'S FINEST CHARTER","SAN DIEGO UNIFIED",NA,NA,NA,NA
"AMERICA'S FINEST CHARTER","AMERICA'S FINEST CHARTER","SAN DIEGO UNIFIED",NA,NA,NA,NA
"AMERICA'S FINEST CHARTER","AMERICA'S FINEST CHARTER","SAN DIEGO UNIFIED",NA,NA,NA,NA
"AMERICA'S FINEST CHARTER","AMERICA'S FINEST CHARTER","SAN DIEGO UNIFIED",NA,NA,NA,NA
"AMERICA'S FINEST CHARTER","AMERICA'S FINEST CHARTER","SAN DIEGO UNIFIED",NA,NA,NA,NA
"AMERICA'S FINEST CHARTER","AMERICA'S FINEST CHARTER","SAN DIEGO UNIFIED",NA,NA,NA,NA
"AMERICA'S FINEST CHARTER","AMERICA'S FINEST CHARTER","SAN DIEGO UNIFIED",NA,NA,NA,NA
"AMERICA'S FINEST CHARTER","AMERICA'S FINEST CHARTER","SAN DIEGO UNIFIED",NA,NA,NA,NA
"AMERICA'S FINEST CHARTER","AMERICA'S FINEST CHARTER","SAN DIEGO UNIFIED",NA,NA,NA,NA
"AMERICA'S FINEST CHARTER","AMERICA'S FINEST CHARTER","SAN DIEGO UNIFIED",NA,NA,NA,NA
"AMERICA'S FINEST CHARTER","AMERICA'S FINEST CHARTER","SAN DIEGO UNIFIED",NA,NA,NA,NA
"AMERICA'S FINEST CHARTER","AMERICA'S FINEST CHARTER","SAN DIEGO UNIFIED",NA,NA,NA,NA
"AMERICA'S FINEST CHARTER","AMERICA'S FINEST CHARTER","SAN DIEGO UNIFIED",NA,NA,NA,NA
"AMERICA'S FINEST CHARTER","AMERICA'S FINEST CHARTER","SAN DIEGO UNIFIED",NA,NA,NA,NA
"AMERICA'S FINEST CHARTER","AMERICA'S FINEST CHARTER","SAN DIEGO UNIFIED",NA,NA,NA,NA
"AMERICA'S FINEST CHARTER","AMERICA'S FINEST CHARTER","SAN DIEGO UNIFIED",NA,NA,NA,NA
"AMERICA'S FINEST CHARTER","AMERICA'S FINEST CHARTER","SAN DIEGO UNIFIED",NA,NA,NA,NA
"AMERICA'S FINEST CHARTER","AMERICA'S FINEST CHARTER","SAN DIEGO UNIFIED",NA,NA,NA,NA
"AMERICA'S FINEST CHARTER","AMERICA'S FINEST CHARTER","SAN DIEGO UNIFIED",NA,NA,NA,NA
"AMERICA'S FINEST CHARTER","AMERICA'S FINEST CHARTER","SAN DIEGO UNIFIED",NA,NA,NA,NA
"AMERICA'S FINEST CHARTER","AMERICA'S FINEST CHARTER","SAN DIEGO UNIFIED",NA,NA,NA,NA
"AMERICA'S FINEST CHARTER","AMERICA'S FINEST CHARTER","SAN DIEGO UNIFIED",NA,NA,NA,NA
"AMERICA'S FINEST CHARTER","AMERICA'S FINEST CHARTER","SAN DIEGO UNIFIED",NA,NA,NA,NA
"AMERICA'S FINEST CHARTER","AMERICA'S FINEST CHARTER","SAN DIEGO UNIFIED",NA,NA,NA,NA
"AMERICA'S FINEST CHARTER","AMERICA'S FINEST CHARTER","SAN DIEGO UNIFIED",NA,NA,NA,NA
"AMERICA'S FINEST CHARTER","AMERICA'S FINEST CHARTER","SAN DIEGO UNIFIED",NA,NA,NA,NA
"AMERICA'S FINEST CHARTER","AMERICA'S FINEST CHARTER","SAN DIEGO UNIFIED",NA,NA,NA,NA
"AMERICA'S FINEST CHARTER","AMERICA'S FINEST CHARTER","SAN DIEGO UNIFIED",NA,NA,NA,NA
"ASELTINE SCHOOL","ASELTINE SCHOOL","SAN DIEGO UNIFIED",NA,NA,NA,NA
"ASELTINE SCHOOL","ASELTINE SCHOOL","SAN DIEGO UNIFIED",NA,NA,NA,NA
"ASELTINE SCHOOL","ASELTINE SCHOOL","SAN DIEGO UNIFIED",NA,NA,NA,NA
"ASELTINE SCHOOL","ASELTINE SCHOOL","SAN DIEGO UNIFIED",NA,NA,NA,NA
"ASELTINE SCHOOL","ASELTINE SCHOOL","SAN DIEGO UNIFIED",NA,NA,NA,NA
"ASELTINE SCHOOL","ASELTINE SCHOOL","SAN DIEGO UNIFIED",NA,NA,NA,NA
"ASELTINE SCHOOL","ASELTINE SCHOOL","SAN DIEGO UNIFIED",NA,NA,NA,NA
"ASELTINE SCHOOL","ASELTINE SCHOOL","SAN DIEGO UNIFIED",NA,NA,NA,NA
"ASELTINE SCHOOL","ASELTINE SCHOOL","SAN DIEGO UNIFIED",NA,NA,NA,NA
"ASELTINE SCHOOL","ASELTINE SCHOOL","SAN DIEGO UNIFIED",NA,NA,NA,NA
"ASELTINE SCHOOL","ASELTINE SCHOOL","SAN DIEGO UNIFIED",NA,NA,NA,NA
"ASELTINE SCHOOL","ASELTINE SCHOOL","SAN DIEGO UNIFIED",NA,NA,NA,NA
"ASELTINE SCHOOL","ASELTINE SCHOOL","SAN DIEGO UNIFIED",NA,NA,NA,NA
"ASELTINE SCHOOL","ASELTINE SCHOOL","SAN DIEGO UNIFIED",NA,NA,NA,NA
"ASELTINE SCHOOL","ASELTINE SCHOOL","SAN DIEGO UNIFIED",NA,NA,NA,NA
"ASELTINE SCHOOL","ASELTINE SCHOOL","SAN DIEGO UNIFIED",NA,NA,NA,NA
"ASELTINE SCHOOL","ASELTINE SCHOOL","SAN DIEGO UNIFIED",NA,NA,NA,NA
"ASELTINE SCHOOL","ASELTINE SCHOOL","SAN DIEGO UNIFIED",NA,NA,NA,NA
"ASELTINE SCHOOL","ASELTINE SCHOOL","SAN DIEGO UNIFIED",NA,NA,NA,NA
"ASELTINE SCHOOL","ASELTINE SCHOOL","SAN DIEGO UNIFIED",NA,NA,NA,NA
"ASELTINE SCHOOL","ASELTINE SCHOOL","SAN DIEGO UNIFIED",NA,NA,NA,NA
"ASELTINE SCHOOL","ASELTINE SCHOOL","SAN DIEGO UNIFIED",NA,NA,NA,NA
"ASELTINE SCHOOL","ASELTINE SCHOOL","SAN DIEGO UNIFIED",NA,NA,NA,NA
"ASELTINE SCHOOL","ASELTINE SCHOOL","SAN DIEGO UNIFIED",NA,NA,NA,NA
"BANDINI ELEMENTARY","BANDINI ELEMENTARY","SAN DIEGO UNIFIED",NA,NA,NA,NA
"BANDINI ELEMENTARY","BANDINI ELEMENTARY","SAN DIEGO UNIFIED",NA,NA,NA,NA
"BANDINI ELEMENTARY","BANDINI ELEMENTARY","SAN DIEGO UNIFIED",NA,NA,NA,NA
"BANDINI ELEMENTARY","BANDINI ELEMENTARY","SAN DIEGO UNIFIED",NA,NA,NA,NA
"BANDINI ELEMENTARY","BANDINI ELEMENTARY","SAN DIEGO UNIFIED",NA,NA,NA,NA
"BANDINI ELEMENTARY","BANDINI ELEMENTARY","SAN DIEGO UNIFIED",NA,NA,NA,NA
"BANDINI ELEMENTARY","BANDINI ELEMENTARY","SAN DIEGO UNIFIED",NA,NA,NA,NA
"BANDINI ELEMENTARY","BANDINI ELEMENTARY","SAN DIEGO UNIFIED",NA,NA,NA,NA
"BANDINI ELEMENTARY","BANDINI ELEMENTARY","SAN DIEGO UNIFIED",NA,NA,NA,NA
"BANDINI ELEMENTARY","BANDINI ELEMENTARY","SAN DIEGO UNIFIED",NA,NA,NA,NA
"BANDINI ELEMENTARY","BANDINI ELEMENTARY","SAN DIEGO UNIFIED",NA,NA,NA,NA
"BANDINI ELEMENTARY","BANDINI ELEMENTARY","SAN DIEGO UNIFIED",NA,NA,NA,NA
"BANDINI ELEMENTARY","BANDINI ELEMENTARY","SAN DIEGO UNIFIED",NA,NA,NA,NA
"BANDINI ELEMENTARY","BANDINI ELEMENTARY","SAN DIEGO UNIFIED",NA,NA,NA,NA
"BANDINI ELEMENTARY","BANDINI ELEMENTARY","SAN DIEGO UNIFIED",NA,NA,NA,NA
"BANDINI ELEMENTARY","BANDINI ELEMENTARY","SAN DIEGO UNIFIED",NA,NA,NA,NA
"BANDINI ELEMENTARY","BANDINI ELEMENTARY","SAN DIEGO UNIFIED",NA,NA,NA,NA
"BANDINI ELEMENTARY","BANDINI ELEMENTARY","SAN DIEGO UNIFIED",NA,NA,NA,NA
"BANDINI ELEMENTARY","BANDINI ELEMENTARY","SAN DIEGO UNIFIED",NA,NA,NA,NA
"BANDINI ELEMENTARY","BANDINI ELEMENTARY","SAN DIEGO UNIFIED",NA,NA,NA,NA
"BANDINI ELEMENTARY","BANDINI ELEMENTARY","SAN DIEGO UNIFIED",NA,NA,NA,NA
"BANDINI ELEMENTARY","BANDINI ELEMENTARY","SAN DIEGO UNIFIED",NA,NA,NA,NA
"BANDINI ELEMENTARY","BANDINI ELEMENTARY","SAN DIEGO UNIFIED",NA,NA,NA,NA
"BANDINI ELEMENTARY","BANDINI ELEMENTARY","SAN DIEGO UNIFIED",NA,NA,NA,NA
"COOK EDUCATION CENTER","COOK EDUCATION CENTER","SAN DIEGO UNIFIED",NA,NA,NA,NA
"COOK EDUCATION CENTER","COOK EDUCATION CENTER","SAN DIEGO UNIFIED",NA,NA,NA,NA
"COOK EDUCATION CENTER","COOK EDUCATION CENTER","SAN DIEGO UNIFIED",NA,NA,NA,NA
"COOK EDUCATION CENTER","COOK EDUCATION CENTER","SAN DIEGO UNIFIED",NA,NA,NA,NA
"COOK EDUCATION CENTER","COOK EDUCATION CENTER","SAN DIEGO UNIFIED",NA,NA,NA,NA
"COOK EDUCATION CENTER","COOK EDUCATION CENTER","SAN DIEGO UNIFIED",NA,NA,NA,NA
"COOK EDUCATION CENTER","COOK EDUCATION CENTER","SAN DIEGO UNIFIED",NA,NA,NA,NA
"COOK EDUCATION CENTER","COOK EDUCATION CENTER","SAN DIEGO UNIFIED",NA,NA,NA,NA
"COOK EDUCATION CENTER","COOK EDUCATION CENTER","SAN DIEGO UNIFIED",NA,NA,NA,NA
"COOK EDUCATION CENTER","COOK EDUCATION CENTER","SAN DIEGO UNIFIED",NA,NA,NA,NA
"COOK EDUCATION CENTER","COOK EDUCATION CENTER","SAN DIEGO UNIFIED",NA,NA,NA,NA
"COOK EDUCATION CENTER","COOK EDUCATION CENTER","SAN DIEGO UNIFIED",NA,NA,NA,NA
"CREATIVE, PERFORMING, AND MEDIA ARTS                            ","CREATIVE, PERFORMING, AND MEDIA ARTS                            ","SAN DIEGO UNIFIED",NA,NA,NA,NA
"CREATIVE, PERFORMING, AND MEDIA ARTS                            ","CREATIVE, PERFORMING, AND MEDIA ARTS                            ","SAN DIEGO UNIFIED",NA,NA,NA,NA
"CREATIVE, PERFORMING, AND MEDIA ARTS                            ","CREATIVE, PERFORMING, AND MEDIA ARTS                            ","SAN DIEGO UNIFIED",NA,NA,NA,NA
"CREATIVE, PERFORMING, AND MEDIA ARTS                            ","CREATIVE, PERFORMING, AND MEDIA ARTS                            ","SAN DIEGO UNIFIED",NA,NA,NA,NA
"CREATIVE, PERFORMING, AND MEDIA ARTS                            ","CREATIVE, PERFORMING, AND MEDIA ARTS                            ","SAN DIEGO UNIFIED",NA,NA,NA,NA
"CREATIVE, PERFORMING, AND MEDIA ARTS                            ","CREATIVE, PERFORMING, AND MEDIA ARTS                            ","SAN DIEGO UNIFIED",NA,NA,NA,NA
"CREATIVE, PERFORMING, AND MEDIA ARTS                            ","CREATIVE, PERFORMING, AND MEDIA ARTS                            ","SAN DIEGO UNIFIED",NA,NA,NA,NA
"CREATIVE, PERFORMING, AND MEDIA ARTS                            ","CREATIVE, PERFORMING, AND MEDIA ARTS                            ","SAN DIEGO UNIFIED",NA,NA,NA,NA
"CREATIVE, PERFORMING, AND MEDIA ARTS                            ","CREATIVE, PERFORMING, AND MEDIA ARTS                            ","SAN DIEGO UNIFIED",NA,NA,NA,NA
"CREATIVE, PERFORMING, AND MEDIA ARTS                            ","CREATIVE, PERFORMING, AND MEDIA ARTS                            ","SAN DIEGO UNIFIED",NA,NA,NA,NA
"CREATIVE, PERFORMING, AND MEDIA ARTS                            ","CREATIVE, PERFORMING, AND MEDIA ARTS                            ","SAN DIEGO UNIFIED",NA,NA,NA,NA
"CREATIVE, PERFORMING, AND MEDIA ARTS                            ","CREATIVE, PERFORMING, AND MEDIA ARTS                            ","SAN DIEGO UNIFIED",NA,NA,NA,NA
"CREATIVE, PERFORMING, AND MEDIA ARTS                            ","CREATIVE, PERFORMING, AND MEDIA ARTS                            ","SAN DIEGO UNIFIED",NA,NA,NA,NA
"CREATIVE, PERFORMING, AND MEDIA ARTS                            ","CREATIVE, PERFORMING, AND MEDIA ARTS                            ","SAN DIEGO UNIFIED",NA,NA,NA,NA
"CREATIVE, PERFORMING, AND MEDIA ARTS                            ","CREATIVE, PERFORMING, AND MEDIA ARTS                            ","SAN DIEGO UNIFIED",NA,NA,NA,NA
"CREATIVE, PERFORMING, AND MEDIA ARTS                            ","CREATIVE, PERFORMING, AND MEDIA ARTS                            ","SAN DIEGO UNIFIED",NA,NA,NA,NA
"CREATIVE, PERFORMING, AND MEDIA ARTS                            ","CREATIVE, PERFORMING, AND MEDIA ARTS                            ","SAN DIEGO UNIFIED",NA,NA,NA,NA
"CREATIVE, PERFORMING, AND MEDIA ARTS                            ","CREATIVE, PERFORMING, AND MEDIA ARTS                            ","SAN DIEGO UNIFIED",NA,NA,NA,NA
"CREATIVE, PERFORMING, AND MEDIA ARTS                            ","CREATIVE, PERFORMING, AND MEDIA ARTS                            ","SAN DIEGO UNIFIED",NA,NA,NA,NA
"CREATIVE, PERFORMING, AND MEDIA ARTS                            ","CREATIVE, PERFORMING, AND MEDIA ARTS                            ","SAN DIEGO UNIFIED",NA,NA,NA,NA
"CREATIVE, PERFORMING, AND MEDIA ARTS                            ","CREATIVE, PERFORMING, AND MEDIA ARTS                            ","SAN DIEGO UNIFIED",NA,NA,NA,NA
"CREATIVE, PERFORMING, AND MEDIA ARTS                            ","CREATIVE, PERFORMING, AND MEDIA ARTS                            ","SAN DIEGO UNIFIED",NA,NA,NA,NA
"EMERSON/BANDINI ELEMENTARY","EMERSON/BANDINI ELEMENTARY","SAN DIEGO UNIFIED",NA,NA,NA,NA
"EMERSON/BANDINI ELEMENTARY","EMERSON/BANDINI ELEMENTARY","SAN DIEGO UNIFIED",NA,NA,NA,NA
"EMERSON/BANDINI ELEMENTARY","EMERSON/BANDINI ELEMENTARY","SAN DIEGO UNIFIED",NA,NA,NA,NA
"EMERSON/BANDINI ELEMENTARY","EMERSON/BANDINI ELEMENTARY","SAN DIEGO UNIFIED",NA,NA,NA,NA
"EMERSON/BANDINI ELEMENTARY","EMERSON/BANDINI ELEMENTARY","SAN DIEGO UNIFIED",NA,NA,NA,NA
"EMERSON/BANDINI ELEMENTARY","EMERSON/BANDINI ELEMENTARY","SAN DIEGO UNIFIED",NA,NA,NA,NA
"EMERSON/BANDINI ELEMENTARY","EMERSON/BANDINI ELEMENTARY","SAN DIEGO UNIFIED",NA,NA,NA,NA
"EMERSON/BANDINI ELEMENTARY","EMERSON/BANDINI ELEMENTARY","SAN DIEGO UNIFIED",NA,NA,NA,NA
"EMERSON/BANDINI ELEMENTARY","EMERSON/BANDINI ELEMENTARY","SAN DIEGO UNIFIED",NA,NA,NA,NA
"EMERSON/BANDINI ELEMENTARY","EMERSON/BANDINI ELEMENTARY","SAN DIEGO UNIFIED",NA,NA,NA,NA
"EMERSON/BANDINI ELEMENTARY","EMERSON/BANDINI ELEMENTARY","SAN DIEGO UNIFIED",NA,NA,NA,NA
"EMERSON/BANDINI ELEMENTARY","EMERSON/BANDINI ELEMENTARY","SAN DIEGO UNIFIED",NA,NA,NA,NA
"EMERSON/BANDINI ELEMENTARY","EMERSON/BANDINI ELEMENTARY","SAN DIEGO UNIFIED",NA,NA,NA,NA
"EMERSON/BANDINI ELEMENTARY","EMERSON/BANDINI ELEMENTARY","SAN DIEGO UNIFIED",NA,NA,NA,NA
"EMERSON/BANDINI ELEMENTARY","EMERSON/BANDINI ELEMENTARY","SAN DIEGO UNIFIED",NA,NA,NA,NA
"EMERSON/BANDINI ELEMENTARY","EMERSON/BANDINI ELEMENTARY","SAN DIEGO UNIFIED",NA,NA,NA,NA
"EMERSON/BANDINI ELEMENTARY","EMERSON/BANDINI ELEMENTARY","SAN DIEGO UNIFIED",NA,NA,NA,NA
"EMERSON/BANDINI ELEMENTARY","EMERSON/BANDINI ELEMENTARY","SAN DIEGO UNIFIED",NA,NA,NA,NA
"EMERSON/BANDINI ELEMENTARY","EMERSON/BANDINI ELEMENTARY","SAN DIEGO UNIFIED",NA,NA,NA,NA
"EMERSON/BANDINI ELEMENTARY","EMERSON/BANDINI ELEMENTARY","SAN DIEGO UNIFIED",NA,NA,NA,NA
"EMERSON/BANDINI ELEMENTARY","EMERSON/BANDINI ELEMENTARY","SAN DIEGO UNIFIED",NA,NA,NA,NA
"EMERSON/BANDINI ELEMENTARY","EMERSON/BANDINI ELEMENTARY","SAN DIEGO UNIFIED",NA,NA,NA,NA
"EMERSON/BANDINI ELEMENTARY","EMERSON/BANDINI ELEMENTARY","SAN DIEGO UNIFIED",NA,NA,NA,NA
"EMERSON/BANDINI ELEMENTARY","EMERSON/BANDINI ELEMENTARY","SAN DIEGO UNIFIED",NA,NA,NA,NA
"EPIPHANY PREP CHARTER","EPIPHANY PREP CHARTER","SAN DIEGO UNIFIED",NA,NA,NA,NA
"EPIPHANY PREP CHARTER","EPIPHANY PREP CHARTER","SAN DIEGO UNIFIED",NA,NA,NA,NA
"EPIPHANY PREP CHARTER","EPIPHANY PREP CHARTER","SAN DIEGO UNIFIED",NA,NA,NA,NA
"EPIPHANY PREP CHARTER","EPIPHANY PREP CHARTER","SAN DIEGO UNIFIED",NA,NA,NA,NA
"EPIPHANY PREP CHARTER","EPIPHANY PREP CHARTER","SAN DIEGO UNIFIED",NA,NA,NA,NA
"EPIPHANY PREP CHARTER","EPIPHANY PREP CHARTER","SAN DIEGO UNIFIED",NA,NA,NA,NA
"EPIPHANY PREP CHARTER","EPIPHANY PREP CHARTER","SAN DIEGO UNIFIED",NA,NA,NA,NA
"EPIPHANY PREP CHARTER","EPIPHANY PREP CHARTER","SAN DIEGO UNIFIED",NA,NA,NA,NA
"EPIPHANY PREP CHARTER","EPIPHANY PREP CHARTER","SAN DIEGO UNIFIED",NA,NA,NA,NA
"EPIPHANY PREP CHARTER","EPIPHANY PREP CHARTER","SAN DIEGO UNIFIED",NA,NA,NA,NA
"EPIPHANY PREP CHARTER","EPIPHANY PREP CHARTER","SAN DIEGO UNIFIED",NA,NA,NA,NA
"EPIPHANY PREP CHARTER","EPIPHANY PREP CHARTER","SAN DIEGO UNIFIED",NA,NA,NA,NA
"EPIPHANY PREP CHARTER","EPIPHANY PREP CHARTER","SAN DIEGO UNIFIED",NA,NA,NA,NA
"EPIPHANY PREP CHARTER","EPIPHANY PREP CHARTER","SAN DIEGO UNIFIED",NA,NA,NA,NA
"EPIPHANY PREP CHARTER","EPIPHANY PREP CHARTER","SAN DIEGO UNIFIED",NA,NA,NA,NA
"EPIPHANY PREP CHARTER","EPIPHANY PREP CHARTER","SAN DIEGO UNIFIED",NA,NA,NA,NA
"EPIPHANY PREP CHARTER","EPIPHANY PREP CHARTER","SAN DIEGO UNIFIED",NA,NA,NA,NA
"EPIPHANY PREP CHARTER","EPIPHANY PREP CHARTER","SAN DIEGO UNIFIED",NA,NA,NA,NA
"EPIPHANY PREP CHARTER","EPIPHANY PREP CHARTER","SAN DIEGO UNIFIED",NA,NA,NA,NA
"EPIPHANY PREP CHARTER","EPIPHANY PREP CHARTER","SAN DIEGO UNIFIED",NA,NA,NA,NA
"EPIPHANY PREP CHARTER","EPIPHANY PREP CHARTER","SAN DIEGO UNIFIED",NA,NA,NA,NA
"EPIPHANY PREP CHARTER","EPIPHANY PREP CHARTER","SAN DIEGO UNIFIED",NA,NA,NA,NA
"EVANGELINE ROBERTS INSTITUTE OF LEARNING-ANNEX","EVANGELINE ROBERTS INSTITUTE OF LEARNING-ANNEX","SAN DIEGO UNIFIED",NA,NA,NA,NA
"EVANGELINE ROBERTS INSTITUTE OF LEARNING-ANNEX","EVANGELINE ROBERTS INSTITUTE OF LEARNING-ANNEX","SAN DIEGO UNIFIED",NA,NA,NA,NA
"EVANGELINE ROBERTS INSTITUTE OF LEARNING-ANNEX","EVANGELINE ROBERTS INSTITUTE OF LEARNING-ANNEX","SAN DIEGO UNIFIED",NA,NA,NA,NA
"EVANGELINE ROBERTS INSTITUTE OF LEARNING-ANNEX","EVANGELINE ROBERTS INSTITUTE OF LEARNING-ANNEX","SAN DIEGO UNIFIED",NA,NA,NA,NA
"EVANGELINE ROBERTS INSTITUTE OF LEARNING-ANNEX","EVANGELINE ROBERTS INSTITUTE OF LEARNING-ANNEX","SAN DIEGO UNIFIED",NA,NA,NA,NA
"EVANGELINE ROBERTS INSTITUTE OF LEARNING-ANNEX","EVANGELINE ROBERTS INSTITUTE OF LEARNING-ANNEX","SAN DIEGO UNIFIED",NA,NA,NA,NA
"EVANGELINE ROBERTS INSTITUTE OF LEARNING-ANNEX","EVANGELINE ROBERTS INSTITUTE OF LEARNING-ANNEX","SAN DIEGO UNIFIED",NA,NA,NA,NA
"EVANGELINE ROBERTS INSTITUTE OF LEARNING-ANNEX","EVANGELINE ROBERTS INSTITUTE OF LEARNING-ANNEX","SAN DIEGO UNIFIED",NA,NA,NA,NA
"EVANGELINE ROBERTS INSTITUTE OF LEARNING-ANNEX","EVANGELINE ROBERTS INSTITUTE OF LEARNING-ANNEX","SAN DIEGO UNIFIED",NA,NA,NA,NA
"EVANGELINE ROBERTS INSTITUTE OF LEARNING-ANNEX","EVANGELINE ROBERTS INSTITUTE OF LEARNING-ANNEX","SAN DIEGO UNIFIED",NA,NA,NA,NA
"EVANGELINE ROBERTS INSTITUTE OF LEARNING-ANNEX","EVANGELINE ROBERTS INSTITUTE OF LEARNING-ANNEX","SAN DIEGO UNIFIED",NA,NA,NA,NA
"EVANGELINE ROBERTS INSTITUTE OF LEARNING-ANNEX","EVANGELINE ROBERTS INSTITUTE OF LEARNING-ANNEX","SAN DIEGO UNIFIED",NA,NA,NA,NA
"EVANGELINE ROBERTS INSTITUTE OF LEARNING-ANNEX","EVANGELINE ROBERTS INSTITUTE OF LEARNING-ANNEX","SAN DIEGO UNIFIED",NA,NA,NA,NA
"EVANGELINE ROBERTS INSTITUTE OF LEARNING-ANNEX","EVANGELINE ROBERTS INSTITUTE OF LEARNING-ANNEX","SAN DIEGO UNIFIED",NA,NA,NA,NA
"EVANGELINE ROBERTS INSTITUTE OF LEARNING-ANNEX","EVANGELINE ROBERTS INSTITUTE OF LEARNING-ANNEX","SAN DIEGO UNIFIED",NA,NA,NA,NA
"EVANGELINE ROBERTS INSTITUTE OF LEARNING-ANNEX","EVANGELINE ROBERTS INSTITUTE OF LEARNING-ANNEX","SAN DIEGO UNIFIED",NA,NA,NA,NA
"EVANGELINE ROBERTS INSTITUTE OF LEARNING-ANNEX","EVANGELINE ROBERTS INSTITUTE OF LEARNING-ANNEX","SAN DIEGO UNIFIED",NA,NA,NA,NA
"EVANGELINE ROBERTS INSTITUTE OF LEARNING-ANNEX","EVANGELINE ROBERTS INSTITUTE OF LEARNING-ANNEX","SAN DIEGO UNIFIED",NA,NA,NA,NA
"EVANGELINE ROBERTS INSTITUTE OF LEARNING-ANNEX","EVANGELINE ROBERTS INSTITUTE OF LEARNING-ANNEX","SAN DIEGO UNIFIED",NA,NA,NA,NA
"EVANGELINE ROBERTS INSTITUTE OF LEARNING-ANNEX","EVANGELINE ROBERTS INSTITUTE OF LEARNING-ANNEX","SAN DIEGO UNIFIED",NA,NA,NA,NA
"HARRIET TUBMAN VILLAGE CHARTER","HARRIET TUBMAN VILLAGE CHARTER","SAN DIEGO UNIFIED",NA,NA,NA,NA
"HARRIET TUBMAN VILLAGE CHARTER","HARRIET TUBMAN VILLAGE CHARTER","SAN DIEGO UNIFIED",NA,NA,NA,NA
"HARRIET TUBMAN VILLAGE CHARTER","HARRIET TUBMAN VILLAGE CHARTER","SAN DIEGO UNIFIED",NA,NA,NA,NA
"HARRIET TUBMAN VILLAGE CHARTER","HARRIET TUBMAN VILLAGE CHARTER","SAN DIEGO UNIFIED",NA,NA,NA,NA
"HARRIET TUBMAN VILLAGE CHARTER","HARRIET TUBMAN VILLAGE CHARTER","SAN DIEGO UNIFIED",NA,NA,NA,NA
"HARRIET TUBMAN VILLAGE CHARTER","HARRIET TUBMAN VILLAGE CHARTER","SAN DIEGO UNIFIED",NA,NA,NA,NA
"HARRIET TUBMAN VILLAGE CHARTER","HARRIET TUBMAN VILLAGE CHARTER","SAN DIEGO UNIFIED",NA,NA,NA,NA
"HARRIET TUBMAN VILLAGE CHARTER","HARRIET TUBMAN VILLAGE CHARTER","SAN DIEGO UNIFIED",NA,NA,NA,NA
"HARRIET TUBMAN VILLAGE CHARTER","HARRIET TUBMAN VILLAGE CHARTER","SAN DIEGO UNIFIED",NA,NA,NA,NA
"HARRIET TUBMAN VILLAGE CHARTER","HARRIET TUBMAN VILLAGE CHARTER","SAN DIEGO UNIFIED",NA,NA,NA,NA
"HARRIET TUBMAN VILLAGE CHARTER","HARRIET TUBMAN VILLAGE CHARTER","SAN DIEGO UNIFIED",NA,NA,NA,NA
"HARRIET TUBMAN VILLAGE CHARTER","HARRIET TUBMAN VILLAGE CHARTER","SAN DIEGO UNIFIED",NA,NA,NA,NA
"HARRIET TUBMAN VILLAGE CHARTER","HARRIET TUBMAN VILLAGE CHARTER","SAN DIEGO UNIFIED",NA,NA,NA,NA
"HARRIET TUBMAN VILLAGE CHARTER","HARRIET TUBMAN VILLAGE CHARTER","SAN DIEGO UNIFIED",NA,NA,NA,NA
"HARRIET TUBMAN VILLAGE CHARTER","HARRIET TUBMAN VILLAGE CHARTER","SAN DIEGO UNIFIED",NA,NA,NA,NA
"HARRIET TUBMAN VILLAGE CHARTER","HARRIET TUBMAN VILLAGE CHARTER","SAN DIEGO UNIFIED",NA,NA,NA,NA
"HARRIET TUBMAN VILLAGE CHARTER","HARRIET TUBMAN VILLAGE CHARTER","SAN DIEGO UNIFIED",NA,NA,NA,NA
"HARRIET TUBMAN VILLAGE CHARTER","HARRIET TUBMAN VILLAGE CHARTER","SAN DIEGO UNIFIED",NA,NA,NA,NA
"HARRIET TUBMAN VILLAGE CHARTER","HARRIET TUBMAN VILLAGE CHARTER","SAN DIEGO UNIFIED",NA,NA,NA,NA
"HARRIET TUBMAN VILLAGE CHARTER","HARRIET TUBMAN VILLAGE CHARTER","SAN DIEGO UNIFIED",NA,NA,NA,NA
"HARRIET TUBMAN VILLAGE CHARTER","HARRIET TUBMAN VILLAGE CHARTER","SAN DIEGO UNIFIED",NA,NA,NA,NA
"HARRIET TUBMAN VILLAGE CHARTER","HARRIET TUBMAN VILLAGE CHARTER","SAN DIEGO UNIFIED",NA,NA,NA,NA
"HARRIET TUBMAN VILLAGE CHARTER","HARRIET TUBMAN VILLAGE CHARTER","SAN DIEGO UNIFIED",NA,NA,NA,NA
"HARRIET TUBMAN VILLAGE CHARTER","HARRIET TUBMAN VILLAGE CHARTER","SAN DIEGO UNIFIED",NA,NA,NA,NA
"HIGH TECH ELEMENTARY","HIGH TECH ELEMENTARY","SAN DIEGO UNIFIED",NA,NA,NA,NA
"HIGH TECH ELEMENTARY","HIGH TECH ELEMENTARY","SAN DIEGO UNIFIED",NA,NA,NA,NA
"HIGH TECH ELEMENTARY","HIGH TECH ELEMENTARY","SAN DIEGO UNIFIED",NA,NA,NA,NA
"HIGH TECH ELEMENTARY","HIGH TECH ELEMENTARY","SAN DIEGO UNIFIED",NA,NA,NA,NA
"HIGH TECH ELEMENTARY","HIGH TECH ELEMENTARY","SAN DIEGO UNIFIED",NA,NA,NA,NA
"HIGH TECH ELEMENTARY","HIGH TECH ELEMENTARY","SAN DIEGO UNIFIED",NA,NA,NA,NA
"HIGH TECH ELEMENTARY","HIGH TECH ELEMENTARY","SAN DIEGO UNIFIED",NA,NA,NA,NA
"HIGH TECH ELEMENTARY","HIGH TECH ELEMENTARY","SAN DIEGO UNIFIED",NA,NA,NA,NA
"HIGH TECH ELEMENTARY","HIGH TECH ELEMENTARY","SAN DIEGO UNIFIED",NA,NA,NA,NA
"HIGH TECH ELEMENTARY","HIGH TECH ELEMENTARY","SAN DIEGO UNIFIED",NA,NA,NA,NA
"HIGH TECH ELEMENTARY","HIGH TECH ELEMENTARY","SAN DIEGO UNIFIED",NA,NA,NA,NA
"HIGH TECH HIGH -ANNEX","HIGH TECH HIGH -ANNEX","SAN DIEGO UNIFIED",NA,NA,NA,NA
"HIGH TECH HIGH -ANNEX","HIGH TECH HIGH -ANNEX","SAN DIEGO UNIFIED",NA,NA,NA,NA
"HIGH TECH HIGH -ANNEX","HIGH TECH HIGH -ANNEX","SAN DIEGO UNIFIED",NA,NA,NA,NA
"HIGH TECH HIGH -ANNEX","HIGH TECH HIGH -ANNEX","SAN DIEGO UNIFIED",NA,NA,NA,NA
"HIGH TECH HIGH -ANNEX","HIGH TECH HIGH -ANNEX","SAN DIEGO UNIFIED",NA,NA,NA,NA
"HIGH TECH HIGH -ANNEX","HIGH TECH HIGH -ANNEX","SAN DIEGO UNIFIED",NA,NA,NA,NA
"HIGH TECH HIGH -ANNEX","HIGH TECH HIGH -ANNEX","SAN DIEGO UNIFIED",NA,NA,NA,NA
"HIGH TECH HIGH -ANNEX","HIGH TECH HIGH -ANNEX","SAN DIEGO UNIFIED",NA,NA,NA,NA
"HIGH TECH HIGH -ANNEX","HIGH TECH HIGH -ANNEX","SAN DIEGO UNIFIED",NA,NA,NA,NA
"HIGH TECH HIGH -ANNEX","HIGH TECH HIGH -ANNEX","SAN DIEGO UNIFIED",NA,NA,NA,NA
"HIGH TECH HIGH -ANNEX","HIGH TECH HIGH -ANNEX","SAN DIEGO UNIFIED",NA,NA,NA,NA
"HIGH TECH HIGH -ANNEX","HIGH TECH HIGH -ANNEX","SAN DIEGO UNIFIED",NA,NA,NA,NA
"HIGH TECH HIGH -ANNEX","HIGH TECH HIGH -ANNEX","SAN DIEGO UNIFIED",NA,NA,NA,NA
"HIGH TECH HIGH -ANNEX","HIGH TECH HIGH -ANNEX","SAN DIEGO UNIFIED",NA,NA,NA,NA
"HIGH TECH HIGH -ANNEX","HIGH TECH HIGH -ANNEX","SAN DIEGO UNIFIED",NA,NA,NA,NA
"HIGH TECH HIGH -ANNEX","HIGH TECH HIGH -ANNEX","SAN DIEGO UNIFIED",NA,NA,NA,NA
"HIGH TECH HIGH -ANNEX","HIGH TECH HIGH -ANNEX","SAN DIEGO UNIFIED",NA,NA,NA,NA
"HIGH TECH HIGH -ANNEX","HIGH TECH HIGH -ANNEX","SAN DIEGO UNIFIED",NA,NA,NA,NA
"HIGH TECH HIGH -ANNEX","HIGH TECH HIGH -ANNEX","SAN DIEGO UNIFIED",NA,NA,NA,NA
"HIGH TECH HIGH -ANNEX","HIGH TECH HIGH -ANNEX","SAN DIEGO UNIFIED",NA,NA,NA,NA
"HIGH TECH HIGH -ANNEX","HIGH TECH HIGH -ANNEX","SAN DIEGO UNIFIED",NA,NA,NA,NA
"HIGH TECH HIGH -ANNEX","HIGH TECH HIGH -ANNEX","SAN DIEGO UNIFIED",NA,NA,NA,NA
"HOME HOSPITAL & TRANSITION SUPPORT CENTER","HOME HOSPITAL & TRANSITION SUPPORT CENTER","SAN DIEGO UNIFIED",NA,NA,NA,NA
"HOME HOSPITAL & TRANSITION SUPPORT CENTER","HOME HOSPITAL & TRANSITION SUPPORT CENTER","SAN DIEGO UNIFIED",NA,NA,NA,NA
"HOME HOSPITAL & TRANSITION SUPPORT CENTER","HOME HOSPITAL & TRANSITION SUPPORT CENTER","SAN DIEGO UNIFIED",NA,NA,NA,NA
"HOME HOSPITAL & TRANSITION SUPPORT CENTER","HOME HOSPITAL & TRANSITION SUPPORT CENTER","SAN DIEGO UNIFIED",NA,NA,NA,NA
"HOME HOSPITAL & TRANSITION SUPPORT CENTER","HOME HOSPITAL & TRANSITION SUPPORT CENTER","SAN DIEGO UNIFIED",NA,NA,NA,NA
"HOME HOSPITAL & TRANSITION SUPPORT CENTER","HOME HOSPITAL & TRANSITION SUPPORT CENTER","SAN DIEGO UNIFIED",NA,NA,NA,NA
"HOME HOSPITAL & TRANSITION SUPPORT CENTER","HOME HOSPITAL & TRANSITION SUPPORT CENTER","SAN DIEGO UNIFIED",NA,NA,NA,NA
"HOME HOSPITAL & TRANSITION SUPPORT CENTER","HOME HOSPITAL & TRANSITION SUPPORT CENTER","SAN DIEGO UNIFIED",NA,NA,NA,NA
"HOME HOSPITAL & TRANSITION SUPPORT CENTER","HOME HOSPITAL & TRANSITION SUPPORT CENTER","SAN DIEGO UNIFIED",NA,NA,NA,NA
"HOME HOSPITAL & TRANSITION SUPPORT CENTER","HOME HOSPITAL & TRANSITION SUPPORT CENTER","SAN DIEGO UNIFIED",NA,NA,NA,NA
"HOME HOSPITAL & TRANSITION SUPPORT CENTER","HOME HOSPITAL & TRANSITION SUPPORT CENTER","SAN DIEGO UNIFIED",NA,NA,NA,NA
"HOME HOSPITAL & TRANSITION SUPPORT CENTER","HOME HOSPITAL & TRANSITION SUPPORT CENTER","SAN DIEGO UNIFIED",NA,NA,NA,NA
"HOME HOSPITAL & TRANSITION SUPPORT CENTER","HOME HOSPITAL & TRANSITION SUPPORT CENTER","SAN DIEGO UNIFIED",NA,NA,NA,NA
"HOME HOSPITAL & TRANSITION SUPPORT CENTER","HOME HOSPITAL & TRANSITION SUPPORT CENTER","SAN DIEGO UNIFIED",NA,NA,NA,NA
"HOME HOSPITAL & TRANSITION SUPPORT CENTER","HOME HOSPITAL & TRANSITION SUPPORT CENTER","SAN DIEGO UNIFIED",NA,NA,NA,NA
"HOME HOSPITAL & TRANSITION SUPPORT CENTER","HOME HOSPITAL & TRANSITION SUPPORT CENTER","SAN DIEGO UNIFIED",NA,NA,NA,NA
"HOME HOSPITAL & TRANSITION SUPPORT CENTER","HOME HOSPITAL & TRANSITION SUPPORT CENTER","SAN DIEGO UNIFIED",NA,NA,NA,NA
"HOME HOSPITAL & TRANSITION SUPPORT CENTER","HOME HOSPITAL & TRANSITION SUPPORT CENTER","SAN DIEGO UNIFIED",NA,NA,NA,NA
"HOME HOSPITAL & TRANSITION SUPPORT CENTER","HOME HOSPITAL & TRANSITION SUPPORT CENTER","SAN DIEGO UNIFIED",NA,NA,NA,NA
"HOME HOSPITAL & TRANSITION SUPPORT CENTER","HOME HOSPITAL & TRANSITION SUPPORT CENTER","SAN DIEGO UNIFIED",NA,NA,NA,NA
"HOME HOSPITAL & TRANSITION SUPPORT CENTER","HOME HOSPITAL & TRANSITION SUPPORT CENTER","SAN DIEGO UNIFIED",NA,NA,NA,NA
"HOME HOSPITAL & TRANSITION SUPPORT CENTER","HOME HOSPITAL & TRANSITION SUPPORT CENTER","SAN DIEGO UNIFIED",NA,NA,NA,NA
"LINDA VISTA ELEMENTARY","LINDA VISTA ELEMENTARY","SAN DIEGO UNIFIED",NA,NA,NA,NA
"LINDA VISTA ELEMENTARY","LINDA VISTA ELEMENTARY","SAN DIEGO UNIFIED",NA,NA,NA,NA
"LINDA VISTA ELEMENTARY","LINDA VISTA ELEMENTARY","SAN DIEGO UNIFIED",NA,NA,NA,NA
"LINDA VISTA ELEMENTARY","LINDA VISTA ELEMENTARY","SAN DIEGO UNIFIED",NA,NA,NA,NA
"LINDA VISTA ELEMENTARY","LINDA VISTA ELEMENTARY","SAN DIEGO UNIFIED",NA,NA,NA,NA
"LINDA VISTA ELEMENTARY","LINDA VISTA ELEMENTARY","SAN DIEGO UNIFIED",NA,NA,NA,NA
"LINDA VISTA ELEMENTARY","LINDA VISTA ELEMENTARY","SAN DIEGO UNIFIED",NA,NA,NA,NA
"LINDA VISTA ELEMENTARY","LINDA VISTA ELEMENTARY","SAN DIEGO UNIFIED",NA,NA,NA,NA
"LINDA VISTA ELEMENTARY","LINDA VISTA ELEMENTARY","SAN DIEGO UNIFIED",NA,NA,NA,NA
"LINDA VISTA ELEMENTARY","LINDA VISTA ELEMENTARY","SAN DIEGO UNIFIED",NA,NA,NA,NA
"LINDA VISTA ELEMENTARY","LINDA VISTA ELEMENTARY","SAN DIEGO UNIFIED",NA,NA,NA,NA
"LINDA VISTA ELEMENTARY","LINDA VISTA ELEMENTARY","SAN DIEGO UNIFIED",NA,NA,NA,NA
"LINDA VISTA ELEMENTARY","LINDA VISTA ELEMENTARY","SAN DIEGO UNIFIED",NA,NA,NA,NA
"LINDA VISTA ELEMENTARY","LINDA VISTA ELEMENTARY","SAN DIEGO UNIFIED",NA,NA,NA,NA
"LINDA VISTA ELEMENTARY","LINDA VISTA ELEMENTARY","SAN DIEGO UNIFIED",NA,NA,NA,NA
"LINDA VISTA ELEMENTARY","LINDA VISTA ELEMENTARY","SAN DIEGO UNIFIED",NA,NA,NA,NA
"LINDA VISTA ELEMENTARY","LINDA VISTA ELEMENTARY","SAN DIEGO UNIFIED",NA,NA,NA,NA
"LINDA VISTA ELEMENTARY","LINDA VISTA ELEMENTARY","SAN DIEGO UNIFIED",NA,NA,NA,NA
"LINDA VISTA ELEMENTARY","LINDA VISTA ELEMENTARY","SAN DIEGO UNIFIED",NA,NA,NA,NA
"LINDA VISTA ELEMENTARY","LINDA VISTA ELEMENTARY","SAN DIEGO UNIFIED",NA,NA,NA,NA
"LINDA VISTA ELEMENTARY","LINDA VISTA ELEMENTARY","SAN DIEGO UNIFIED",NA,NA,NA,NA
"LINDA VISTA ELEMENTARY","LINDA VISTA ELEMENTARY","SAN DIEGO UNIFIED",NA,NA,NA,NA
"LINDA VISTA ELEMENTARY","LINDA VISTA ELEMENTARY","SAN DIEGO UNIFIED",NA,NA,NA,NA
"LINDA VISTA ELEMENTARY","LINDA VISTA ELEMENTARY","SAN DIEGO UNIFIED",NA,NA,NA,NA
"LINDA VISTA ELEMENTARY","LINDA VISTA ELEMENTARY","SAN DIEGO UNIFIED",NA,NA,NA,NA
"LINDA VISTA ELEMENTARY","LINDA VISTA ELEMENTARY","SAN DIEGO UNIFIED",NA,NA,NA,NA
"LINDA VISTA ELEMENTARY","LINDA VISTA ELEMENTARY","SAN DIEGO UNIFIED",NA,NA,NA,NA
"LINDA VISTA ELEMENTARY","LINDA VISTA ELEMENTARY","SAN DIEGO UNIFIED",NA,NA,NA,NA
"LINDA VISTA ELEMENTARY","LINDA VISTA ELEMENTARY","SAN DIEGO UNIFIED",NA,NA,NA,NA
"LINDA VISTA ELEMENTARY","LINDA VISTA ELEMENTARY","SAN DIEGO UNIFIED",NA,NA,NA,NA
"LINDA VISTA ELEMENTARY","LINDA VISTA ELEMENTARY","SAN DIEGO UNIFIED",NA,NA,NA,NA
"LINDA VISTA ELEMENTARY","LINDA VISTA ELEMENTARY","SAN DIEGO UNIFIED",NA,NA,NA,NA
"LINDA VISTA ELEMENTARY","LINDA VISTA ELEMENTARY","SAN DIEGO UNIFIED",NA,NA,NA,NA
"LINDA VISTA ELEMENTARY","LINDA VISTA ELEMENTARY","SAN DIEGO UNIFIED",NA,NA,NA,NA
"LINDA VISTA ELEMENTARY","LINDA VISTA ELEMENTARY","SAN DIEGO UNIFIED",NA,NA,NA,NA
"TRACE CENTER CITY- ANNEX","TRACE CENTER CITY- ANNEX","SAN DIEGO UNIFIED",NA,NA,NA,NA
"TRACE CENTER CITY- ANNEX","TRACE CENTER CITY- ANNEX","SAN DIEGO UNIFIED",NA,NA,NA,NA
"TRACE CENTER CITY- ANNEX","TRACE CENTER CITY- ANNEX","SAN DIEGO UNIFIED",NA,NA,NA,NA
"TRACE CENTER CITY- ANNEX","TRACE CENTER CITY- ANNEX","SAN DIEGO UNIFIED",NA,NA,NA,NA
"TRACE CENTER CITY- ANNEX","TRACE CENTER CITY- ANNEX","SAN DIEGO UNIFIED",NA,NA,NA,NA
"TRACE CENTER CITY- ANNEX","TRACE CENTER CITY- ANNEX","SAN DIEGO UNIFIED",NA,NA,NA,NA
"TRACE CENTER CITY- ANNEX","TRACE CENTER CITY- ANNEX","SAN DIEGO UNIFIED",NA,NA,NA,NA
"TRACE CENTER CITY- ANNEX","TRACE CENTER CITY- ANNEX","SAN DIEGO UNIFIED",NA,NA,NA,NA
"TRACE CENTER CITY- ANNEX","TRACE CENTER CITY- ANNEX","SAN DIEGO UNIFIED",NA,NA,NA,NA
"TRACE CENTER CITY- ANNEX","TRACE CENTER CITY- ANNEX","SAN DIEGO UNIFIED",NA,NA,NA,NA
"TRACE CENTER CITY- ANNEX","TRACE CENTER CITY- ANNEX","SAN DIEGO UNIFIED",NA,NA,NA,NA
"TRACE CENTER CITY- ANNEX","TRACE CENTER CITY- ANNEX","SAN DIEGO UNIFIED",NA,NA,NA,NA
"SAN DIEGUITO HIGH ACADEMY","SAN DIEGUITO HIGH ACADEMY","SAN DIEGUITO UNION HIGH",NA,NA,NA,NA
"SAN DIEGUITO HIGH ACADEMY","SAN DIEGUITO HIGH ACADEMY","SAN DIEGUITO UNION HIGH",NA,NA,NA,NA
"SAN DIEGUITO HIGH ACADEMY","SAN DIEGUITO HIGH ACADEMY","SAN DIEGUITO UNION HIGH",NA,NA,NA,NA
"SAN DIEGUITO HIGH ACADEMY","SAN DIEGUITO HIGH ACADEMY","SAN DIEGUITO UNION HIGH",NA,NA,NA,NA
"SAN DIEGUITO HIGH ACADEMY","SAN DIEGUITO HIGH ACADEMY","SAN DIEGUITO UNION HIGH",NA,NA,NA,NA
"SAN DIEGUITO HIGH ACADEMY","SAN DIEGUITO HIGH ACADEMY","SAN DIEGUITO UNION HIGH",NA,NA,NA,NA
"SAN DIEGUITO HIGH ACADEMY","SAN DIEGUITO HIGH ACADEMY","SAN DIEGUITO UNION HIGH",NA,NA,NA,NA
"SAN DIEGUITO HIGH ACADEMY","SAN DIEGUITO HIGH ACADEMY","SAN DIEGUITO UNION HIGH",NA,NA,NA,NA
"SAN DIEGUITO HIGH ACADEMY","SAN DIEGUITO HIGH ACADEMY","SAN DIEGUITO UNION HIGH",NA,NA,NA,NA
"SAN DIEGUITO HIGH ACADEMY","SAN DIEGUITO HIGH ACADEMY","SAN DIEGUITO UNION HIGH",NA,NA,NA,NA
"SAN DIEGUITO HIGH ACADEMY","SAN DIEGUITO HIGH ACADEMY","SAN DIEGUITO UNION HIGH",NA,NA,NA,NA
"SAN DIEGUITO HIGH ACADEMY","SAN DIEGUITO HIGH ACADEMY","SAN DIEGUITO UNION HIGH",NA,NA,NA,NA
"SAN DIEGUITO HIGH ACADEMY","SAN DIEGUITO HIGH ACADEMY","SAN DIEGUITO UNION HIGH",NA,NA,NA,NA
"SAN DIEGUITO HIGH ACADEMY","SAN DIEGUITO HIGH ACADEMY","SAN DIEGUITO UNION HIGH",NA,NA,NA,NA
"SAN DIEGUITO HIGH ACADEMY","SAN DIEGUITO HIGH ACADEMY","SAN DIEGUITO UNION HIGH",NA,NA,NA,NA
"SAN DIEGUITO HIGH ACADEMY","SAN DIEGUITO HIGH ACADEMY","SAN DIEGUITO UNION HIGH",NA,NA,NA,NA
"SAN DIEGUITO HIGH ACADEMY","SAN DIEGUITO HIGH ACADEMY","SAN DIEGUITO UNION HIGH",NA,NA,NA,NA
"SAN DIEGUITO HIGH ACADEMY","SAN DIEGUITO HIGH ACADEMY","SAN DIEGUITO UNION HIGH",NA,NA,NA,NA
"SAN DIEGUITO HIGH ACADEMY","SAN DIEGUITO HIGH ACADEMY","SAN DIEGUITO UNION HIGH",NA,NA,NA,NA
"SAN DIEGUITO HIGH ACADEMY","SAN DIEGUITO HIGH ACADEMY","SAN DIEGUITO UNION HIGH",NA,NA,NA,NA
"SAN DIEGUITO HIGH ACADEMY","SAN DIEGUITO HIGH ACADEMY","SAN DIEGUITO UNION HIGH",NA,NA,NA,NA
"SAN DIEGUITO HIGH ACADEMY","SAN DIEGUITO HIGH ACADEMY","SAN DIEGUITO UNION HIGH",NA,NA,NA,NA
"HAWKING S.T.E.A.M. CHARTER SCHOOL 2","HAWKING S.T.E.A.M. CHARTER SCHOOL 2","SWEETWATER UNION HIGH",NA,NA,NA,NA
"HAWKING S.T.E.A.M. CHARTER SCHOOL 2","HAWKING S.T.E.A.M. CHARTER SCHOOL 2","SWEETWATER UNION HIGH",NA,NA,NA,NA
"HAWKING S.T.E.A.M. CHARTER SCHOOL 2","HAWKING S.T.E.A.M. CHARTER SCHOOL 2","SWEETWATER UNION HIGH",NA,NA,NA,NA
"HAWKING S.T.E.A.M. CHARTER SCHOOL 2","HAWKING S.T.E.A.M. CHARTER SCHOOL 2","SWEETWATER UNION HIGH",NA,NA,NA,NA
"HAWKING S.T.E.A.M. CHARTER SCHOOL 2","HAWKING S.T.E.A.M. CHARTER SCHOOL 2","SWEETWATER UNION HIGH",NA,NA,NA,NA
"HAWKING S.T.E.A.M. CHARTER SCHOOL 2","HAWKING S.T.E.A.M. CHARTER SCHOOL 2","SWEETWATER UNION HIGH",NA,NA,NA,NA
"HAWKING S.T.E.A.M. CHARTER SCHOOL 2","HAWKING S.T.E.A.M. CHARTER SCHOOL 2","SWEETWATER UNION HIGH",NA,NA,NA,NA
"HAWKING S.T.E.A.M. CHARTER SCHOOL 2","HAWKING S.T.E.A.M. CHARTER SCHOOL 2","SWEETWATER UNION HIGH",NA,NA,NA,NA
"HAWKING S.T.E.A.M. CHARTER SCHOOL 2","HAWKING S.T.E.A.M. CHARTER SCHOOL 2","SWEETWATER UNION HIGH",NA,NA,NA,NA
"HAWKING S.T.E.A.M. CHARTER SCHOOL 2","HAWKING S.T.E.A.M. CHARTER SCHOOL 2","SWEETWATER UNION HIGH",NA,NA,NA,NA
"HAWKING S.T.E.A.M. CHARTER SCHOOL 2","HAWKING S.T.E.A.M. CHARTER SCHOOL 2","SWEETWATER UNION HIGH",NA,NA,NA,NA
"HAWKING S.T.E.A.M. CHARTER SCHOOL 2","HAWKING S.T.E.A.M. CHARTER SCHOOL 2","SWEETWATER UNION HIGH",NA,NA,NA,NA
"HAWKING S.T.E.A.M. CHARTER SCHOOL 2","HAWKING S.T.E.A.M. CHARTER SCHOOL 2","SWEETWATER UNION HIGH",NA,NA,NA,NA
"HAWKING S.T.E.A.M. CHARTER SCHOOL 2","HAWKING S.T.E.A.M. CHARTER SCHOOL 2","SWEETWATER UNION HIGH",NA,NA,NA,NA
"HAWKING S.T.E.A.M. CHARTER SCHOOL 2","HAWKING S.T.E.A.M. CHARTER SCHOOL 2","SWEETWATER UNION HIGH",NA,NA,NA,NA
"HAWKING S.T.E.A.M. CHARTER SCHOOL 2","HAWKING S.T.E.A.M. CHARTER SCHOOL 2","SWEETWATER UNION HIGH",NA,NA,NA,NA
"HAWKING S.T.E.A.M. CHARTER SCHOOL 2","HAWKING S.T.E.A.M. CHARTER SCHOOL 2","SWEETWATER UNION HIGH",NA,NA,NA,NA
"HAWKING S.T.E.A.M. CHARTER SCHOOL 2","HAWKING S.T.E.A.M. CHARTER SCHOOL 2","SWEETWATER UNION HIGH",NA,NA,NA,NA
"HAWKING S.T.E.A.M. CHARTER SCHOOL 2","HAWKING S.T.E.A.M. CHARTER SCHOOL 2","SWEETWATER UNION HIGH",NA,NA,NA,NA
"HAWKING S.T.E.A.M. CHARTER SCHOOL 2","HAWKING S.T.E.A.M. CHARTER SCHOOL 2","SWEETWATER UNION HIGH",NA,NA,NA,NA
"HAWKING S.T.E.A.M. CHARTER SCHOOL 2","HAWKING S.T.E.A.M. CHARTER SCHOOL 2","SWEETWATER UNION HIGH",NA,NA,NA,NA
"HAWKING S.T.E.A.M. CHARTER SCHOOL 2","HAWKING S.T.E.A.M. CHARTER SCHOOL 2","SWEETWATER UNION HIGH",NA,NA,NA,NA
"HAWKING S.T.E.A.M. CHARTER SCHOOL 2","HAWKING S.T.E.A.M. CHARTER SCHOOL 2","SWEETWATER UNION HIGH",NA,NA,NA,NA
"HAWKING S.T.E.A.M. CHARTER SCHOOL 2","HAWKING S.T.E.A.M. CHARTER SCHOOL 2","SWEETWATER UNION HIGH",NA,NA,NA,NA
"MONTGOMERY ADULT","MONTGOMERY ADULT","SWEETWATER UNION HIGH",NA,NA,NA,NA
"MONTGOMERY ADULT","MONTGOMERY ADULT","SWEETWATER UNION HIGH",NA,NA,NA,NA
"MONTGOMERY ADULT","MONTGOMERY ADULT","SWEETWATER UNION HIGH",NA,NA,NA,NA
"MONTGOMERY ADULT","MONTGOMERY ADULT","SWEETWATER UNION HIGH",NA,NA,NA,NA
"MONTGOMERY ADULT","MONTGOMERY ADULT","SWEETWATER UNION HIGH",NA,NA,NA,NA
"MONTGOMERY ADULT","MONTGOMERY ADULT","SWEETWATER UNION HIGH",NA,NA,NA,NA
"MONTGOMERY ADULT","MONTGOMERY ADULT","SWEETWATER UNION HIGH",NA,NA,NA,NA
"MONTGOMERY ADULT","MONTGOMERY ADULT","SWEETWATER UNION HIGH",NA,NA,NA,NA
"MONTGOMERY ADULT","MONTGOMERY ADULT","SWEETWATER UNION HIGH",NA,NA,NA,NA
"MONTGOMERY ADULT","MONTGOMERY ADULT","SWEETWATER UNION HIGH",NA,NA,NA,NA
"MONTGOMERY ADULT","MONTGOMERY ADULT","SWEETWATER UNION HIGH",NA,NA,NA,NA
"MONTGOMERY ADULT","MONTGOMERY ADULT","SWEETWATER UNION HIGH",NA,NA,NA,NA
"MONTGOMERY ADULT","MONTGOMERY ADULT","SWEETWATER UNION HIGH",NA,NA,NA,NA
"MONTGOMERY ADULT","MONTGOMERY ADULT","SWEETWATER UNION HIGH",NA,NA,NA,NA
"MONTGOMERY ADULT","MONTGOMERY ADULT","SWEETWATER UNION HIGH",NA,NA,NA,NA
"MONTGOMERY ADULT","MONTGOMERY ADULT","SWEETWATER UNION HIGH",NA,NA,NA,NA
"MONTGOMERY ADULT","MONTGOMERY ADULT","SWEETWATER UNION HIGH",NA,NA,NA,NA
"MONTGOMERY ADULT","MONTGOMERY ADULT","SWEETWATER UNION HIGH",NA,NA,NA,NA
"MONTGOMERY ADULT","MONTGOMERY ADULT","SWEETWATER UNION HIGH",NA,NA,NA,NA
"MONTGOMERY ADULT","MONTGOMERY ADULT","SWEETWATER UNION HIGH",NA,NA,NA,NA
"MONTGOMERY ADULT","MONTGOMERY ADULT","SWEETWATER UNION HIGH",NA,NA,NA,NA
"MONTGOMERY ADULT","MONTGOMERY ADULT","SWEETWATER UNION HIGH",NA,NA,NA,NA
"MONTGOMERY ADULT","MONTGOMERY ADULT","SWEETWATER UNION HIGH",NA,NA,NA,NA
"STEP PROGRAM","STEP PROGRAM","SWEETWATER UNION HIGH",NA,NA,NA,NA
"STEP PROGRAM","STEP PROGRAM","SWEETWATER UNION HIGH",NA,NA,NA,NA
"STEP PROGRAM","STEP PROGRAM","SWEETWATER UNION HIGH",NA,NA,NA,NA
"STEP PROGRAM","STEP PROGRAM","SWEETWATER UNION HIGH",NA,NA,NA,NA
"STEP PROGRAM","STEP PROGRAM","SWEETWATER UNION HIGH",NA,NA,NA,NA
"STEP PROGRAM","STEP PROGRAM","SWEETWATER UNION HIGH",NA,NA,NA,NA
"STEP PROGRAM","STEP PROGRAM","SWEETWATER UNION HIGH",NA,NA,NA,NA
"STEP PROGRAM","STEP PROGRAM","SWEETWATER UNION HIGH",NA,NA,NA,NA
"STEP PROGRAM","STEP PROGRAM","SWEETWATER UNION HIGH",NA,NA,NA,NA
"STEP PROGRAM","STEP PROGRAM","SWEETWATER UNION HIGH",NA,NA,NA,NA
"STEP PROGRAM","STEP PROGRAM","SWEETWATER UNION HIGH",NA,NA,NA,NA
"STEP PROGRAM","STEP PROGRAM","SWEETWATER UNION HIGH",NA,NA,NA,NA
"STEP PROGRAM","STEP PROGRAM","SWEETWATER UNION HIGH",NA,NA,NA,NA
"STEP PROGRAM","STEP PROGRAM","SWEETWATER UNION HIGH",NA,NA,NA,NA
"STEP PROGRAM","STEP PROGRAM","SWEETWATER UNION HIGH",NA,NA,NA,NA
"STEP PROGRAM","STEP PROGRAM","SWEETWATER UNION HIGH",NA,NA,NA,NA
"STEP PROGRAM","STEP PROGRAM","SWEETWATER UNION HIGH",NA,NA,NA,NA
"STEP PROGRAM","STEP PROGRAM","SWEETWATER UNION HIGH",NA,NA,NA,NA
"STEP PROGRAM","STEP PROGRAM","SWEETWATER UNION HIGH",NA,NA,NA,NA
"STEP PROGRAM","STEP PROGRAM","SWEETWATER UNION HIGH",NA,NA,NA,NA
"STEP PROGRAM","STEP PROGRAM","SWEETWATER UNION HIGH",NA,NA,NA,NA
"STEP PROGRAM","STEP PROGRAM","SWEETWATER UNION HIGH",NA,NA,NA,NA
"STEP PROGRAM","STEP PROGRAM","SWEETWATER UNION HIGH",NA,NA,NA,NA
"STEP PROGRAM","STEP PROGRAM","SWEETWATER UNION HIGH",NA,NA,NA,NA
"SWEETWATER HIGH","SWEETWATER HIGH","SWEETWATER UNION HIGH",NA,NA,NA,NA
"SWEETWATER HIGH","SWEETWATER HIGH","SWEETWATER UNION HIGH",NA,NA,NA,NA
"SWEETWATER HIGH","SWEETWATER HIGH","SWEETWATER UNION HIGH",NA,NA,NA,NA
"SWEETWATER HIGH","SWEETWATER HIGH","SWEETWATER UNION HIGH",NA,NA,NA,NA
"SWEETWATER HIGH","SWEETWATER HIGH","SWEETWATER UNION HIGH",NA,NA,NA,NA
"SWEETWATER HIGH","SWEETWATER HIGH","SWEETWATER UNION HIGH",NA,NA,NA,NA
"SWEETWATER HIGH","SWEETWATER HIGH","SWEETWATER UNION HIGH",NA,NA,NA,NA
"SWEETWATER HIGH","SWEETWATER HIGH","SWEETWATER UNION HIGH",NA,NA,NA,NA
"SWEETWATER HIGH","SWEETWATER HIGH","SWEETWATER UNION HIGH",NA,NA,NA,NA
"SWEETWATER HIGH","SWEETWATER HIGH","SWEETWATER UNION HIGH",NA,NA,NA,NA
"SWEETWATER HIGH","SWEETWATER HIGH","SWEETWATER UNION HIGH",NA,NA,NA,NA
"SWEETWATER HIGH","SWEETWATER HIGH","SWEETWATER UNION HIGH",NA,NA,NA,NA
"SWEETWATER HIGH","SWEETWATER HIGH","SWEETWATER UNION HIGH",NA,NA,NA,NA
"SWEETWATER HIGH","SWEETWATER HIGH","SWEETWATER UNION HIGH",NA,NA,NA,NA
"SWEETWATER HIGH","SWEETWATER HIGH","SWEETWATER UNION HIGH",NA,NA,NA,NA
"SWEETWATER HIGH","SWEETWATER HIGH","SWEETWATER UNION HIGH",NA,NA,NA,NA
"SWEETWATER HIGH","SWEETWATER HIGH","SWEETWATER UNION HIGH",NA,NA,NA,NA
"SWEETWATER HIGH","SWEETWATER HIGH","SWEETWATER UNION HIGH",NA,NA,NA,NA
"SWEETWATER HIGH","SWEETWATER HIGH","SWEETWATER UNION HIGH",NA,NA,NA,NA
"SWEETWATER HIGH","SWEETWATER HIGH","SWEETWATER UNION HIGH",NA,NA,NA,NA
"SWEETWATER HIGH","SWEETWATER HIGH","SWEETWATER UNION HIGH",NA,NA,NA,NA
"SWEETWATER HIGH","SWEETWATER HIGH","SWEETWATER UNION HIGH",NA,NA,NA,NA
"SWEETWATER HIGH","SWEETWATER HIGH","SWEETWATER UNION HIGH",NA,NA,NA,NA
"SWEETWATER HIGH","SWEETWATER HIGH","SWEETWATER UNION HIGH",NA,NA,NA,NA
"VALLEY CENTER ELEMENTARY LOWER","VALLEY CENTER ELEMENTARY LOWER","VALLEY CENTER-PAUMA UNIFIED",NA,NA,NA,NA
"VALLEY CENTER ELEMENTARY LOWER","VALLEY CENTER ELEMENTARY LOWER","VALLEY CENTER-PAUMA UNIFIED",NA,NA,NA,NA
"VALLEY CENTER ELEMENTARY LOWER","VALLEY CENTER ELEMENTARY LOWER","VALLEY CENTER-PAUMA UNIFIED",NA,NA,NA,NA
"VALLEY CENTER ELEMENTARY LOWER","VALLEY CENTER ELEMENTARY LOWER","VALLEY CENTER-PAUMA UNIFIED",NA,NA,NA,NA
"VALLEY CENTER ELEMENTARY LOWER","VALLEY CENTER ELEMENTARY LOWER","VALLEY CENTER-PAUMA UNIFIED",NA,NA,NA,NA
"VALLEY CENTER ELEMENTARY LOWER","VALLEY CENTER ELEMENTARY LOWER","VALLEY CENTER-PAUMA UNIFIED",NA,NA,NA,NA
"VALLEY CENTER ELEMENTARY LOWER","VALLEY CENTER ELEMENTARY LOWER","VALLEY CENTER-PAUMA UNIFIED",NA,NA,NA,NA
"VALLEY CENTER ELEMENTARY LOWER","VALLEY CENTER ELEMENTARY LOWER","VALLEY CENTER-PAUMA UNIFIED",NA,NA,NA,NA
"VALLEY CENTER ELEMENTARY LOWER","VALLEY CENTER ELEMENTARY LOWER","VALLEY CENTER-PAUMA UNIFIED",NA,NA,NA,NA
"VALLEY CENTER ELEMENTARY LOWER","VALLEY CENTER ELEMENTARY LOWER","VALLEY CENTER-PAUMA UNIFIED",NA,NA,NA,NA
"VALLEY CENTER ELEMENTARY LOWER","VALLEY CENTER ELEMENTARY LOWER","VALLEY CENTER-PAUMA UNIFIED",NA,NA,NA,NA
"VALLEY CENTER ELEMENTARY LOWER","VALLEY CENTER ELEMENTARY LOWER","VALLEY CENTER-PAUMA UNIFIED",NA,NA,NA,NA
"VALLEY CENTER ELEMENTARY LOWER","VALLEY CENTER ELEMENTARY LOWER","VALLEY CENTER-PAUMA UNIFIED",NA,NA,NA,NA
"VALLEY CENTER ELEMENTARY LOWER","VALLEY CENTER ELEMENTARY LOWER","VALLEY CENTER-PAUMA UNIFIED",NA,NA,NA,NA
"VALLEY CENTER ELEMENTARY LOWER","VALLEY CENTER ELEMENTARY LOWER","VALLEY CENTER-PAUMA UNIFIED",NA,NA,NA,NA
"VALLEY CENTER ELEMENTARY LOWER","VALLEY CENTER ELEMENTARY LOWER","VALLEY CENTER-PAUMA UNIFIED",NA,NA,NA,NA
"VALLEY CENTER ELEMENTARY LOWER","VALLEY CENTER ELEMENTARY LOWER","VALLEY CENTER-PAUMA UNIFIED",NA,NA,NA,NA
"VALLEY CENTER ELEMENTARY LOWER","VALLEY CENTER ELEMENTARY LOWER","VALLEY CENTER-PAUMA UNIFIED",NA,NA,NA,NA
"VALLEY CENTER ELEMENTARY LOWER","VALLEY CENTER ELEMENTARY LOWER","VALLEY CENTER-PAUMA UNIFIED",NA,NA,NA,NA
"VALLEY CENTER ELEMENTARY LOWER","VALLEY CENTER ELEMENTARY LOWER","VALLEY CENTER-PAUMA UNIFIED",NA,NA,NA,NA
"VALLEY CENTER ELEMENTARY LOWER","VALLEY CENTER ELEMENTARY LOWER","VALLEY CENTER-PAUMA UNIFIED",NA,NA,NA,NA
"VALLEY CENTER ELEMENTARY LOWER","VALLEY CENTER ELEMENTARY LOWER","VALLEY CENTER-PAUMA UNIFIED",NA,NA,NA,NA
