site_id,sitename,district,is_school,school_code,district_code
1,1ST SAMOAN CONGREGATIONAL CHURCH,,0,,
2,37 ECB,,,,
3,64 DEGREES,,,,
4,A.B & JESSIE POLINSKY CHILDREN'S CENTER,,0,,
5,ABBY REINKE YOUTH CENTER,,0,,
6,ABRAXAS CONTINUATION HIGH,POWAY UNIFIED,1,3735842,68296
7,ACADEMY OF ARTS AND SCIENCES,MOUNTAIN EMPIRE UNIFIED,1,127084,68213
8,ACADEMY OF ARTS AND SCIENCES: DEL MAR ELEMENTARY (K-5),MOUNTAIN EMPIRE UNIFIED,1,127068,68213
9,ACADEMY OF ARTS AND SCIENCES: DEL MAR MIDDLE & HIGH (6-12),MOUNTAIN EMPIRE UNIFIED,1,127084,68213
10,ACADEMY OF ARTS AND SCIENCES: EL CAJON ELEMENTARY (K-5),MOUNTAIN EMPIRE UNIFIED,1,127035,68213
11,ACADEMY OF ARTS AND SCIENCES: EL CAJON MIDDLE AND HIGH (6-12),MOUNTAIN EMPIRE UNIFIED,1,127050,68213
12,ADA W. HARRIS ELEMENTARY,CARDIFF ELEMENTARY,1,6037758,68007
13,ADAMS ELEMENTARY,SAN DIEGO UNIFIED,1,6039101,68338
14,ADAMS REC CENTER,,0,,
15,ADMIRAL HARTMAN CYP,,0,,
16,ADOBE BLUFFS ELEMENTARY,POWAY UNIFIED,1,6110878,68296
17,AL RAHMA LEARNING CENTER,,,,
18,ALAMOSA PARK ELEMENTARY,VISTA UNIFIED,1,6107031,68452
19,ALBA,,1,3731130,68338
20,ALBA-ANNEX,SAN DIEGO UNIFIED,1,,
21,ALBERT EINSTEIN ACADEMY CHARTER ELEMENTARY,SAN DIEGO UNIFIED,1,6120935,68338
22,ALBERT EINSTEIN ACADEMY CHARTER MIDDLE,SAN DIEGO UNIFIED,1,111898,68338
23,ALBERT EINSTEIN ACADEMY ELEMENTARY,,1,,
24,"ALBERT EINSTEIN ACADEMY FOR LETTERS, ARTS & SCIENCES - AGUA DULC",,1,,
25,"ALBERT EINSTEIN ACADEMY FOR LETTERS, ARTS & SCIENCES - ODYSSEY",,1,,
26,"ALBERT EINSTEIN ACADEMY FOR LETTERS, ARTS AND SCIENCES",,1,,
27,ALCOTT ELEMENTARY,SAN DIEGO UNIFIED,1,6039119,68338
28,ALL TRIBES CHARTER,WARNER UNIFIED,1,6119275,75416
29,ALL TRIBES ELEMENTARY CHARTER,WARNER UNIFIED,1,122796,75416
30,ALLEN (ELLA B.) ELEMENTARY,CHULA VISTA ELEMENTARY,1,6037832,68023
31,ALLIED GARDENS PARK & REC,,0,,
32,ALPINE COMMUNITY DAY,ALPINE UNION ELEMENTARY,1,,
33,ALPINE ELEMENTARY,ALPINE UNION ELEMENTARY,1,6037519,67967
34,ALTA VISTA ACADEMY,SWEETWATER UNION HIGH,1,3731460,68411
35,ALTA VISTA HIGH (CONTINUATION),VISTA UNIFIED,1,3732039,68452
36,ALVIN M. DUNN ELEMENTARY,SAN MARCOS UNIFIED,1,6039069,73791
37,AMERICA'S FINEST CHARTER,SAN DIEGO UNIFIED,1,136663,68338
38,AMERICA'S FINEST CHARTER HIGH,SAN DIEGO UNIFIED,1,,
39,ANGIER ELEMENTARY,SAN DIEGO UNIFIED,1,6039135,68338
40,ANZA ELEMENTARY,CAJON VALLEY UNION,1,6037568,67991
41,ARROYO PASEO CHARTER HIGH,SAN DIEGO UNIFIED,1,114520,68338
42,ARROYO VISTA CHARTER,CHULA VISTA ELEMENTARY,1,6116859,68023
43,ASELTINE,,1,,
44,ASHLEY FALLS ELEMENTARY,DEL MAR UNION ELEMENTARY,1,6115620,68056
45,ATMOSPHERE APARTMENTS,,0,,
46,AUDEO CHARTER,SAN DIEGO UNIFIED,1,3731395,68338
47,AUDEO CHARTER II,SBE - AUDEO CHARTER II,1,134577,77032
48,AUDEO CHARTER SCHOOL III,ESCONDIDO UNION HIGH,1,137034,68106
49,AUDUBON K-8,SAN DIEGO UNIFIED,1,6039143,68338
50,AUTUMN,,1,,
51,AVIARA OAKS ELEMENTARY,CARLSBAD UNIFIED,1,6109201,73551
52,AVIARA OAKS MIDDLE,CARLSBAD UNIFIED,1,6118137,73551
53,AVOCADO ELEMENTARY,CAJON VALLEY UNION,1,6069082,67991
54,AVONDALE ELEMENTARY,LA MESA-SPRING VALLEY,1,6038400,68197
55,AVVY REINKE YOUTH CENTER,,0,,
56,AZELEA REC CENTER,,0,,
57,BAKER BRANCH,,0,,
58,BAKER ELEMENTARY,SAN DIEGO UNIFIED,1,6039150,68338
59,BALBOA CITY SCHOOL-ANNEX,,1,,
60,BALBOA ELEMENTARY,SAN DIEGO UNIFIED,1,6039168,68338
61,BALBOA MORLEY FIELD SPORTS COMPLEX,,0,,
62,BALDERRAMA COMMUNITY CENTER,,0,,
63,BALDERRAMA PARK,,0,,
64,BALLINGTON ACADEMY FOR THE ARTS AND SCIENCES,,1,,
65,BALLINGTON ACADEMY FOR THE ARTS AND SCIENCES - SAN BERNARDINO,,1,,
66,BAME CDC,,0,,
67,BANCROFT ELEMENTARY,LA MESA-SPRING VALLEY,1,6038418,68197
68,BANDINI PRIMARY,SAN DIEGO UNIFIED,1,,
69,BARNARD ELEMENTARY,SAN DIEGO UNIFIED,1,6039184,68338
70,BARNETT ELEMENTARY,RAMONA CITY UNIFIED,1,6110720,68304
71,BARONA INDIAN CHARTER,LAKESIDE UNION ELEMENTARY,1,6120901,68189
72,BARONA RECREATION CENTER,,0,,
73,BARRETT,,,,
74,BAY PARK ELEMENTARY,SAN DIEGO UNIFIED,1,6039200,68338
75,BAY POINT PRE K,,1,,
76,BAY VIEW CYP,,0,,
77,BAYPOINT PREPARATORY ACADEMY - SAN DIEGO,SBE - BAYPOINT PREPARATORY ACADEMY SAN DIEGO,1,138099,77172
78,BAYSHORE PREPARATORY CHARTER,SAN MARCOS UNIFIED,1,109785,73791
79,BAYSIDE BLENDED COMMUNITY SCHOOL,,1,,
80,BAYSIDE COMMUNITY CENTER,,0,,
81,BAYSIDE ELEMENTARY,SOUTH BAY UNION,1,6040463,68395
82,BAYSIDE STEAM ACADEMY,SOUTH BAY UNION,1,6040463,68395
83,BAYVIEW CDC,,0,,
84,BEACON CLASSICAL ACADEMY ELEMENTARY CHARTER,JULIAN UNION ELEMENTARY,1,130815,68163
85,BEACON CLASSICAL ACADEMY NATIONAL CITY,NATIONAL ELEMENTARY,1,132621,68221
86,BEAR VALLEY MIDDLE,ESCONDIDO UNION,1,102590,68098
87,BEAUMONT ELEMENTARY,VISTA UNIFIED,1,6040588,68452
88,BELL MIDDLE,SAN DIEGO UNIFIED,1,6059588,68338
89,BELLA MENTE MONTESSORI ACADEMY,VISTA UNIFIED,1,128223,68452
90,BENCHLEY/WEINBERGER ELEMENTARY,SAN DIEGO UNIFIED,1,6040299,68338
91,BERNARDO ELEMENTARY,ESCONDIDO UNION,1,107870,68098
92,BERNARDO HEIGHTS MIDDLE,POWAY UNIFIED,1,6107460,68296
93,BERRY STREET PARK,,0,,
94,BEST SUMMER BRIDGE 2010,,0,,
95,BETHUNE K-8,SAN DIEGO UNIFIED,1,6106173,68338
96,BGC KUMEYAAY NATION,,,,
97,BGCSC- CHULA VISTA BRANCH,,0,,
98,BIRD ROCK ELEMENTARY,SAN DIEGO UNIFIED,1,6039242,68338
99,BIRNEY ELEMENTARY,SAN DIEGO UNIFIED,1,6039259,68338
100,BLACK MOUNTAIN MIDDLE,POWAY UNIFIED,1,6093223,68296
101,BLESSED SACRAMENT ELEMENTARY,GROSSMONT UNION HIGH,1,,
102,BLESSED SACRAMENT PARISH SCHOOL,,,,
103,BLOSSOM VALLEY ELEMENTARY,CAJON VALLEY UNION,1,6112148,67991
104,BOBIER ELEMENTARY,VISTA UNIFIED,1,6040596,68452
105,BONITA VISTA MIDDLE,SWEETWATER UNION HIGH,1,6059745,68411
106,BONITA VISTA SENIOR HIGH,SWEETWATER UNION HIGH,1,3730405,68411
107,BONSALL ELEMENTARY,BONSALL UNIFIED,1,6037543,76851
108,BONSALL HIGH,BONSALL UNIFIED,1,129320,76851
109,BONSALL WEST ELEMENTARY,BONSALL UNIFIED,1,110122,76851
110,BOONE ELEMENTARY,SAN DIEGO UNIFIED,1,6039267,68338
111,BORDER VIEW YMCA,,0,,
112,BORREGO SPRINGS BRANCH LIBRARY,,0,,
113,BORREGO SPRINGS ELEMENTARY,BORREGO SPRINGS UNIFIED,1,6037550,67983
114,BORREGO SPRINGS HIGH,BORREGO SPRINGS UNIFIED,1,3730447,67983
115,BORREGO SPRINGS MIDDLE,BORREGO SPRINGS UNIFIED,1,6115315,67983
116,BOSTONIA LANGUAGE ACADEMY,CAJON VALLEY UNION,1,6037576,67991
117,BOULDER OAKS ELEMENTARY,ALPINE UNION ELEMENTARY,1,6109086,67967
118,BOYS   GIRLS CLUB OLEANDER,,0,,
119,BOYS & GIRLS CLUB,,0,,
120,BOYS & GIRLS CLUB @ LIBBY ELEMENTARY SCHOOL,,0,,
121,BOYS AND GIRLS CLUB IMPERIAL BEACH,,0,,
122,BOYS AND GIRLS CLUB OF EAST COUNTY,,0,,
123,BOYS AND GIRLS CLUB SAN MARCOS,,0,,
124,BOYS AND GIRLS CLUB SANTEE,,0,,
125,BOYS/GIRLS CLUB COUNTRY CLUB LANE,,0,,
126,BREAKING CYCLES,,1,,
127,BREEZE HILL ELEMENTARY,VISTA UNIFIED,1,6110399,68452
128,BRENGLE TERRACE RECREATION CENTER,,0,,
129,BRONNER BRANCH,,0,,
130,BROOKLYN CDC,,0,,
131,BUENA VISTA ELEMENTARY,CARLSBAD UNIFIED,1,6037774,73551
132,BURBANK ELEMENTARY,SAN DIEGO UNIFIED,1,6039283,68338
133,CABRILLO CYP,,0,,
134,CABRILLO ELEMENTARY,SAN DIEGO UNIFIED,1,6039291,68338
135,CABRILLO NATIONAL MONUMENT,,0,,
136,CADMAN ELEMENTARY,SAN DIEGO UNIFIED,1,6039309,68338
137,CADMAN RECREATION CENTER,,0,,
138,CAJON PARK ELEMENTARY,SANTEE,1,6040349,68361
139,CAJON VALLEY COMMUNITY DAY,CAJON VALLEY UNION,1,6117295,67991
140,CAJON VALLEY HOME,CAJON VALLEY UNION,1,6118319,67991
141,CAJON VALLEY MIDDLE,CAJON VALLEY UNION,1,6037584,67991
142,CALAVERA HILLS ELEMENTARY,CARLSBAD UNIFIED,1,6120711,73551
143,CALAVERA HILLS MIDDLE,CARLSBAD UNIFIED,1,107557,73551
144,CALIFORNIA ACADEMY OF SPORTS SCIENCE,DEHESA ELEMENTARY,1,136747,68049
145,CALIFORNIA AVENUE ELEMENTARY,VISTA UNIFIED,1,6040604,68452
146,CALIFORNIA PACIFIC CHARTER SCHOOL OF SAN DIEGO,WARNER UNIFIED,1,132472,75416
147,CALIFORNIA VIRTUAL ACADEMY @ SAN DIEGO,SPENCER VALLEY ELEMENTARY,1,6120893,68403
148,CALIFORNIA/SP ED,,1,,
149,CALVIN CHRISTIAN,,1,,
150,CALVIN CHRISTIAN SCHOOL -ANNEX,,1,,
151,CAMARENA (ENRIQUE S.) ELEMENTARY,CHULA VISTA ELEMENTARY,1,127431,68023
152,CAMP CUYAMACA,,0,,
153,CAMP DENVER C FOX,,0,,
154,CAMP LOCKETT MIDDLE,MOUNTAIN EMPIRE UNIFIED,1,126995,68213
155,CAMP MARSTON,,0,,
156,CAMP OLIVER,,0,,
157,CAMP PALOMAR,,0,,
158,CAMP SURF,,0,,
159,CAMPO EDUCATIONAL CENTER,,0,,
160,CAMPO EDUCATIONAL CENTER & CHILDCARE,,0,,
161,CAMPO ELEMENTARY,MOUNTAIN EMPIRE UNIFIED,1,6038681,68213
162,CAMPO HEADSTART CENTER,MOUNTIAN EMPIRE UNIFIED,,,
163,CAMPO HIGH (CONTINUATION),MOUNTAIN EMPIRE UNIFIED,1,3730934,68213
164,CANYON CREST ACADEMY,SAN DIEGUITO UNION HIGH,1,106328,68346
165,CANYON VIEW ELEMENTARY,POWAY UNIFIED,1,6106520,68296
166,CAPRI ELEMENTARY,ENCINITAS UNION ELEMENTARY,1,6066989,68080
167,CARDIFF ELEMENTARY,CARDIFF ELEMENTARY,1,6037766,68007
168,CARLSBAD ADULT TRANSITION,CARLSBAD UNIFIED,1,,
169,CARLSBAD BOYS & GIRLS CLUB,,0,,
170,CARLSBAD HIGH,CARLSBAD UNIFIED,1,3730694,73551
171,CARLSBAD SEASIDE ACADEMY,CARLSBAD UNIFIED,1,3731163,73551
172,CARLSBAD VILLAGE ACADEMY,CARLSBAD UNIFIED,1,3730017,73551
173,CARLTON HILLS ELEMENTARY,SANTEE,1,6040356,68361
174,CARLTON OAKS ELEMENTARY,SANTEE,1,6068159,68361
175,CARMEL CREEK ELEMENTARY,SOLANA BEACH ELEMENTARY,1,6112353,68387
176,CARMEL DEL MAR ELEMENTARY,DEL MAR UNION ELEMENTARY,1,6110696,68056
177,CARMEL VALLEY MIDDLE,SAN DIEGUITO UNION HIGH,1,6117352,68346
178,CARRILLO ELEMENTARY,SAN MARCOS UNIFIED,1,6116206,73791
179,CARSON ELEMENTARY,SAN DIEGO UNIFIED,1,6039341,68338
180,CARVER ELEMENTARY,SAN DIEGO UNIFIED,1,6039358,68338
181,CASA DE FAMILIA,,0,,
182,CASA DE ORO ELEMENTARY,LA MESA-SPRING VALLEY,1,6038434,68197
183,CASA DE ORO LIBRARY,,0,,
184,CASA DE SALUD,,0,,
185,CASA DE SALUD YOUTH CENTER,,0,,
186,CASILLAS (JOSEPH) ELEMENTARY,CHULA VISTA ELEMENTARY,1,6115646,68023
187,CASITA CENTER FOR SCIENCE/MATH/TECHNOLOGY,VISTA UNIFIED,1,6069124,68452
188,CASTLE PARK ELEMENTARY,CHULA VISTA ELEMENTARY,1,6037824,68023
189,CASTLE PARK MIDDLE,SWEETWATER UNION HIGH,1,6059752,68411
190,CASTLE PARK SENIOR HIGH,SWEETWATER UNION HIGH,1,3730801,68411
191,CENTER FOR POSITIVE CHANGES,,0,,
192,CENTER FOR POSITIVE CHANGES 5,,0,,
193,CENTER FOR POSITIVE CHANGES II,,0,,
194,CENTER FOR POSITIVE CHANGES III-ANNEX,,0,,
195,CENTRAL BRANCH LIBRARY,,0,,
196,CENTRAL ELEMENTARY,SOUTH BAY UNION,1,6040471,68395
197,CENTRAL ELEMENTARY,NATIONAL ELEMENTARY,1,6038731,68221
198,CENTRAL ELEMENTARY,SAN DIEGO UNIFIED,1,6039366,68338
199,CENTRAL ELEMENTARY,ESCONDIDO UNION,1,6038178,68098
200,CENTRAL LIBRARY,,0,,
201,CENTRAL PRESCHOOL,,1,,
202,CESAR CHAVEZ COMMUNITY CENTER,,0,,
203,CESAR CHAVEZ MIDDLE,OCEANSIDE UNIFIED,1,113522,73569
204,CHALLENGER MIDDLE,SAN DIEGO UNIFIED,1,6107056,68338
205,CHAPARRAL ELEMENTARY,POWAY UNIFIED,1,6097216,68296
206,CHAPARRAL HIGH,GROSSMONT UNION HIGH,1,3732559,68130
207,CHARTER SCHOOL OF SAN DIEGO,SAN DIEGO UNIFIED,1,3730959,68338
208,CHASE AVENUE ELEMENTARY,CAJON VALLEY UNION,1,6037592,67991
209,CHAVEZ ELEMENTARY,SAN DIEGO UNIFIED,1,6114300,68338
210,CHEROKEE POINT ELEMENTARY,SAN DIEGO UNIFIED,1,108282,68338
211,CHESTERTON CYP,,0,,
212,CHESTERTON ELEMENTARY,SAN DIEGO UNIFIED,1,6039374,68338
213,CHET F. HARRITT ELEMENTARY,SANTEE,1,6040364,68361
214,CHILDREN'S WORKSHOP,,0,,
215,CHINA LAKE YOUTH CENTER,,0,,
216,CHOICE COMMUNITY SCHOOL,,1,,
217,CHOLLAS LAKE PARK & RECREATION CENTER,,0,,
218,CHOLLAS MEAD ELEMENTARY-PRIMETIME,,0,,
219,CHOLLAS VIEW UNITED METHODIST CHURCH,,0,,
220,CHOLLAS/MEAD ELEMENTARY,SAN DIEGO UNIFIED,1,6039382,68338
221,CHRISTA MCAULIFFE ELEMENTARY,OCEANSIDE UNIFIED,1,6108211,73569
222,CHRISTIAN CHURCH PRESCHOOL OF LEMON GROVE,,0,,
223,CHULA VISTA ADULT,SWEETWATER UNION HIGH,1,,
224,CHULA VISTA COMMUNITY,,1,,
225,CHULA VISTA HILLS ELEMENTARY,CHULA VISTA ELEMENTARY,1,6107775,68023
226,CHULA VISTA LEARNING COMMUNITY CHARTER,CHULA VISTA ELEMENTARY,1,6115778,68023
227,CHULA VISTA MIDDLE,SWEETWATER UNION HIGH,1,6059760,68411
228,CHULA VISTA PRESBYTERIAN PRESCHOOL,,0,,
229,CHULA VISTA SENIOR HIGH,SWEETWATER UNION HIGH,1,3731064,68411
230,CHULA VISTA SITE,,,,
231,CIRCLE OF FRIENDS,,,,
232,CIRCLE OF FRIENDS II,,,,
233,CITRONICA ONE APARTMENTS,,0,,
234,CITY HEIGHTS BRANCH LIBRARY,,0,,
235,CITY HEIGHTS COMMUNITY DEVELOPMENT CORP.,,0,,
236,CITY HEIGHTS PREPARATORY CHARTER,SAN DIEGO UNIFIED,1,124347,68338
237,CITY HEIGHTS REC CENTER,,0,,
238,CITY OF CHULA VISTA CIVIC CENTER LIBRARY,,0,,
239,CITY OF CHULA VISTA SOUTH CV LIBRARY,,0,,
240,CITY OF OCEANSIDE LIBRARY,,0,,
241,CLAIR W. BURGENER ACADEMY,,1,,
242,CLAIREMONT BRANCH,,0,,
243,CLAIREMONT HIGH,SAN DIEGO UNIFIED,1,3731213,68338
244,CLARK MIDDLE,SAN DIEGO UNIFIED,1,6114060,68338
245,CLASSICAL ACADEMY,ESCONDIDO UNION,1,6116776,68098
246,CLASSICAL ACADEMY HIGH,ESCONDIDO UNION HIGH,1,111195,68106
247,CLASSICAL ACADEMY VISTA,SAN DIEGO COUNTY OFFICE OF EDUCATION,1,138404,10371
248,CLAY ELEMENTARY,SAN DIEGO UNIFIED,1,6039390,68338
249,CLEAR VIEW,CHULA VISTA ELEMENTARY,1,6109771,68023
250,CLOVER FLAT ELEMENTARY,MOUNTAIN EMPIRE UNIFIED,1,6085054,68213
251,COASTAL ACADEMY,OCEANSIDE UNIFIED,1,101071,73569
252,COASTAL ACADEMY CHARTER,OCEANSIDE UNIFIED,1,136267,73569
253,COL. SALOMON CDC,,0,,
254,COLEMAN TECH CHARTER HIGH,SAN DIEGO UNIFIED,1,122788,68338
255,COLINA DEL SOL PARK & REC,,0,,
256,COLLEGE PREPARATORY MIDDLE,MOUNTAIN EMPIRE UNIFIED,1,121582,68213
257,COLLEGE PREPARATORY MIDDLE - EAST COUNTY,MOUNTAIN EMPIRE UNIFIED,1,121582,68213
258,COLLEGE PREPARATORY MIDDLE - LA MESA SPRING VALLEY,SBE - COLLEGE PREPARATORY MIDDLE - LA MESA SPRING VALLEY,1,137356,77164
259,COLLEGE-ROLANDO BRANCH LIBRARY,,0,,
260,COMMUNITY CONGREGATIONAL PRESCHOOL,,0,,
261,COMMUNITY DAY SCHOOL,,1,,
262,COMMUNITY MONTESSORI,SAN DIEGO COUNTY OFFICE OF EDUCATION,1,137695,10371
263,COMMUNITY MONTESSORI CHARTER,DEHESA ELEMENTARY,1,127167,68049
264,COMMUNITY YOUTH ATHLETICS CENTER,,0,,
265,COMPASS CHARTER SCHOOLS OF SAN DIEGO,MOUNTAIN EMPIRE UNIFIED,1,127084,68213
266,CONRAD PREBYS ESCONDIDO,,0,,
267,CONWAY ELEMENTARY,ESCONDIDO UNION,1,6038186,68098
268,CONWAY PRESCHOOL,ESCONDIDO UNION,1,,
269,COOK (HAZEL GOES) ELEMENTARY,CHULA VISTA ELEMENTARY,1,6037881,68023
270,COOK EDUCATION CENTER,,1,,
271,COPLEY YMCA,,0,,
272,CORONADO HIGH,CORONADO UNIFIED,1,3731478,68031
273,CORONADO MIDDLE,CORONADO UNIFIED,1,6059570,68031
274,CORONADO PATHWAYS CHARTER,CORONADO UNIFIED,1,126110,68031
275,CORONADO TERRACE APARTMENTS,,0,,
276,CORONADO UNIFIED SPECIAL EDUCATION PRE-K,CORONADO UNIFIED,1,,
277,CORONADO VILLAGE ELEMENTARY,CORONADO UNIFIED,1,6038053,68031
278,CORREIA MIDDLE,SAN DIEGO UNIFIED,1,6059596,68338
279,COTTONWOOD COMMUNITY DAY,MOUNTAIN EMPIRE UNIFIED,1,3731080,68213
280,COUNTY COLLABORATIVE CHARTER,MOUNTAIN EMPIRE UNIFIED,1,129668,68213
281,CRAWFORD HIGH,SAN DIEGO UNIFIED,1,107177,68338
282,CREATIVE PERFORMING AND MEDIA ARTS,SAN DIEGO UNIFIED,1,3731551,68338
283,CREEKSIDE EARLY LEARNING CENTER,ALPINE UNION ELEMENTARY,1,6118723,67967
284,CREEKSIDE ELEMENTARY,POWAY UNIFIED,1,6117469,68296
285,CREST ELEMENTARY,CAJON VALLEY UNION,1,6037600,67991
286,CROWN HEIGHTS RESOURCE CENTER,,0,,
287,CROWN POINT ELEMENTARY,SAN DIEGO UNIFIED,1,6039424,68338
288,CTEC INDEPENDENT STUDY,,0,,
289,CUBBERLEY ELEMENTARY,SAN DIEGO UNIFIED,1,6039432,68338
290,CURIE ELEMENTARY,SAN DIEGO UNIFIED,1,6039440,68338
291,CUYAMACHA PREP COMMUNITY SCHOOL,,1,,
292,DAILARD ELEMENTARY,SAN DIEGO UNIFIED,1,6096879,68338
293,DANA,SAN DIEGO UNIFIED,1,6059604,68338
294,DARNALL CHARTER,SAN DIEGO UNIFIED,1,6039457,68338
295,DAVILA DAY,SAN DIEGO COUNTY OFFICE OF EDUCATION,1,120485,10371
296,DE PORTOLA MIDDLE,SAN DIEGO UNIFIED,1,6106181,68338
297,DEER CANYON ELEMENTARY,POWAY UNIFIED,1,6109300,68296
298,DEHESA CHARTER,DEHESA ELEMENTARY,1,6119564,68049
299,DEHESA ELEMENTARY,DEHESA ELEMENTARY,1,6038095,68049
300,DEL DIOS ACADEMY OF ARTS AND SCIENCES,ESCONDIDO UNION,1,6038194,68098
301,DEL DIOS X-TRACK,,0,,
302,DEL LAGO ACADEMY - CAMPUS OF APPLIED SCIENCE,ESCONDIDO UNION HIGH,1,127241,68106
303,DEL MAR HEIGHTS ELEMENTARY,DEL MAR UNION ELEMENTARY,1,6038111,68056
304,DEL MAR HILLS ELEMENTARY,DEL MAR UNION ELEMENTARY,1,6088983,68056
305,DEL NORTE HIGH,POWAY UNIFIED,1,118935,68296
306,DEL RIO ELEMENTARY,OCEANSIDE UNIFIED,1,6088991,73569
307,DEL SUR ELEMENTARY,POWAY UNIFIED,1,116475,68296
308,DESCANSO ELEMENTARY,MOUNTAIN EMPIRE UNIFIED,1,6038699,68213
309,DESIGN 39 CAMPUS,POWAY UNIFIED,1,129056,68296
310,DEWEY CDC,SAN DIEGO UNIFIED,1,,
311,DEWEY ELEMENTARY,SAN DIEGO UNIFIED,1,6039481,68338
312,DIEGO HILLS CENTRAL PUBLIC CHARTER,DEHESA ELEMENTARY,1,136614,68049
313,DIEGO HILLS CHARTER,DEHESA ELEMENTARY,1,119990,68049
314,DIEGO SPRINGS ACADEMY,BORREGO SPRINGS UNIFIED,1,131144,67983
315,DIEGO VALLEY CHARTER,JULIAN UNION ELEMENTARY,1,124271,68163
316,DIEGO VALLEY EAST PUBLIC CHARTER,JULIAN UNION ELEMENTARY,1,137109,68163
317,DIEGUENO MIDDLE,SAN DIEGUITO UNION HIGH,1,6104749,68346
318,DIMENSIONS COLLABORATIVE,SAN DIEGO COUNTY OFFICE OF EDUCATION,1,137752,10371
319,DINGEMAN ELEMENTARY,SAN DIEGO UNIFIED,1,6112726,68338
320,DISCOVERY CHARTER,CHULA VISTA ELEMENTARY,1,6111322,68023
321,DISCOVERY ELEMENTARY,SAN MARCOS UNIFIED,1,6114169,73791
322,DISTRICT OFFICE,POWAY UNIFIED,0,0,68296
323,DISTRICT OFFICE,SWEETWATER UNION HIGH,0,0,68411
324,DISTRICT OFFICE,LEMON GROVE,0,0,68205
325,DISTRICT OFFICE,LA MESA-SPRING VALLEY,0,0,68197
326,DISTRICT OFFICE,DEHESA ELEMENTARY,0,0,68049
327,DITMAR ELEMENTARY,OCEANSIDE UNIFIED,1,,
328,DOUBLE PEAK,SAN MARCOS UNIFIED,1,131433,73791
329,DOYLE ELEMENTARY,SAN DIEGO UNIFIED,1,6099055,68338
330,E. G. GARRISON ELEMENTARY,OCEANSIDE UNIFIED,1,6069108,73569
331,E3 CIVIC HIGH,SAN DIEGO UNIFIED,1,127647,68338
332,EARL WARREN MIDDLE,SAN DIEGUITO UNION HIGH,1,6061998,68346
333,EAST COUNTY COMMUNITY CENTER SPRING VALLEY,,0,,
334,EAST COUNTY COMMUNITY SCHOOL,,1,,
335,EAST HILLS ACADEMY,SWEETWATER UNION HIGH,1,115873,68411
336,EAST MESA JUVENILE DETENTION FACILITY,,0,,
337,EAST VILLAGE HIGH,SAN DIEGO UNIFIED,1,118315,68338
338,EASTLAKE ELEMENTARY,CHULA VISTA ELEMENTARY,1,6108492,68023
339,EASTLAKE HIGH,SWEETWATER UNION HIGH,1,3730843,68411
340,EASTLAKE MIDDLE,SWEETWATER UNION HIGH,1,6120968,68411
341,ECDC/CROWN PRESCHOOL,CORONADO UNIFIED,1,,
342,EDISON ELEMENTARY,SAN DIEGO UNIFIED,1,6039499,68338
343,EJE ELEMENTARY ACADEMY CHARTER,CAJON VALLEY UNION,1,108563,67991
344,EJE ELEMENTARY ACADEMY-ANNEX,CAJON VALLEY UNION,1,,67991
345,EJE MIDDLE ACADEMY,CAJON VALLEY UNION,1,119255,67991
346,EL CAJON ADULT CENTER,GROSSMONT UNION HIGH,1,,
347,EL CAJON PUBLIC LIBRARY,,0,,
348,EL CAJON VALLEY HIGH,GROSSMONT UNION HIGH,1,3731692,68130
349,EL CAMINO CREEK ELEMENTARY,ENCINITAS UNION ELEMENTARY,1,6117709,68080
350,EL CAMINO HIGH,OCEANSIDE UNIFIED,1,3739018,73569
351,EL CAPITAN HIGH,GROSSMONT UNION HIGH,1,3731809,68130
352,EL CENTRO NAF,,0,,
353,EL TOYON ELEMENTARY,NATIONAL ELEMENTARY,1,6038749,68221
354,ELEVATE ELEMENTARY,SAN DIEGO UNIFIED,1,129395,68338
355,ELITE ACADEMIC ACADEMY - MOUNTAIN EMPIRE,MOUNTAIN EMPIRE UNIFIED,1,136978,68213
356,ELITE ACADEMY,GROSSMONT UNION HIGH,1,3731486,68130
357,EMERALD MIDDLE,CAJON VALLEY UNION,1,6037626,67991
358,EMERSON/BANDINI ELEMENTARY,SAN DIEGO UNIFIED,1,6039507,68338
359,EMORY ELEMENTARY,SOUTH BAY UNION,1,6040489,68395
360,EMPOWER,CAJON VALLEY UNION,1,136176,67991
361,EMPOWER ACADEMY/CDS,,,,
362,EMPOWER CHARTER,SAN DIEGO UNIFIED,1,129387,68338
363,EMPRESA ELEMENTARY,VISTA UNIFIED,1,6108708,68452
364,ENCANTO BRANCH,,0,,
365,ENCANTO ELEMENTARY,SAN DIEGO UNIFIED,1,6039515,68338
366,ENCANTO REC CENTER,,0,,
367,ENDEAVOUR ACADEMY,ALPINE UNION ELEMENTARY,1,128595,67967
368,ENRIQUE S. CAMARENA,CHULA VISTA ELEMENTARY,1,,
369,EPIPHANY PREP CHARTER,ESCONDIDO UNION,1,133991,68098
370,EPIPHANY PREP CHARTER,SAN DIEGO UNIFIED,1,126151,68338
371,ERICSON ELEMENTARY,SAN DIEGO UNIFIED,1,6089015,68338
372,ESCONDIDO ADULT,ESCONDIDO UNION HIGH,1,,
373,ESCONDIDO CHARTER HIGH,ESCONDIDO UNION HIGH,1,3731023,68106
374,ESCONDIDO COMMUNITY BLENDED,,1,,
375,ESCONDIDO COMMUNITY DAY,ESCONDIDO UNION HIGH,1,123430,68106
376,ESCONDIDO HIGH,ESCONDIDO UNION HIGH,1,3732062,68106
377,EUCALYPTUS HILLS ELEMENTARY,LAKESIDE UNION ELEMENTARY,1,129288,68189
378,EUCLID CDC,,0,,
379,EUCLID ELEMENTARY,SAN DIEGO UNIFIED,1,6039523,68338
380,EVANGELINE ROBERTS INSTITUTE OF LEARNING,SAN DIEGO UNIFIED,1,121145,68338
381,EVANGELINE ROBERTS INSTITUTE OF LEARNING-ANNEX,SAN DIEGO UNIFIED,1,,
382,EXCELSIOR ACADEMY,SAN DIEGO UNIFIED,1,,
383,FALLBROOK HIGH,FALLBROOK UNION HIGH,1,3732179,68122
384,FALLBROOK HOMESCHOOL ACADEMY,FALLBROOK UNION ELEMENTARY,1,6096911,68114
385,FALLBROOK STEM ACADEMY,FALLBROOK UNION ELEMENTARY,1,6038285,68114
386,FALLBROOK STREET ELEMENTARY,FALLBROOK UNION ELEMENTARY,1,6038285,68114
387,FARB MIDDLE,SAN DIEGO UNIFIED,1,6099063,68338
388,FARR AVENUE ELEMENTARY,ESCONDIDO UNION,1,102608,68098
389,FAY ELEMENTARY,SAN DIEGO UNIFIED,1,6039762,68338
390,FEASTER (MAE L.) CHARTER,CHULA VISTA ELEMENTARY,1,6037956,68023
391,FELICITA ELEMENTARY,ESCONDIDO UNION,1,6038202,68098
392,FELICITA PRESCHOOL,ESCONDIDO UNION,1,,
393,FIELD ELEMENTARY,SAN DIEGO UNIFIED,1,6039556,68338
394,FINNEY (MYRTLE S.) ELEMENTARY,CHULA VISTA ELEMENTARY,1,6037964,68023
395,FIRESIDE PARK,,0,,
396,FIRST AVENUE LITERACY COMMUNITY SCHOOL,,1,,
397,FIRST BAPTIST CHURCH OF LEMON GROVE,,0,,
398,FIRST STEP TREATMENT HOME,,0,,
399,FLETCHER CDC,,0,,
400,FLETCHER ELEMENTARY,SAN DIEGO UNIFIED,1,6039564,68338
401,FLETCHER HILLS ELEMENTARY,LA MESA-SPRING VALLEY,1,6038442,68197
402,FLORA VISTA ELEMENTARY,ENCINITAS UNION ELEMENTARY,1,6099402,68080
403,FLORENCE ELEMENTARY,SAN DIEGO UNIFIED,1,6039572,68338
404,FLYING HILLS ELEMENTARY,CAJON VALLEY UNION,1,6037634,67991
405,FOOTHILL OAK ELEMENTARY,VISTA UNIFIED,1,105882,68452
406,FOOTHILLS ADULT EDUCATION CENTER,GROSSMONT UNION HIGH,1,,
407,FOOTHILLS HIGH,SAN MARCOS UNIFIED,1,3730793,73791
408,FOSTER ELEMENTARY,SAN DIEGO UNIFIED,1,6039598,68338
409,FRANKLIN ELEMENTARY,SAN DIEGO UNIFIED,1,6039606,68338
410,FREESE ELEMENTARY,SAN DIEGO UNIFIED,1,6039614,68338
411,FUERTE ELEMENTARY,CAJON VALLEY UNION,1,6037642,67991
412,FULTON K-8,SAN DIEGO UNIFIED,1,6039630,68338
413,FUTURE BOUND INDEPENDENT STUDY SECONDARY,RAMONA CITY UNIFIED,1,102178,68304
414,GAGE ELEMENTARY,SAN DIEGO UNIFIED,1,6039648,68338
415,GARDEN ROAD ELEMENTARY,POWAY UNIFIED,1,6038970,68296
416,GARFIELD CDC,,0,,
417,GARFIELD ELEMENTARY,SAN DIEGO UNIFIED,1,6039655,68338
418,GARFIELD HIGH,SAN DIEGO UNIFIED,1,3737962,68338
419,GATEWAY CYP,,0,,
420,GEORGE NICOLOFF ELEMENTARY,SOUTH BAY UNION,1,6098487,68395
421,GIRLS REHABILITATION,,,,
422,GLEN VIEW ELEMENTARY,ESCONDIDO UNION,1,6038939,68098
423,GLEN VIEW PRESCHOOL,ESCONDIDO UNION,1,,
424,GODFREY G. BERRY ELEMENTARY,SOUTH BAY UNION,1,6067029,68395
425,GOLDEN HILL K-8,SAN DIEGO UNIFIED,1,108266,68338
426,GOLDEN HILL RECREATION CENTER,,0,,
427,GOMPERS PREPARATORY ACADEMY,SAN DIEGO UNIFIED,1,119610,68338
428,GOOD SHEPHERD CATHOLIC SCHOOL,,1,,
429,GRACIA Y PAZ,,0,,
430,GRANGER JUNIOR HIGH,SWEETWATER UNION HIGH,1,6059778,68411
431,GRANITE HILLS HIGH,GROSSMONT UNION HIGH,1,3732336,68130
432,GRANT K-8,SAN DIEGO UNIFIED,1,6039671,68338
433,GRAPEVINE ELEMENTARY,VISTA UNIFIED,1,6040620,68452
434,GRAVES SUMMIT SCHOOL,,1,,
435,GREATER SAN DIEGO ACADEMY,JAMUL-DULZURA UNION ELEMENTARY,1,6117303,68155
436,GREEN ELEMENTARY,SAN DIEGO UNIFIED,1,6039697,68338
437,GREENFIELD MIDDLE,CAJON VALLEY UNION,1,6037659,67991
438,GREENTREE-ANNEX,,1,,
439,GROSSMONT ADULT,GROSSMONT UNION HIGH,1,,
440,GROSSMONT HIGH,GROSSMONT UNION HIGH,1,3732625,68130
441,GROSSMONT MIDDLE COLLEGE HIGH,GROSSMONT UNION HIGH,1,3731536,68130
442,GROSSMONT SECONDARY,SBE - GROSSMONT SECONDARY,1,136077,77099
443,GROSSMONT UNION HIGH SPECIAL EDUCATION PROGRAM,GROSSMONT UNION HIGH,1,,
444,GROVE PARK,,0,,
445,GUAJOME LEARNING CENTER,VISTA UNIFIED,1,124917,68452
446,GUAJOME PARK ACADEMY CHARTER,VISTA UNIFIED,1,3730942,68452
447,HAGE ELEMENTARY,SAN DIEGO UNIFIED,1,6109599,68338
448,HALECREST ELEMENTARY,CHULA VISTA ELEMENTARY,1,6037865,68023
449,HALECREST YMCA,,,,
450,HAMILTON ELEMENTARY,SAN DIEGO UNIFIED,1,6039705,68338
451,HANCOCK ELEMENTARY,SAN DIEGO UNIFIED,1,6096051,68338
452,HANNALEI ELEMENTARY,VISTA UNIFIED,1,100933,68452
453,HANSON ELEMENTARY,RAMONA CITY UNIFIED,1,6039028,68304
454,HARBOR SPRINGS CHARTER,JULIAN UNION ELEMENTARY,1,128421,68163
455,HARBORSIDE ELEMENTARY,CHULA VISTA ELEMENTARY,1,6037873,68023
456,HARDY ELEMENTARY,SAN DIEGO UNIFIED,1,6039713,68338
457,HARRIET TUBMAN VILLAGE CHARTER,SAN DIEGO UNIFIED,1,6040018,68338
458,HAWKING S.T.E.A.M. CHARTER,SWEETWATER UNION HIGH,1,126086,68411
459,HAWKING S.T.E.A.M. CHARTER SCHOOL 2,SWEETWATER UNION HIGH,1,,
460,HAWTHORNE CDC,SAN DIEGO UNIFIED,0,,
461,HAWTHORNE ELEMENTARY,SAN DIEGO UNIFIED,1,6039721,68338
462,HEALTH SCIENCES HIGH,SAN DIEGO UNIFIED,1,114462,68338
463,HEALTH SCIENCES MIDDLE,SAN DIEGO UNIFIED,1,128066,68338
464,HEARST ELEMENTARY,SAN DIEGO UNIFIED,1,6039739,68338
465,HEDENKAMP (ANNE AND WILLIAM) ELEMENTARY,CHULA VISTA ELEMENTARY,1,101592,68023
466,HELIX HIGH,GROSSMONT UNION HIGH,1,3732732,68130
467,HENRY HIGH,SAN DIEGO UNIFIED,1,3732781,68338
468,HERITAGE DIGITAL ACADEMY CHARTER MIDDLE,ESCONDIDO UNION,1,128769,68098
469,HERITAGE ELEMENTARY,CHULA VISTA ELEMENTARY,1,6118970,68023
470,HERITAGE K-8 CHARTER,ESCONDIDO UNION,1,101535,68098
471,HICKMAN ELEMENTARY,SAN DIEGO UNIFIED,1,6089023,68338
472,HIDDEN VALLEY MIDDLE,ESCONDIDO UNION,1,6093215,68098
473,HIGH TECH ELEMENTARY,SAN DIEGO UNIFIED,1,131565,68338
474,HIGH TECH ELEMENTARY CHULA VISTA,SBC - HIGH TECH HIGH,1,123059,76471
475,HIGH TECH ELEMENTARY EXPLORER,SAN DIEGO UNIFIED,1,6117683,68338
476,HIGH TECH ELEMENTARY MESA,SBC - HIGH TECH HIGH,1,,
477,HIGH TECH ELEMENTARY NORTH COUNTY,SBC - HIGH TECH HIGH,1,127605,76471
478,HIGH TECH HIGH,SAN DIEGO UNIFIED,1,3731247,68338
479,HIGH TECH HIGH -ANNEX,,1,,
480,HIGH TECH HIGH CHULA VISTA,SBC - HIGH TECH HIGH,1,,
481,HIGH TECH HIGH EXPLORER,SBC - HIGH TECH HIGH,1,,
482,HIGH TECH HIGH INTERNATIONAL,SAN DIEGO UNIFIED,1,106732,68338
483,HIGH TECH HIGH MEDIA ARTS,SAN DIEGO UNIFIED,1,108787,68338
484,HIGH TECH HIGH MESA,SBC - HIGH TECH HIGH,1,137067,76471
485,HIGH TECH HIGH NORTH COUNTY,SBC - HIGH TECH HIGH,1,114694,76471
486,HIGH TECH HIGH NORTH COUNTY-ANNEX,,1,,
487,HIGH TECH HIGH SCHOOL-CHULA VISTA,,,,
488,HIGH TECH MIDDLE,SAN DIEGO UNIFIED,1,101204,68338
489,HIGH TECH MIDDLE CHULA VISTA,SBC - HIGH TECH HIGH,1,123042,76471
490,HIGH TECH MIDDLE MEDIA ARTS,SAN DIEGO UNIFIED,1,107573,68338
491,HIGH TECH MIDDLE MESA,SBC - HIGH TECH HIGH,1,,
492,HIGH TECH MIDDLE NORTH COUNTY,SBC - HIGH TECH HIGH,1,119271,76471
493,HIGHLAND RANCH ELEMENTARY,POWAY UNIFIED,1,6110886,68296
494,HIGHLANDS ELEMENTARY,LA MESA-SPRING VALLEY,1,6038459,68197
495,HILL CREEK ELEMENTARY,SANTEE,1,6085161,68361
496,HILLSDALE MIDDLE,CAJON VALLEY UNION,1,6112890,67991
497,HILLSIDE JUNIOR/SENIOR HIGH,MOUNTAIN EMPIRE UNIFIED,1,3730991,68213
498,HILLTOP DRIVE ELEMENTARY,CHULA VISTA ELEMENTARY,1,6037899,68023
499,HILLTOP MIDDLE,SWEETWATER UNION HIGH,1,6062004,68411
500,HILLTOP SENIOR HIGH,SWEETWATER UNION HIGH,1,3732849,68411
501,HILTON HEAD COUNTY PARK,,0,,
502,HOLLY DRIVE LEADERSHIP ACADEMY,SAN DIEGO UNIFIED,1,6117279,68338
503,HOLLYWOOD PALMS APARTMENTS,,0,,
504,HOLMES ELEMENTARY,SAN DIEGO UNIFIED,1,6039747,68338
505,HOLY TRINITY ELEMENTARY,,1,,
506,HOME & HOSP/TRANSITION SUPPORT,SAN DIEGO UNIFIED,0,126938,68338
507,HOOVER HIGH,SAN DIEGO UNIFIED,1,3732997,68338
508,HOPE ELEMENTARY,CARLSBAD UNIFIED,1,6106512,73551
509,HOPE INFANT-TODDLER SPECIAL EDUCATION,SAN DIEGO COUNTY OFFICE OF EDUCATION,1,,
510,HORTON ELEMENTARY,SAN DIEGO UNIFIED,1,6039754,68338
511,HORTON PLAZA-ANNEX,,0,,
512,HOWARD GARDNER COMMUNITY CHARTER,CHULA VISTA ELEMENTARY,1,124321,68023
513,HOWARD PENCE ELEMENTARY,SOUTH BAY UNION,1,6094973,68395
514,HUDO COMMUNITY CENTER,,0,,
515,IBARRA ELEMENTARY,SAN DIEGO UNIFIED,1,108290,68338
516,IDEA CENTER,GROSSMONT UNION HIGH,1,132548,68130
517,IFTIN CHARTER,SAN DIEGO UNIFIED,1,108548,68338
518,IFTIN UNIVERSITY PREP HIGH,,1,,
519,IGLESIA LATINA EMANUEL,,0,,
520,IHIGH VIRTUAL ACADEMY,SAN DIEGO UNIFIED,1,120410,68338
521,IIPAY NATION OF SANTA YSABEL,,0,,
522,IMPERIAL BEACH,,,,
523,IMPERIAL BEACH CHARTER,SOUTH BAY UNION,1,6040505,68395
524,INDIAN HILLS CAMP,,0,,
525,INGENUITY CHARTER,SAN DIEGO UNIFIED,1,131979,68338
526,INNOVATION MIDDLE,SAN DIEGO UNIFIED,1,116939,68338
527,INNOVATIONS ACADEMY,SAN DIEGO UNIFIED,1,118083,68338
528,INSIGHT @ SAN DIEGO,SPENCER VALLEY ELEMENTARY,1,125401,68403
529,INSPIRE CHARTER SCHOOL - SOUTH,DEHESA ELEMENTARY,1,132506,68049
530,INTEGRITY CHARTER,NATIONAL ELEMENTARY,1,101360,68221
531,INTEGRITY CHARTER SCHOOL-B&G CLUB,,0,,
532,"INTERNATIONAL HIGH SCHOOL OF SCIENCE, TECHNOLOGY, ENGINEERING, ARTS AND MATHEMATICS",SAN DIEGO UNIFIED,1,,
533,IOWA STREET,FALLBROOK UNION ELEMENTARY,1,6096911,68114
534,IQRA LEARNING CENTER,,0,,
535,IRA HARBISON,NATIONAL ELEMENTARY,1,6038764,68221
536,IVEY RANCH ELEMENTARY,OCEANSIDE UNIFIED,1,6109995,73569
537,IVY HIGH (CONTINUATION),FALLBROOK UNION HIGH,1,3732195,68122
538,JACK & CAROL CLARK ADOLESCENT TREATMENT PROGRAM,,0,,
539,JACKIE ROBINSON YMCA,,0,,
540,JACUMBA BRANCH LIBRARY,,0,,
541,JACUMBA MIDDLE,MOUNTAIN EMPIRE UNIFIED,1,126995,68213
542,JAMACHA ELEMENTARY,CAJON VALLEY UNION,1,6110787,67991
543,JAMES DUKES ELEMENTARY,RAMONA CITY UNIFIED,1,6105555,68304
544,JAMES E. POTTER INTERMEDIATE,FALLBROOK UNION ELEMENTARY,1,6038277,68114
545,JAMUL INTERMEDIATE,JAMUL-DULZURA UNION ELEMENTARY,1,6112205,68155
546,JAMUL PRIMARY,JAMUL-DULZURA UNION ELEMENTARY,1,6038319,68155
547,JCS - CEDAR COVE,JULIAN UNION ELEMENTARY,1,138628,68163
548,JCS - MANZANITA,SAN DIEGO COUNTY OFFICE OF EDUCATION,1,,
549,JCS - MOUNTAIN OAKS,JULIAN UNION ELEMENTARY,1,138156,68163
550,JCS - PINE VALLEY,MOUNTAIN EMPIRE UNIFIED,1,138636,68213
551,JEFFERSON ELEMENTARY,CARLSBAD UNIFIED,1,6037782,73551
552,JEFFERSON ELEMENTARY,SAN DIEGO UNIFIED,1,6039770,68338
553,JEFFERSON MIDDLE,OCEANSIDE UNIFIED,1,6038830,73569
554,JERABEK ELEMENTARY,SAN DIEGO UNIFIED,1,6099071,68338
555,JF KENNEDY PARK,,0,,
556,JOAN MACQUEEN MIDDLE,ALPINE UNION ELEMENTARY,1,6037535,67967
557,JOHN A. OTIS ELEMENTARY,NATIONAL ELEMENTARY,1,6038756,68221
558,JOHN MUIR,SAN DIEGO UNIFIED,1,3730116,68338
559,JOHN MUIR LANGUAGE ACADEMY,SAN DIEGO UNIFIED,1,3730116,68338
560,JOHNSON ELEMENTARY,CAJON VALLEY UNION,1,6037675,67991
561,JOHNSON ELEMENTARY,SAN DIEGO UNIFIED,1,6039788,68338
562,JOLI ANN LEICHTAG ELEMENTARY,SAN MARCOS UNIFIED,1,116467,73791
563,JONAS SALK ELEMENTARY,SAN DIEGO UNIFIED,1,132316,68338
564,JONES ELEMENTARY,SAN DIEGO UNIFIED,1,6039796,68338
565,JOYNER ELEMENTARY,SAN DIEGO UNIFIED,1,114041,68338
566,JUAN BAUTISTA DE ANZA,BORREGO SPRINGS UNIFIED,1,117887,67983
567,JUAN BAUTISTA DE ANZA CHARTER,BORREGO SPRINGS UNIFIED,1,136457,67983
568,JUAREZ ELEMENTARY,SAN DIEGO UNIFIED,1,6039804,68338
569,JUAREZ LINCOLN,,0,,
570,JUAREZ-LINCOLN ELEMENTARY,CHULA VISTA ELEMENTARY,1,6069090,68023
571,JULIAN ADULT,JULIAN UNION HIGH,1,,
572,JULIAN BRANCH LIBRARY,,0,,
573,JULIAN CHARTER,JULIAN UNION ELEMENTARY,1,3731239,68163
574,JULIAN ELEMENTARY,JULIAN UNION ELEMENTARY,1,6038327,68163
575,JULIAN HIGH,JULIAN UNION HIGH,1,3733219,68171
576,JULIAN JUNIOR HIGH,JULIAN UNION ELEMENTARY,1,6105845,68163
577,JUNIPER ELEMENTARY,ESCONDIDO UNION,1,6038228,68098
578,JUNIPER PRESCHOOL,,1,,
579,JUVENILE COURT AND COMMUNITY SCHOOL,,0,,
580,JUVENILE HALL,,,,
581,KARATE FITNESS NOW,,0,,
582,KAREN ORGANIZATION OF SAN DIEGO,,0,,
583,KAVOD CHARTER,SAN DIEGO UNIFIED,1,126730,68338
584,KAVOD ELEMENTARY CHARTER,SAN DIEGO UNIFIED,1,126730,68338
585,KEARNY COLLEGE CONNECTIONS,SAN DIEGO UNIFIED,1,107094,68338
586,KEARNY DIGITAL MEDIA & DESIGN,SAN DIEGO UNIFIED,1,107078,68338
587,KEARNY ENG INNOV & DESIGN,SAN DIEGO UNIFIED,1,107102,68338
588,"KEARNY ENG, INNOV & DESIGN",SAN DIEGO UNIFIED,1,107102,68338
589,KEARNY INTERNATIONAL BUSINESS,SAN DIEGO UNIFIED,1,107094,68338
590,KEARNY MESA LC- AUDEO-ANNEX,,0,,
591,KEARNY MESA PARK & REC,,0,,
592,KEARNY SCT,SAN DIEGO UNIFIED,1,107086,68338
593,KEILLER LEADERSHIP ACADEMY,SAN DIEGO UNIFIED,1,6039812,68338
594,KELLOGG (KARL H.) ELEMENTARY,CHULA VISTA ELEMENTARY,1,6037923,68023
595,KELLY ELEMENTARY,CARLSBAD UNIFIED,1,6099352,73551
596,KEMPTON STREET LITERACY ACADEMY,LA MESA-SPRING VALLEY,1,6038467,68197
597,KENNEDY CDC,,0,,
598,KIMBALL,NATIONAL ELEMENTARY,1,6038772,68221
599,KIMBROUGH ELEMENTARY,SAN DIEGO UNIFIED,1,6114292,68338
600,KING-CHAVEZ ACADEMY OF EXCELLENCE,SAN DIEGO UNIFIED,1,6119598,68338
601,KING-CHAVEZ ARTS ACADEMY,SAN DIEGO UNIFIED,1,109033,68338
602,KING-CHAVEZ ATHLETICS ACADEMY,SAN DIEGO UNIFIED,1,109041,68338
603,KING-CHAVEZ COMMUNITY HIGH,SAN DIEGO UNIFIED,1,118851,68338
604,KING-CHAVEZ PREPARATORY ACADEMY,SAN DIEGO UNIFIED,1,111906,68338
605,KING-CHAVEZ PRIMARY ACADEMY,SAN DIEGO UNIFIED,1,6040190,68338
606,KIPP ADELANTE PREPARATORY ACADEMY,SAN DIEGO UNIFIED,1,101345,68338
607,KNOB HILL ELEMENTARY,SAN MARCOS UNIFIED,1,6107148,73791
608,KNOX MIDDLE,SAN DIEGO UNIFIED,1,124115,68338
609,KUMEYAAY ELEMENTARY,SAN DIEGO UNIFIED,1,6112460,68338
610,L. R. GREEN ELEMENTARY,ESCONDIDO UNION,1,6107882,68098
611,LA COSTA CANYON HIGH,SAN DIEGUITO UNION HIGH,1,3731007,68346
612,LA COSTA HEIGHTS ELEMENTARY,ENCINITAS UNION ELEMENTARY,1,6106132,68080
613,LA COSTA MEADOWS ELEMENTARY,SAN MARCOS UNIFIED,1,6105993,73791
614,LA JOLLA BAND OF LUISENO INDIANS,,0,,
615,LA JOLLA ELEMENTARY,SAN DIEGO UNIFIED,1,6039846,68338
616,LA JOLLA HIGH,SAN DIEGO UNIFIED,1,3733508,68338
617,LA MESA ARTS ACADEMY,LA MESA-SPRING VALLEY,1,132290,68197
618,LA MESA COMMUNITY SCHOOL,,1,,
619,LA MESA COMMUNITY SCHOOLS 123,,1,,
620,LA MESA DALE ELEMENTARY,LA MESA-SPRING VALLEY,1,6038475,68197
621,LA MESA MIDDLE,LA MESA-SPRING VALLEY,1,6038491,68197
622,LA MESA-SPRING VALLEY HOME INDEPENDENT STUDY,LA MESA-SPRING VALLEY,1,132951,68197
623,LA MIRADA ACADEMY,SAN MARCOS UNIFIED,1,6039069,73791
624,LA MIRADA ELEMENTARY,SAN YSIDRO ELEMENTARY,1,6089007,68379
625,LA PALOMA ELEMENTARY,FALLBROOK UNION ELEMENTARY,1,6038269,68114
626,LA PRESA ELEMENTARY,LA MESA-SPRING VALLEY,1,6038509,68197
627,LA PRESA MIDDLE,LA MESA-SPRING VALLEY,1,6067003,68197
628,LAFAYETTE ELEMENTARY,SAN DIEGO UNIFIED,1,6039853,68338
629,LAKE ELEMENTARY,VISTA UNIFIED,1,6107585,68452
630,LAKESIDE CLUBHOUSE,,0,,
631,LAKESIDE EARLY ADVANTAGE PRESCHOOL,LAKESIDE UNION ELEMENTARY,1,,
632,LAKESIDE FARMS ELEMENTARY,LAKESIDE UNION ELEMENTARY,1,6038343,68189
633,LAKESIDE MIDDLE,LAKESIDE UNION ELEMENTARY,1,6038350,68189
634,LAKESIDE TEEN CENTER,,0,,
635,LAKEVIEW ELEMENTARY,LAKESIDE UNION ELEMENTARY,1,6038368,68189
636,LANGUAGE ACADEMY,SAN DIEGO UNIFIED,1,6040000,68338
637,LAS PALMAS,NATIONAL ELEMENTARY,1,6038780,68221
638,LAUDERBACH (J. CALVIN) ELEMENTARY,CHULA VISTA ELEMENTARY,1,6037907,68023
639,LAUREL ELEMENTARY,OCEANSIDE UNIFIED,1,6038848,73569
640,LAUREL PREPARATORY ACADEMY,SAN DIEGO UNIFIED,1,128744,68338
641,LEARNING CHOICE ACADEMY,SAN DIEGO UNIFIED,1,106799,68338
642,LEARNING CHOICE ACADEMY - CHULA VISTA,CHULA VISTA ELEMENTARY,1,138073,68023
643,LEARNING LATITUDES CHARTER,DEHESA ELEMENTARY,1,136416,68049
644,LEE ELEMENTARY,SAN DIEGO UNIFIED,1,6039861,68338
645,LEMON AVENUE ELEMENTARY,LA MESA-SPRING VALLEY,1,6038517,68197
646,LEMON CREST ELEMENTARY,LAKESIDE UNION ELEMENTARY,1,6110092,68189
647,LEMON GROVE ACADEMY FOR THE SCIENCES AND HUMANITIES,LEMON GROVE,1,6038608,68205
648,LEMON GROVE LIBRARY-SAN DIEGO COUNTY LIBRARY,,0,,
649,LEMON GROVE PARK,,0,,
650,LEMON GROVE REC CENTER,,0,,
651,LEONARDO DA VINCI HEALTH SCIENCES CHARTER,CHULA VISTA ELEMENTARY,1,119594,68023
652,LEONARDO DA VINCI SCIENCES CHARTER SCHOOL,,1,,
653,LEWIS MIDDLE,SAN DIEGO UNIFIED,1,6059638,68338
654,LEXINGTON ELEMENTARY,CAJON VALLEY UNION,1,6037683,67991
655,LIBBY ELEMENTARY,OCEANSIDE UNIFIED,1,6038855,73569
656,LIBBY LAKE PARK,,0,,
657,LIBBY LAKE RESOURCE COMMUNITY CENTER,,0,,
658,LIBERTY CHARTER HIGH SCHOOL,,1,,
659,LIBERTY ELEMENTARY,CHULA VISTA ELEMENTARY,1,105957,68023
660,LIBERTY HIGH CHARTER SCHOOL-ANNEX,,1,,
661,LILAC,VALLEY CENTER-PAUMA UNIFIED,1,100511,75614
662,LINCOLN ACRES,NATIONAL ELEMENTARY,1,6038798,68221
663,LINCOLN ACRES BRANCH LIBRARY,,0,,
664,LINCOLN ELEMENTARY,ESCONDIDO UNION,1,6038236,68098
665,LINCOLN HIGH,SAN DIEGO UNIFIED,1,114025,68338
666,LINCOLN MIDDLE,OCEANSIDE UNIFIED,1,6038863,73569
667,LINCOLN PRESCHOOL,,1,,
668,LINDA VISTA BRANCH LIBRARY,,0,,
669,LINDA VISTA ELEMENTARY,SAN DIEGO UNIFIED,1,6039879,68338
670,LINDA VISTA REC CENTER,,0,,
671,LINDBERGH/SCHWEITZER ELEMENTARY,SAN DIEGO UNIFIED,1,6039887,68338
672,LINDO PARK ELEMENTARY,LAKESIDE UNION ELEMENTARY,1,6038376,68189
673,LINDSAY COMMUNITY,,1,,
674,LITERACY FIRST CHARTER,SAN DIEGO COUNTY OFFICE OF EDUCATION,1,6119119,10371
675,LITERACY FIRST CHARTER SCHOOL - JA - ANNEX,,1,,
676,LITERACY FIRST CHARTER SCHOOL - LA - ANNEX,,1,,
677,LITERACY FIRST CHARTER SCHOOL - PA -ANNEX,,1,,
678,LITT RESOURSES BLENDED,,1,,
679,LIVE OAK ELEMENTARY,FALLBROOK UNION ELEMENTARY,1,6109524,68114
680,LOGAN CDC,,0,,
681,LOGAN HEIGHTS BRANCH LIBRARY,,0,,
682,LOGAN HEIGHTS CDC,,0,,
683,LOGAN HEIGHTS PUBLIC LIBRARY,,0,,
684,LOGAN K-8,SAN DIEGO UNIFIED,1,6039895,68338
685,LOMA ELEMENTARY,LA MESA-SPRING VALLEY,1,6098446,68197
686,LOMA PORTAL CHARTER SCHOOL-ANNEX,,0,,
687,LOMA PORTAL ELEMENTARY,SAN DIEGO UNIFIED,1,6039903,68338
688,LOMA VERDE ELEMENTARY,CHULA VISTA ELEMENTARY,1,6037949,68023
689,LONGFELLOW K-8,SAN DIEGO UNIFIED,1,6039911,68338
690,LOS ALTOS CDC,,0,,
691,LOS ALTOS ELEMENTARY,CHULA VISTA ELEMENTARY,1,6070825,68023
692,LOS COCHES CREEK MIDDLE,CAJON VALLEY UNION,1,111005,67991
693,LOS PENASQUITOS ELEMENTARY,POWAY UNIFIED,1,6070841,68296
694,LOUISE FOUSSAT ELEMENTARY,OCEANSIDE UNIFIED,1,113514,73569
695,LUZ DURAN PARK,,0,,
696,MAAC COMMUNITY CHARTER,SWEETWATER UNION HIGH,1,3731304,68411
697,MADISON AVENUE ELEMENTARY,CAJON VALLEY UNION,1,6037691,67991
698,MADISON HIGH,SAN DIEGO UNIFIED,1,3733698,68338
699,MADISON MIDDLE,VISTA UNIFIED,1,6112221,68452
700,MAGNOLIA ELEMENTARY,CAJON VALLEY UNION,1,6037709,67991
701,MAGNOLIA ELEMENTARY,CARLSBAD UNIFIED,1,6037790,73551
702,MAGNOLIA SCIENCE ACADEMY SAN DIEGO,SAN DIEGO UNIFIED,1,109157,68338
703,MAIE ELLIS ELEMENTARY,FALLBROOK UNION ELEMENTARY,1,131920,68114
704,MAIN STREET UMOJA BLENDED COMM SCHOOL,,1,,
705,MAJOR GENERAL RAYMOND MURRAY HIGH,VISTA UNIFIED,1,115451,68452
706,MALCOLM X BRANCH LIBRARY,,0,,
707,MANN MIDDLE,SAN DIEGO UNIFIED,1,6059646,68338
708,MAPLEWOOD APARTMENTS,,0,,
709,MAR VISTA ACADEMY,SWEETWATER UNION HIGH,1,6059786,68411
710,MAR VISTA ACADEMY FOR PROBLEM BASED LEARNING,SWEETWATER UNION HIGH,1,6059786,68411
711,MAR VISTA SENIOR HIGH,SWEETWATER UNION HIGH,1,3733953,68411
712,MARCY ST ANNEX,,1,,
713,MARSHALL (THURGOOD) ELEMENTARY,CHULA VISTA ELEMENTARY,1,6116396,68023
714,MARSHALL ELEMENTARY,SAN DIEGO UNIFIED,1,6039952,68338
715,MARSHALL MIDDLE,SAN DIEGO UNIFIED,1,6115331,68338
716,MARSTON MIDDLE,SAN DIEGO UNIFIED,1,6059653,68338
717,MARTIN LUTHER KING JR REC CENTER,,0,,
718,MARTIN LUTHER KING JR. MIDDLE,OCEANSIDE UNIFIED,1,6111777,73569
719,MARVIN ELEMENTARY,SAN DIEGO UNIFIED,1,6039960,68338
720,MARY FAY PENDLETON ELEMENTARY,FALLBROOK UNION ELEMENTARY,1,6038301,68114
721,MARYLAND AVENUE ELEMENTARY,LA MESA-SPRING VALLEY,1,6038525,68197
722,MARYLAND ELEMENTARY,VISTA UNIFIED,1,111237,68452
723,MASON ELEMENTARY,SAN DIEGO UNIFIED,1,6071914,68338
724,MATAGUAY SCOUT RESV,,0,,
725,MCGILL SCHOOL OF SUCCESS,SAN DIEGO UNIFIED,1,6113211,68338
726,MCKINLEY ELEMENTARY,SAN DIEGO UNIFIED,1,6039978,68338
727,MCMILLIN (CORKY) ELEMENTARY,CHULA VISTA ELEMENTARY,1,6118988,68023
728,MEADOWBROOK MIDDLE,POWAY UNIFIED,1,6038988,68296
729,MELBA BISHOP RECREATION CENTER,,0,,
730,MEMORIAL RECREATION CENTER,,0,,
731,MEMORIAL SCHOLARS & ATHLETES,SAN DIEGO UNIFIED,1,117333,68338
732,MERIDIAN ELEMENTARY,CAJON VALLEY UNION,1,6037717,67991
733,MERIT ACADEMY,GROSSMONT UNION HIGH,1,128793,68130
734,MESA GRANDE INDIAN HOUSING AUTHORITY,,0,,
735,MESA GRANDE INDIAN HOUSING AUTHORITY SITE 2,,0,,
736,MESA VERDE MIDDLE,POWAY UNIFIED,1,6111306,68296
737,METHODSCHOOLS,DEHESA ELEMENTARY,1,129221,68049
738,METRO AREA ADVISORY COMMITTEE (DIFFERENCT FROM HONEY BEE),,0,,
739,METRO COMMUNITY SCHOOLS,,1,,
740,METRO TECH ACADEMY BLENDED COMMUNITY SCHOOL,,1,,
741,METRO VILLAS APARTMENTS,,0,,
742,MID CITY 1 AND 2-ANNEX,,1,,
743,MIDLAND ELEMENTARY,POWAY UNIFIED,1,6038996,68296
744,MIKE CHOATE EARLY CHILDHOOD EDUCATION CENTER,,1,,
745,MILLENNIAL TECH MIDDLE,SAN DIEGO UNIFIED,1,117325,68338
746,MILLER ELEMENTARY,ESCONDIDO UNION,1,6066997,68098
747,MILLER ELEMENTARY,SAN DIEGO UNIFIED,1,6093256,68338
748,MIRA MESA COMMUNITY SCHOOL,,1,,
749,MIRA MESA HIGH,SAN DIEGO UNIFIED,1,3730181,68338
750,MIRA MESA PARK & REC,,0,,
751,MIRAMAR AIRSTATION CHILD YOUTH & TEEN CENTER,,0,,
752,MIRAMAR RANCH ELEMENTARY,SAN DIEGO UNIFIED,1,6069116,68338
753,MISSION BAY HIGH,SAN DIEGO UNIFIED,1,3734431,68338
754,MISSION COVE APARTMENTS,,0,,
755,MISSION ELEMENTARY,OCEANSIDE UNIFIED,1,6038871,73569
756,MISSION ESTANCIA ELEMENTARY,ENCINITAS UNION ELEMENTARY,1,6108534,68080
757,MISSION HILLS HIGH,SAN MARCOS UNIFIED,1,105726,73791
758,MISSION MEADOWS ELEMENTARY,VISTA UNIFIED,1,6110407,68452
759,MISSION MIDDLE,ESCONDIDO UNION,1,6038210,68098
760,MISSION MIDDLE SCHOOL X-TRACK,,0,,
761,MISSION VALLEY LC - AUDEO-ANNEX,,0,,
762,MISSION VISTA HIGH,VISTA UNIFIED,1,118430,68452
763,MITCHELL BRANCH,,,,
764,MONARCH,SAN DIEGO COUNTY OFFICE OF EDUCATION,1,120493,10371
765,MONARCH ELEMENTARY COMMUNITY DAY,,1,,
766,MONTE VISTA ELEMENTARY,VISTA UNIFIED,1,6040638,68452
767,MONTE VISTA HIGH,GROSSMONT UNION HIGH,1,3734548,68130
768,MONTECITO HIGH (CONTINUATION),RAMONA CITY UNIFIED,1,3735958,68304
769,MONTEREY HEIGHTS ELEMENTARY,LEMON GROVE,1,6038624,68205
770,MONTEREY RIDGE ELEMENTARY,POWAY UNIFIED,1,111187,68296
771,MONTEZUMA CDC,,0,,
772,MONTGOMERY (JOHN J.) ELEMENTARY,CHULA VISTA ELEMENTARY,1,6037915,68023
773,MONTGOMERY ADULT,SWEETWATER UNION HIGH,1,,
774,MONTGOMERY MIDDLE,SAN DIEGO UNIFIED,1,6059679,68338
775,MONTGOMERY MIDDLE,CAJON VALLEY UNION,1,6093207,67991
776,MONTGOMERY MIDDLE,SWEETWATER UNION HIGH,1,6070890,68411
777,MONTGOMERY SENIOR HIGH,SWEETWATER UNION HIGH,1,3738234,68411
778,MONTGOMERY WALLER RECREACTION CENTER,,0,,
779,MORNING CREEK ELEMENTARY,POWAY UNIFIED,1,6109318,68296
780,MORSE HIGH,SAN DIEGO UNIFIED,1,3734654,68338
781,MOSAICA ONLINE ACADEMY OF SOUTHERN CALIFORNIA,DEHESA ELEMENTARY,1,131169,68049
782,MOUNT MIGUEL HIGH,GROSSMONT UNION HIGH,1,3734761,68130
783,MOUNTAIN EMPIRE HIGH,MOUNTAIN EMPIRE UNIFIED,1,3734878,68213
784,MOUNTAIN EMPIRE SPECIAL EDUCATION PRESCHOOL,MOUNTAIN EMPIRE UNIFIED,1,,
785,MOUNTAIN REGION COURT (JUVENILE RANCH FACILITY),,0,,
786,MOUNTAIN VALLEY ACADEMY,RAMONA CITY UNIFIED,1,131250,68304
787,MOUNTAIN VIEW COMMUNITY CENTER,,0,,
788,MOUNTAIN VIEW LEARNING ACADEMY,ALPINE UNION ELEMENTARY,1,6109953,67967
789,MT. CARMEL HIGH,POWAY UNIFIED,1,3730074,68296
790,MT. ERIE BAPTIST CHURCH,,0,,
791,MT. ERIE CHRISTIAN ACADEMY,,,,
792,MT. EVEREST ACADEMY,SAN DIEGO UNIFIED,1,3730751,68338
793,MT. MIGUEL ADULT CENTER,GROSSMONT UNION HIGH,1,,
794,MT. VERNON,LEMON GROVE,1,6038632,68205
795,MT. WOODSON ELEMENTARY,RAMONA CITY UNIFIED,1,6107999,68304
796,MUELLER CHARTER (ROBERT L.),CHULA VISTA ELEMENTARY,1,6037980,68023
797,MUIRLANDS MIDDLE,SAN DIEGO UNIFIED,1,6059687,68338
798,MURAOKA (SABURO) ELEMENTARY,CHULA VISTA ELEMENTARY,1,135277,68023
799,MURDOCK ELEMENTARY,LA MESA-SPRING VALLEY,1,6070833,68197
800,MURPHY CANYON KID CONNECTION,,0,,
801,MURPHY CANYON YOUTH CENTER,,0,,
802,MURRAY MANOR ELEMENTARY,LA MESA-SPRING VALLEY,1,6038533,68197
803,MUSEUM,SAN DIEGO UNIFIED,1,6115570,68338
804,NARANCA ELEMENTARY,CAJON VALLEY UNION,1,6037725,67991
805,NATIONAL CITY ADULT,SWEETWATER UNION HIGH,1,,
806,NATIONAL CITY MIDDLE,SWEETWATER UNION HIGH,1,6059794,68411
807,NATIONAL CITY POLICA DEPATMENT RESOURCE CENTER,,0,,
808,NATIONAL SCHOOL DISTRICT PRESCHOOL,NATIONAL ELEMENTARY,1,,
809,NATIONAL UNIVERSITY ACADEMY,LAKESIDE UNION ELEMENTARY,1,118323,68189
810,NATIONAL UNIVERSITY ACADEMY 1001 STEAM,SAN DIEGO UNIFIED,1,137802,68338
811,NATIONAL UNIVERSITY ACADEMY DUAL LANGUAGE INSTITUTE,SAN DIEGO COUNTY OFFICE OF EDUCATION,1,138594,10371
812,NATIONAL UNIVERSITY ACADEMY SPARROW,LA MESA-SPRING VALLEY,1,136408,68197
813,NATIVITY PREP ACADEMY,,1,,
814,"NBVC YOUTH CENTER, POINT MUGU",,0,,
815,"NBVC YOUTH CENTER, PORT HUENEME",,0,,
816,NESTOR LANGUAGE ACADEMY CHARTER,SOUTH BAY UNION,1,6040513,68395
817,"NEW ALTERNATIVE, INC.",,,,
818,NEW ALTERNATIVES #17,,,,
819,NEW ALTERNATIVES INC. #18,,,,
820,"NEW ALTERNATIVES, #15",,,,
821,"NEW ALTERNATIVES, INC #5",,,,
822,"NEW ALTERNATIVES, INC.",,,,
823,"NEW ALTERNATIVES, INC. #16",,,,
824,NEW HAVEN SCHOOL,,1,,
825,NEW HAVEN YOUTH AND FAMILY SERVICES,,0,,
826,NEW HAVEN-CONNIE GAYLE,,0,,
827,NEW HAVEN-DEBRA LANE,,0,,
828,NEW HAVEN-DURIAN HOUSE,,0,,
829,NEW HAVEN-LUPE HOUSE,,0,,
830,NEW HAVEN-MEADOWLAKE,,0,,
831,NEW HAVEN-PINA LANE,,0,,
832,NEW HAVEN-TEEN HOUSE,,0,,
833,NEW HAVEN-THOMSON HOUSE,,0,,
834,NEW SEASONS CHURCH,,0,,
835,NEW SEASONS EL CAJON,,0,,
836,NEW VISION CHRISTIAN FELLOWSHIP,,0,,
837,NICHOLS ELEMENTARY,OCEANSIDE UNIFIED,1,6119713,73569
838,NICOLAYSEN COMMUNITY DAY,ESCONDIDO UNION,1,111526,68098
839,"NONPUBLIC, NONSECTARIAN SCHOOLS",BONSALL UNIFIED,1,1,76851
840,"NONPUBLIC, NONSECTARIAN SCHOOLS",CAJON VALLEY UNION,1,1,67991
841,"NONPUBLIC, NONSECTARIAN SCHOOLS",CARDIFF ELEMENTARY,1,1,68007
842,"NONPUBLIC, NONSECTARIAN SCHOOLS",CARLSBAD UNIFIED,1,1,73551
843,"NONPUBLIC, NONSECTARIAN SCHOOLS",CHULA VISTA ELEMENTARY,1,1,68023
844,"NONPUBLIC, NONSECTARIAN SCHOOLS",CORONADO UNIFIED,1,1,68031
845,"NONPUBLIC, NONSECTARIAN SCHOOLS",DEL MAR UNION ELEMENTARY,1,1,68056
846,"NONPUBLIC, NONSECTARIAN SCHOOLS",ENCINITAS UNION ELEMENTARY,1,1,68080
847,"NONPUBLIC, NONSECTARIAN SCHOOLS",ESCONDIDO UNION HIGH,1,1,68106
848,"NONPUBLIC, NONSECTARIAN SCHOOLS",FALLBROOK UNION ELEMENTARY,1,1,68114
849,"NONPUBLIC, NONSECTARIAN SCHOOLS",FALLBROOK UNION HIGH,1,1,68122
850,"NONPUBLIC, NONSECTARIAN SCHOOLS",GROSSMONT UNION HIGH,1,1,68130
851,"NONPUBLIC, NONSECTARIAN SCHOOLS",JAMUL-DULZURA UNION ELEMENTARY,1,1,68155
852,"NONPUBLIC, NONSECTARIAN SCHOOLS",JULIAN UNION ELEMENTARY,1,1,68163
853,"NONPUBLIC, NONSECTARIAN SCHOOLS",JULIAN UNION HIGH,1,1,68171
854,"NONPUBLIC, NONSECTARIAN SCHOOLS",LA MESA-SPRING VALLEY,1,1,68197
855,"NONPUBLIC, NONSECTARIAN SCHOOLS",LAKESIDE UNION ELEMENTARY,1,1,68189
856,"NONPUBLIC, NONSECTARIAN SCHOOLS",LEMON GROVE,1,1,68205
857,"NONPUBLIC, NONSECTARIAN SCHOOLS",MOUNTAIN EMPIRE UNIFIED,1,1,68213
858,"NONPUBLIC, NONSECTARIAN SCHOOLS",NATIONAL ELEMENTARY,1,1,68221
859,"NONPUBLIC, NONSECTARIAN SCHOOLS",OCEANSIDE UNIFIED,1,1,73569
860,"NONPUBLIC, NONSECTARIAN SCHOOLS",POWAY UNIFIED,1,1,68296
861,"NONPUBLIC, NONSECTARIAN SCHOOLS",RAMONA CITY UNIFIED,1,1,68304
862,"NONPUBLIC, NONSECTARIAN SCHOOLS",SAN DIEGO UNIFIED,1,1,68338
863,"NONPUBLIC, NONSECTARIAN SCHOOLS",SAN DIEGUITO UNION HIGH,1,1,68346
864,"NONPUBLIC, NONSECTARIAN SCHOOLS",SAN MARCOS UNIFIED,1,1,73791
865,"NONPUBLIC, NONSECTARIAN SCHOOLS",SAN YSIDRO ELEMENTARY,1,1,68379
866,"NONPUBLIC, NONSECTARIAN SCHOOLS",SANTEE,1,1,68361
867,"NONPUBLIC, NONSECTARIAN SCHOOLS",SOUTH BAY UNION,1,1,68395
868,"NONPUBLIC, NONSECTARIAN SCHOOLS",SWEETWATER UNION HIGH,1,1,68411
869,"NONPUBLIC, NONSECTARIAN SCHOOLS",VALLEY CENTER-PAUMA UNIFIED,1,1,75614
870,"NONPUBLIC, NONSECTARIAN SCHOOLS",VISTA UNIFIED,1,1,68452
871,NORMAL HEIGHTS ELEMENTARY,SAN DIEGO UNIFIED,1,111864,68338
872,NORMAN L. SULLIVAN MIDDLE,BONSALL UNIFIED,1,6108567,76851
873,NORTH BROADWAY ELEMENTARY,ESCONDIDO UNION,1,6102750,68098
874,NORTH CLAIREMONT PARK & REC CENTER,,0,,
875,NORTH COAST ALTERNATIVE HIGH,SAN DIEGUITO UNION HIGH,1,3730769,68346
876,NORTH COAST PROJECT OZ,,0,,
877,NORTH COASTAL CONSORTIUM SCHOOLS,SAN DIEGO COUNTY OFFICE OF EDUCATION,1,1996545,10371
878,NORTH COUNTY BOYS AND GIRLS CLUB,,0,,
879,NORTH COUNTY HEALTH SERVICES RAMONA HEALTH CENTER,,0,,
880,NORTH COUNTY HEALTH SERVICES SAN MARCOS,,0,,
881,NORTH COUNTY TECH & SCIENCE ACADEMY (NCTSA),,1,,
882,NORTH COUNTY TRADE TECH HIGH,VISTA UNIFIED,1,114264,68452
883,NORTH PARK 1 2 AND 3-ANNEX,,1,,
884,NORTH PARK REC CENTER,,0,,
885,NORTH REGION COMMUNITY DAY SCHOOLS,,1,,
886,NORTH TERRACE ELEMENTARY,OCEANSIDE UNIFIED,1,6038889,73569
887,NORTHGATE-ANNEX,,0,,
888,NORTHMONT ELEMENTARY,LA MESA-SPRING VALLEY,1,6038541,68197
889,NOT MATCHED,NOT MATCHED,,,
890,NU-WAY INTERNATIONAL CHRISTIAN MINISTRIES,,,,
891,NYE ELEMENTARY,SAN DIEGO UNIFIED,1,6112478,68338
892,OAK CREST MIDDLE,SAN DIEGUITO UNION HIGH,1,6059737,68346
893,OAK GLEN HIGH,VALLEY CENTER-PAUMA UNIFIED,1,3731312,75614
894,OAK GROVE MIDDLE,JAMUL-DULZURA UNION ELEMENTARY,1,6097182,68155
895,OAK HILL ELEMENTARY,ESCONDIDO UNION,1,6038244,68098
896,OAK PARK ELEMENTARY,SAN DIEGO UNIFIED,1,6040026,68338
897,OAK VALLEY MIDDLE,POWAY UNIFIED,1,108332,68296
898,OAKHILL PRESCHOOL,,1,,
899,OASIS HIGH (ALTERNATIVE),FALLBROOK UNION HIGH,1,3730967,68122
900,OCEAN AIR,DEL MAR UNION ELEMENTARY,1,114686,68056
901,OCEAN BEACH ELEMENTARY,SAN DIEGO UNIFIED,1,6040034,68338
902,OCEAN DISCOVERY HOOVER HIGH,,0,,
903,OCEAN KNOLL ELEMENTARY,ENCINITAS UNION ELEMENTARY,1,6038152,68080
904,OCEAN SHORES HIGH (CONTINUATION),OCEANSIDE UNIFIED,1,3739026,73569
905,OCEAN VIEW HILLS,SAN YSIDRO ELEMENTARY,1,6119341,68379
906,OCEANSIDE HIGH,OCEANSIDE UNIFIED,1,3735206,73569
907,OFARRELL COMMUNITY SCHOOL,,0,,
908,OLD TOWN ACADEMY K-8 CHARTER,SAN DIEGO UNIFIED,1,123778,68338
909,OLIVE ELEMENTARY,VISTA UNIFIED,1,6040646,68452
910,OLIVE PEIRCE MIDDLE,RAMONA CITY UNIFIED,1,6105563,68304
911,OLIVENHAIN PIONEER ELEMENTARY,ENCINITAS UNION ELEMENTARY,1,6112445,68080
912,OLIVEWOOD,NATIONAL ELEMENTARY,1,6038806,68221
913,OLYMPIAN HIGH,SWEETWATER UNION HIGH,1,111831,68411
914,OLYMPIC VIEW ELEMENTARY,CHULA VISTA ELEMENTARY,1,6113021,68023
915,ONEONTA ELEMENTARY,SOUTH BAY UNION,1,6040521,68395
916,OPTIONS SECONDARY,SWEETWATER UNION HIGH,1,3731155,68411
917,ORANGE GLEN ELEMENTARY,ESCONDIDO UNION,1,6038947,68098
918,ORANGE GLEN HIGH,ESCONDIDO UNION HIGH,1,3735313,68106
919,OTAY ELEMENTARY,CHULA VISTA ELEMENTARY,1,6095038,68023
920,OTAY RANCH SENIOR HIGH,SWEETWATER UNION HIGH,1,3731627,68411
921,OTAY RECREATION CENTER,,0,,
922,OTAY-NESTOR BRANCH LIBRARY,,,,
923,OUR LADY OF THE SACRED HEART,,1,,
924,OXFORD PREPARATORY ACADEMY,BORREGO SPRINGS UNIFIED,1,128579,67983
925,OXFORD PREPARATORY ACADEMY - SAN DIEGO COUNTY,BORREGO SPRINGS UNIFIED,1,,
926,OZ-SAN DIEGO,,0,,
927,PACIFIC AMERICAN ACADEMY,,1,,
928,PACIFIC BEACH ELEMENTARY,SAN DIEGO UNIFIED,1,6040042,68338
929,PACIFIC BEACH LC - AUDEO-ANNEX,,1,,
930,PACIFIC BEACH MIDDLE,SAN DIEGO UNIFIED,1,6059695,68338
931,PACIFIC BEACH PARK & REC CENTER,,0,,
932,PACIFIC COAST ACADEMY,DEHESA ELEMENTARY,1,136416,68049
933,PACIFIC RIM ELEMENTARY,CARLSBAD UNIFIED,1,6116578,73551
934,PACIFIC SPRINGS CHARTER,SAN DIEGO COUNTY OFFICE OF EDUCATION,1,138016,10371
935,PACIFIC TRAILS MIDDLE,SAN DIEGUITO UNION HIGH,1,131649,68346
936,PACIFIC VIEW CHARTER,OCEANSIDE UNIFIED,1,3731221,73569
937,PACIFIC VIEW LEADERSHIP ELEMENTARY,SAN DIEGO UNIFIED,1,6039861,68338
938,PACIFIC VILLAGE,,,,
939,PAINTED ROCK ELEMENTARY,POWAY UNIFIED,1,6085088,68296
940,PALA SPORTS COMPLEX,,0,,
941,PALM ACADEMY FOR LEARNING,CORONADO UNIFIED,1,3731122,68031
942,PALM CANYON CONTINUATION HIGH,BORREGO SPRINGS UNIFIED,1,3731098,67983
943,PALMER WAY,NATIONAL ELEMENTARY,1,6038814,68221
944,PALMQUIST ELEMENTARY,OCEANSIDE UNIFIED,1,6038897,73569
945,PALOMA ELEMENTARY,SAN MARCOS UNIFIED,1,6108872,73791
946,PALOMAR ELEMENTARY,CHULA VISTA ELEMENTARY,1,6037972,68023
947,PALOMAR FAMILY YMCA,,0,,
948,PALOMAR HIGH,SWEETWATER UNION HIGH,1,3732047,68411
949,PALOMAR YMCA,,0,,
950,PARADISE HILLS ELEMENTARY,SAN DIEGO UNIFIED,1,6040059,68338
951,PARADISE HILLS REC CENTER,,0,,
952,PARADISE VALLEY CHARTER SCHOOL-ANNEX,,,,
953,PARK DALE LANE ELEMENTARY,ENCINITAS UNION ELEMENTARY,1,6095046,68080
954,PARK DE LA CRUZ,,0,,
955,PARK IN THE PARK,,0,,
956,PARK TERRACE-ANNEX,,0,,
957,PARK VILLAGE ELEMENTARY,POWAY UNIFIED,1,6111314,68296
958,PARKVIEW ELEMENTARY,CHULA VISTA ELEMENTARY,1,6066971,68023
959,PARKWAY MIDDLE,LA MESA-SPRING VALLEY,1,6038558,68197
960,PATHWAYS ACADEMY CHARTER,BONSALL UNIFIED,1,132886,76851
961,PAUL ECKE-CENTRAL ELEMENTARY,ENCINITAS UNION ELEMENTARY,1,6038145,68080
962,PAUMA ELEMENTARY,VALLEY CENTER-PAUMA UNIFIED,1,6038962,75614
963,PAYNE FAMILY BRANCH (FORMERLY NATIONAL CITY BRANCH),,0,,
964,PENN ATHLETIC FIELD,,0,,
965,PENN ELEMENTARY,SAN DIEGO UNIFIED,1,6077317,68338
966,PEPPER DRIVE ELEMENTARY,SANTEE,1,6040372,68361
967,PERKINS K-8,SAN DIEGO UNIFIED,1,6039929,68338
968,PERRY ELEMENTARY,SAN DIEGO UNIFIED,1,6040067,68338
969,PERSHING MIDDLE,SAN DIEGO UNIFIED,1,6061972,68338
970,PHOENIX HIGH,GROSSMONT UNION HIGH,1,,
971,PHOENIX HOUSE SAN DIEGO INC.,,0,,
972,PINE SUMMIT CAMP AND CONFERENCE CENTER,,0,,
973,PINE VALLEY MIDDLE,MOUNTAIN EMPIRE UNIFIED,1,127001,68213
974,PIONEER ELEMENTARY,ESCONDIDO UNION,1,6110381,68098
975,PIONEER PRESCHOOL,,1,,
976,PIVOT CHARTER SCHOOL - SAN DIEGO,MOUNTAIN EMPIRE UNIFIED,1,123240,68213
977,PIVOT CHARTER SCHOOL - SAN DIEGO II,SAN MARCOS UNIFIED,1,138222,73791
978,POINSETTIA ELEMENTARY,CARLSBAD UNIFIED,1,113498,73551
979,POINT LOMA HIGH,SAN DIEGO UNIFIED,1,3735750,68338
980,POMERADO ELEMENTARY,POWAY UNIFIED,1,6039002,68296
981,PORTER ELEMENTARY,SAN DIEGO UNIFIED,1,108274,68338
982,PORTER ELEMENTARY (NORTH CAMPUS) -ANNEX,,1,,
983,PORTER NORTH ELEMENTARY SUMMER,,0,,
984,POTRERO ELEMENTARY,MOUNTAIN EMPIRE UNIFIED,1,6097190,68213
985,POWAY ADULT,POWAY UNIFIED,1,,
986,POWAY HIGH,POWAY UNIFIED,1,3735867,68296
987,PREUSS SCHOOL UCSD,SAN DIEGO UNIFIED,1,3731189,68338
988,PRIDE ACADEMY AT PROSPECT AVENUE,SANTEE,1,6040380,68361
989,PROJECT ACCESS,,0,,
990,PROJECT SELF SUFFICIENCY TREATMENT,,0,,
991,PROSPECT PRESCHOOL,,1,,
992,QUANTUM ACADEMY,ESCONDIDO UNION,1,131813,68098
993,QUEST ACADEMY,LA MESA-SPRING VALLEY,1,115543,68197
994,R. ROGER ROWE ELEMENTARY,RANCHO SANTA FE ELEMENTARY,1,6039051,68312
995,R. ROGER ROWE MIDDLE,RANCHO SANTA FE ELEMENTARY,1,6070908,68312
996,RAI ONLINE CHARTER,VALLECITOS ELEMENTARY,1,101220,68437
997,RAMONA ADULT,RAMONA CITY UNIFIED,1,,
998,RAMONA BRANCH,,0,,
999,RAMONA BRANCH LIBRARY,,0,,
1000,RAMONA COMMUNITY,RAMONA CITY UNIFIED,1,131268,68304
1001,RAMONA ELEMENTARY,RAMONA CITY UNIFIED,1,6039036,68304
1002,RAMONA HIGH,RAMONA CITY UNIFIED,1,3735974,68304
1003,RANCHO BERNARDO HIGH,POWAY UNIFIED,1,3730819,68296
1004,RANCHO BUENA VISTA HIGH,VISTA UNIFIED,1,3730728,68452
1005,RANCHO DE LA NACION,NATIONAL ELEMENTARY,1,6108559,68221
1006,RANCHO DEL REY MIDDLE,SWEETWATER UNION HIGH,1,6114276,68411
1007,RANCHO ELEMENTARY,LA MESA-SPRING VALLEY,1,6038566,68197
1008,RANCHO MINERVA MIDDLE,VISTA UNIFIED,1,6059802,68452
1009,RANCHO SAN DIEGO ELEMENTARY,CAJON VALLEY UNION,1,6106025,67991
1010,REACH ACADEMY,GROSSMONT UNION HIGH,1,128819,68130
1011,REDDING (RAY) HIGH (CONTINUATION),JULIAN UNION HIGH,1,3730835,68171
1012,REFLECTIONS,,0,,
1013,REFLECTIONS CENTRAL SCHOOL,,1,,
1014,REFLECTIONS NORTH,,1,,
1015,REIDY CREEK ELEMENTARY,ESCONDIDO UNION,1,107862,68098
1016,RENETTE PARK COMMUNITY CENTER,,0,,
1017,REYNOLDS ELEMENTARY,OCEANSIDE UNIFIED,1,6106546,73569
1018,RICE (LILIAN J.) ELEMENTARY,CHULA VISTA ELEMENTARY,1,6037931,68023
1019,RICHLAND ELEMENTARY,SAN MARCOS UNIFIED,1,6039077,73791
1020,RILEY/NEW DAWN,SAN DIEGO UNIFIED,1,6040083,68338
1021,RINCON BALL FIELDS,,0,,
1022,RINCON MIDDLE,ESCONDIDO UNION,1,6105944,68098
1023,RIO SECO ELEMENTARY,SANTEE,1,6085153,68361
1024,RIOS ELEMENTARY,CAJON VALLEY UNION,1,6037733,67991
1025,RIVER VALLEY CHARTER,LAKESIDE UNION ELEMENTARY,1,3731072,68189
1026,RIVERVIEW ELEMENTARY,LAKESIDE UNION ELEMENTARY,1,6038384,68189
1027,ROBERT EGGER SR. SOUTH BAY RECREATION CENTER,,0,,
1028,ROCK SPRINGS ELEMENTARY,ESCONDIDO UNION,1,6111769,68098
1029,RODRIGUEZ ELEMENTARY,SAN DIEGO UNIFIED,1,114033,68338
1030,ROGERS (GREG) ELEMENTARY,CHULA VISTA ELEMENTARY,1,6037857,68023
1031,ROHR (FRED H.) ELEMENTARY,CHULA VISTA ELEMENTARY,1,6037840,68023
1032,ROLANDO ELEMENTARY,LA MESA-SPRING VALLEY,1,6038574,68197
1033,ROLANDO PARK ELEMENTARY,SAN DIEGO UNIFIED,1,6040091,68338
1034,ROLLING HILLS ELEMENTARY,POWAY UNIFIED,1,6097208,68296
1035,RON ROBERTS BRANCH (FORMERLY LINDA VISTA BRANCH),,0,,
1036,ROOSEVELT INTERNATIONAL MIDDLE,SAN DIEGO UNIFIED,1,6059703,68338
1037,ROOSEVELT MIDDLE,VISTA UNIFIED,1,6107577,68452
1038,ROOSEVELT MIDDLE SUMMER,,0,,
1039,ROSA PARKS ELEMENTARY,SAN DIEGO UNIFIED,1,6114375,68338
1040,ROSE ELEMENTARY,ESCONDIDO UNION,1,6038251,68098
1041,ROSE PRESCHOOL,,1,,
1042,ROSEBANK ELEMENTARY,CHULA VISTA ELEMENTARY,1,6037998,68023
1043,ROSS ELEMENTARY,SAN DIEGO UNIFIED,1,6040109,68338
1044,ROWAN CDC,,0,,
1045,ROWAN ELEMENTARY,SAN DIEGO UNIFIED,1,6040117,68338
1046,S.D.C.F.C.-SAN DIEGO CENTER FOR CHILDREN,,0,,
1047,SAGE CANYON,DEL MAR UNION ELEMENTARY,1,6117923,68056
1048,SAGE CREEK HIGH,CARLSBAD UNIFIED,1,127423,73551
1049,SAILS,,,,
1050,SALT CREEK ELEMENTARY,CHULA VISTA ELEMENTARY,1,105965,68023
1051,SALVATION ARMY KROC CENTER,,0,,
1052,SAM AND ROSE STEIN EDUCATION CENTER,,0,,
1053,SAM AND ROSE STEIN EDUCATION CENTER-DECENA SITE,,0,,
1054,SAN ALTOS ELEMENTARY,LEMON GROVE,1,6038657,68205
1055,SAN DIEGO ADULT,SAN DIEGO UNIFIED,1,,
1056,SAN DIEGO BUSINESS/LEADERSHIP,SAN DIEGO UNIFIED,0,107052,68338
1057,SAN DIEGO CENTER FOR CHILDREN,,0,,
1058,SAN DIEGO CONTINUING EDUCATION,SAN DIEGO COMMUNITY COLLEGE,1,,
1059,SAN DIEGO COOPERATIVE CHARTER,SAN DIEGO UNIFIED,1,6119168,68338
1060,SAN DIEGO COOPERATIVE CHARTER SCHOOL 2,SAN DIEGO UNIFIED,1,127654,68338
1061,SAN DIEGO COUNTY COMMUNITY,SAN DIEGO COUNTY OFFICE OF EDUCATION,1,128520,10371
1062,SAN DIEGO COUNTY COURT,SAN DIEGO COUNTY OFFICE OF EDUCATION,0,128538,10371
1063,SAN DIEGO COUNTY ROP,SAN DIEGO COUNTY ROP,1,,
1064,SAN DIEGO COUNTY SPECIAL EDUCATION,SAN DIEGO COUNTY OFFICE OF EDUCATION,1,6069355,10371
1065,SAN DIEGO EARLY/MIDDLE COLLEGE,SAN DIEGO UNIFIED,1,118315,68338
1066,SAN DIEGO GLOBAL VISION ACADEMY,SAN DIEGO UNIFIED,1,121681,68338
1067,SAN DIEGO GLOBAL VISION ACADEMY MIDDLE,SAN DIEGO UNIFIED,1,125583,68338
1068,SAN DIEGO INTERNATIONAL STUDIES,SAN DIEGO UNIFIED,1,107029,68338
1069,SAN DIEGO METRO CAREER AND TECH,SAN DIEGO UNIFIED,1,107482,68338
1070,SAN DIEGO MISSION ACADEMY,WARNER UNIFIED,1,,
1071,SAN DIEGO MVP ARTS,SAN DIEGO UNIFIED,1,107060,68338
1072,SAN DIEGO NEIGHBORHOOD HOMESCHOOLS,MOUNTAIN EMPIRE UNIFIED,1,119560,68213
1073,SAN DIEGO SCIENCE AND TECHNOLOGY,SAN DIEGO UNIFIED,1,107219,68338
1074,SAN DIEGO SCPA,SAN DIEGO UNIFIED,1,3730371,68338
1075,SAN DIEGO VIRTUAL,MOUNTAIN EMPIRE UNIFIED,1,123224,68213
1076,SAN DIEGO WORKFORCE INNOVATION HIGH,BORREGO SPRINGS UNIFIED,1,134890,67983
1077,SAN DIEGO YOUTH AQUATIC CENTER,,0,,
1078,SAN DIEGO YOUTH SERVICES,,0,,
1079,SAN DIEGUITO ADULT HIGH,SAN DIEGUITO UNION HIGH,1,,
1080,SAN DIEGUITO HIGH ACADEMY,SAN DIEGUITO UNION HIGH,1,3737418,68346
1081,SAN DIEGUITO HS ACADEMY,SAN DIEGUITO UNION HIGH,1,,
1082,SAN ELIJO ELEMENTARY,SAN MARCOS UNIFIED,1,111468,73791
1083,SAN ELIJO MIDDLE,SAN MARCOS UNIFIED,1,105684,73791
1084,SAN JOSE VALLEY CONTINUATION HIGH,WARNER UNIFIED,1,3731015,75416
1085,SAN LUIS REY ELEMENTARY,OCEANSIDE UNIFIED,1,6038905,73569
1086,SAN MARCOS ADULT,SAN MARCOS UNIFIED,1,,
1087,SAN MARCOS ELEMENTARY,SAN MARCOS UNIFIED,1,6039085,73791
1088,SAN MARCOS HIGH,SAN MARCOS UNIFIED,1,3737632,73791
1089,SAN MARCOS MIDDLE,SAN MARCOS UNIFIED,1,6039093,73791
1090,SAN MIGUEL ELEMENTARY,LEMON GROVE,1,6038665,68205
1091,SAN ONOFRE ELEMENTARY,FALLBROOK UNION ELEMENTARY,1,6096515,68114
1092,SAN PASQUAL ACADEMY,SAN DIEGO COUNTY OFFICE OF EDUCATION,1,115998,10371
1093,SAN PASQUAL BALLFIELDS,,0,,
1094,SAN PASQUAL HIGH,ESCONDIDO UNION HIGH,1,3730058,68106
1095,SAN PASQUAL UNION ELEMENTARY,SAN PASQUAL UNION ELEMENTARY,1,6040331,68353
1096,SAN YSIDRO ADULT EDUCATION CENTER,,0,,
1097,SAN YSIDRO COMMUNITY ACTIVITY CENTER,,0,,
1098,SAN YSIDRO HIGH,SWEETWATER UNION HIGH,1,3731502,68411
1099,SAN YSIDRO MIDDLE,SAN YSIDRO ELEMENTARY,1,6098453,68379
1100,SANDBURG ELEMENTARY,SAN DIEGO UNIFIED,1,6089049,68338
1101,SANTA MARGARITA ACADEMY,FALLBROOK UNION ELEMENTARY,1,115519,68114
1102,SANTA MARGARITA ELEMENTARY,OCEANSIDE UNIFIED,1,6038913,73569
1103,SANTA ROSA COMMUNITY DAY,BORREGO SPRINGS UNIFIED,1,,
1104,SANTA YSABEL BALL FIELDS,,0,,
1105,SANTANA ADULT CENTER,GROSSMONT UNION HIGH,1,,
1106,SANTANA HIGH,GROSSMONT UNION HIGH,1,3737905,68130
1107,SANTEE ALTERNATIVE,SANTEE,1,6111041,68361
1108,SANTEE ASES PROGRAM,,0,,
1109,SANTEE RECREATION CENTER,,0,,
1110,SANTEE SUCCESS PROGRAM,SANTEE,1,6120190,68361
1111,SCHOLARSHIP PREP - OCEANSIDE,SAN DIEGO COUNTY OFFICE OF EDUCATION,1,136085,10371
1112,SCHOOL FOR ENTREPRENEURSHIP AND TECHNOLOGY,SAN DIEGO UNIFIED,1,122788,68338
1113,SCHOOL OF UNIVERSAL LEARNING (SOUL),SAN DIEGO COUNTY OFFICE OF EDUCATION,1,136192,10371
1114,"SCIENCE, TECHNOLOGY, ENGINEERING, ARTS, AND MATH ACADEMY AT LA PRESA",LA MESA-SPRING VALLEY,1,132431,68197
1115,SCRIPPS ELEMENTARY,SAN DIEGO UNIFIED,1,6119135,68338
1116,SCRIPPS RANCH HIGH,SAN DIEGO UNIFIED,1,3730884,68338
1117,SD GLOBAL VISION ACADEMY,SAN DIEGO UNIFIED,1,121681,68338
1118,SDCOE SUMMIT,,0,,
1119,SDSU UPWARD BOUND,,0,,
1120,SDSU UPWARD BOUND STAR,,0,,
1121,SECOND CHANCE INDEPENDENT STUDY,,,,
1122,SEQUOIA ELEMENTARY,SAN DIEGO UNIFIED,1,6040133,68338
1123,SERRA HIGH,SAN DIEGO UNIFIED,1,3730173,68338
1124,SERRA MESA PARK & REC,,0,,
1125,SESSIONS ELEMENTARY,SAN DIEGO UNIFIED,1,6040141,68338
1126,SEVICK SPECIAL EDUCATION,,0,,
1127,SHADOW HILLS ELEMENTARY,ALPINE UNION ELEMENTARY,1,6106256,67967
1128,SHERMAN ELEMENTARY,SAN DIEGO UNIFIED,1,6040158,68338
1129,SHERMAN HEIGHTS COMMUNITY CENTER,,0,,
1130,SHOAL CREEK ELEMENTARY,POWAY UNIFIED,1,6114854,68296
1131,SIATECH,VISTA UNIFIED,1,106120,68452
1132,SILVER GATE ELEMENTARY,SAN DIEGO UNIFIED,1,6040166,68338
1133,SILVER STRAND ELEMENTARY,CORONADO UNIFIED,1,6038087,68031
1134,SILVER WING ELEMENTARY,CHULA VISTA ELEMENTARY,1,6038004,68023
1135,SILVER WING RECREATION CENTER,,0,,
1136,SKYLINE ELEMENTARY,SOLANA BEACH ELEMENTARY,1,6040455,68387
1137,SKYLINE HILLS REC CENTER,,0,,
1138,SMYTHE ELEMENTARY,SAN YSIDRO ELEMENTARY,1,6085146,68379
1139,SOLANA HIGHLANDS ELEMENTARY,SOLANA BEACH ELEMENTARY,1,6106140,68387
1140,SOLANA PACIFIC ELEMENTARY,SOLANA BEACH ELEMENTARY,1,105825,68387
1141,SOLANA RANCH ELEMENTARY,SOLANA BEACH ELEMENTARY,1,129049,68387
1142,SOLANA SANTA FE ELEMENTARY,SOLANA BEACH ELEMENTARY,1,6111181,68387
1143,SOLANA VISTA ELEMENTARY,SOLANA BEACH ELEMENTARY,1,6070882,68387
1144,SORRENTO MESA LC - AUDEO CHARTER -ANNEX,,0,,
1145,SOUTH BAY COMMUNITY SCHOOL,,1,,
1146,SOUTH BAY COUNTY BLENDED COMM SCHOOL,,1,,
1147,SOUTH CLAIREMONT PARK & REC,,0,,
1148,SOUTH CREST REC CENTER,,0,,
1149,SOUTH OCEANSIDE ELEMENTARY,OCEANSIDE UNIFIED,1,6038921,73569
1150,SOUTH REGION COMMUNITY DAY SCHOOLS,,1,,
1151,SOUTHLAND BLENDED COMM SCHOOL,,1,,
1152,SOUTHWEST MIDDLE,SWEETWATER UNION HIGH,1,6062012,68411
1153,SOUTHWEST SENIOR HIGH,SWEETWATER UNION HIGH,1,3730124,68411
1154,SPECIAL EDUCATION PRESCHOOL,CHULA VISTA ELEMENTARY,1,,
1155,SPECIAL EDUCATION TRANSITION CLASS,,0,,
1156,SPENCER VALLEY ELEMENTARY,SPENCER VALLEY ELEMENTARY,1,6040554,68403
1157,SPORTS PARK OF IMPERIAL BEACH,,0,,
1158,SPORTS PARK RECREATION CENTER,,0,,
1159,SPORTS SCIENCE ACADEMY,,1,,
1160,SPRECKELS ELEMENTARY,SAN DIEGO UNIFIED,1,6040174,68338
1161,SPRING VALLEY ACADEMY,LA MESA-SPRING VALLEY,1,134155,68197
1162,SPRING VALLEY COMMUNITY CENTER,,0,,
1163,SPRING VALLEY LIBRARY,,0,,
1164,SPRING VALLEY MIDDLE,LA MESA-SPRING VALLEY,1,6038590,68197
1165,SPRING VALLEY REC CLUB,,0,,
1166,SPRINGALL ACADEMY,,1,,
1167,ST. DIDACUS  SCHOOL,,1,,
1168,ST. DIDACUS PARISH SCHOOL,,1,,
1169,ST. JOHN OF THE CROSS,,1,,
1170,ST. MARTIN OF TOURS ACADEMY,,1,,
1171,ST. MICHAEL'S SCHOOL,,1,,
1172,ST. PATRICK CATHOLIC SCHOOL,,1,,
1173,ST. PATRICK'S ELEMENTARY,,1,,
1174,ST. RITA'S SCHOOL,,1,,
1175,STANDLEY MIDDLE,SAN DIEGO UNIFIED,1,6096598,68338
1176,STEELE CANYON ADULT CENTER,GROSSMONT UNION HIGH,1,,
1177,STEELE CANYON HIGH,GROSSMONT UNION HIGH,1,3731262,68130
1178,STEP PROGRAM,,,,
1179,STEPHEN W. HAWKING CHARTER,SWEETWATER UNION HIGH,1,126086,68411
1180,"STEPHEN W. HAWKING II SCIENCE, TECHNOLOGY, ENGINEERING, ART AND MATH CHARTER",SWEETWATER UNION HIGH,1,128082,68411
1181,STEPS,,0,,
1182,STOCKTON REC CENTER,,0,,
1183,STONE RANCH ELEMENTARY,POWAY UNIFIED,1,102822,68296
1184,STUART MESA ELEMENTARY,OCEANSIDE UNIFIED,1,6115299,73569
1185,SULPIZIO FAMILY BRANCH,,0,,
1186,SUMMIT NORTH,,0,,
1187,SUNDANCE ELEMENTARY,POWAY UNIFIED,1,6099444,68296
1188,SUNNYSIDE ELEMENTARY,CHULA VISTA ELEMENTARY,1,6038012,68023
1189,SUNNYSLOPE ELEMENTARY,SOUTH BAY UNION,1,6040539,68395
1190,SUNSET ELEMENTARY,SAN YSIDRO ELEMENTARY,1,6093264,68379
1191,SUNSET HIGH (CONTINUATION),SAN DIEGUITO UNION HIGH,1,3737384,68346
1192,SUNSET HILLS ELEMENTARY,POWAY UNIFIED,1,6093231,68296
1193,SUNSET VIEW ELEMENTARY,SAN DIEGO UNIFIED,1,6040208,68338
1194,SWEETWATER COMMUNITY DAY,SWEETWATER UNION HIGH,1,6117154,68411
1195,SWEETWATER HIGH,SWEETWATER UNION HIGH,1,3738226,68411
1196,SWEETWATER SECONDARY,SBE - SWEETWATER SECONDARY,1,136473,77107
1197,SWEETWATER SPRINGS ELEMENTARY,LA MESA-SPRING VALLEY,1,6111207,68197
1198,SYCAMORE CANYON ELEMENTARY,SANTEE,1,6040406,68361
1199,SYCAMORE RIDGE,DEL MAR UNION ELEMENTARY,1,110114,68056
1200,SYHC-WIC CHULA VISTA,,0,,
1201,T.H.E LEADERSHIP ACADEMY,VISTA UNIFIED,1,100925,68452
1202,TAFT MIDDLE,SAN DIEGO UNIFIED,1,6059711,68338
1203,TAYLION SAN DIEGO ACADEMY,VALLECITOS ELEMENTARY,1,128470,68437
1204,TEEN OPTIONS INDEPENDENT STUDY,,0,,
1205,TEEN OUTREACH NORTH,,0,,
1206,TEMPLE HEIGHTS ELEMENTARY,VISTA UNIFIED,1,100925,68452
1207,TEOFILO MENDOZA,SOUTH BAY UNION,1,6116008,68395
1208,THE CLUB - LA MESA TEEN CENTER,,0,,
1209,THE HEIGHTS CHARTER,DEHESA ELEMENTARY,1,127118,68049
1210,THE INSTITUTE FOR EFFECTIVE EDUCATION (TIEE SITE 1) - CHILDREN'S,,1,,
1211,THE INSTITUTE FOR EFFECTIVE EDUCATION (TIEE SITE 2) - URBAN SKIL,,1,,
1212,THE INSTITUTE FOR EFFECTIVE EDUCATION (TIEE SITE 3) - COOK EDUCA,,1,,
1213,THE LEARNING CHOICE ACADEMY - EAST COUNTY,GROSSMONT UNION HIGH,1,,
1214,THE O'FARRELL CHARTER,SAN DIEGO UNIFIED,1,6061964,68338
1215,THRIVE PUBLIC,SBE - THRIVE PUBLIC,1,131193,76901
1216,THRIVE PUBLIC SCHOOLS - COMSTOCK CAMPUS - ANNEX,,1,,
1217,THRIVE PUBLIC SCHOOLS - HIGH SCHOOL,,1,,
1218,THRIVE PUBLIC SCHOOLS - JUANITA CAMPUS-ANNEX,,1,,
1219,THRIVE PUBLIC SCHOOLS - KROC CAMPUS-ANNEX,,1,,
1220,THURGOOD MARSHALL COMMUNITY SCHOOL,,1,,
1221,TIERRA BONITA ELEMENTARY,POWAY UNIFIED,1,6095053,68296
1222,TIERRA DEL SOL MIDDLE,LAKESIDE UNION ELEMENTARY,1,6085047,68189
1223,TIERRASANTA CHARTER-ANNEX,,0,,
1224,TIERRASANTA ELEMENTARY,SAN DIEGO UNIFIED,1,6089056,68338
1225,TIERRASANTA PARK & REC,,0,,
1226,TIFFANY (BURTON C.) ELEMENTARY,CHULA VISTA ELEMENTARY,1,6095020,68023
1227,TOLER ELEMENTARY,SAN DIEGO UNIFIED,1,6040224,68338
1228,TOP BLENDED,,0,,
1229,TORREY HILLS,DEL MAR UNION ELEMENTARY,1,6120596,68056
1230,TORREY LEARNING CENTER,,,,
1231,TORREY PINES ELEMENTARY,SAN DIEGO UNIFIED,1,6040232,68338
1232,TORREY PINES HIGH,SAN DIEGUITO UNION HIGH,1,3730033,68346
1233,TRACE,SAN DIEGO UNIFIED,1,3731056,68338
1234,TRUST BLENDED LEARNING,LA MESA-SPRING VALLEY,1,,
1235,TURTLEBACK ELEMENTARY,POWAY UNIFIED,1,6109326,68296
1236,TWAIN HIGH,SAN DIEGO UNIFIED,1,3730231,68338
1237,TWIN OAKS ELEMENTARY,SAN MARCOS UNIFIED,1,6115349,73791
1238,TWIN OAKS HIGH,SAN MARCOS UNIFIED,1,3730215,73791
1239,TWIN PEAKS MIDDLE,POWAY UNIFIED,1,6070866,68296
1240,UMI LEARNING CENTER,,0,,
1241,UNIVERSITY CITY HIGH,SAN DIEGO UNIFIED,1,3730314,68338
1242,UNIVERSITY COMMUNITY SCHOOL,,1,,
1243,UNIVERSITY OF SAN DIEGO STUDENT SUPPORT SERVICES BRIDGE,,0,,
1244,UNIVERSITY OF SAN DIEGO TRIO UPWARD BOUND,,0,,
1245,UNIVERSITY PREP,DEHESA ELEMENTARY,1,138313,68049
1246,UNIVERSITY TOWN CENTER-ANNEX,,0,,
1247,UPWARD BOUND #1,,0,,
1248,UPWARD BOUND #2,,0,,
1249,UPWARD BOUND MATH SCIENCE #1,,0,,
1250,UPWARD BOUND MATH SCIENCE #2,,0,,
1251,URBAN DISCOVERY ACADEMY CHARTER,SAN DIEGO UNIFIED,1,118000,68338
1252,URBAN LIFE MINISTRIES,,0,,
1253,URBAN SKILLS CENTER,,0,,
1254,VALENCIA PARK ELEMENTARY,SAN DIEGO UNIFIED,1,6040257,68338
1255,VALENCIA PARK/MALCOLM X BRANCH LIBRARY,,0,,
1256,VALHALLA HIGH,GROSSMONT UNION HIGH,1,3730066,68130
1257,VALIANT ACADEMY DESD,DEHESA ELEMENTARY,1,131169,68049
1258,VALIANT ACADEMY OF SOUTHERN CALIFORNIA,DEHESA ELEMENTARY,1,131169,68049
1259,VALLE LINDO ELEMENTARY,CHULA VISTA ELEMENTARY,1,6038020,68023
1260,VALLECITOS ELEMENTARY,FALLBROOK UNION HIGH,1,6040562,68437
1261,VALLEY CENTER BRANCH LIBRARY,,0,,
1262,VALLEY CENTER ELEMENTARY,VALLEY CENTER-PAUMA UNIFIED,1,6112494,75614
1263,VALLEY CENTER ELEMENTARY LOWER,VALLEY CENTER-PAUMA UNIFIED,1,6040570,75614
1264,VALLEY CENTER HIGH,VALLEY CENTER-PAUMA UNIFIED,1,3731114,75614
1265,VALLEY CENTER MIDDLE,VALLEY CENTER-PAUMA UNIFIED,1,6093272,75614
1266,VALLEY CENTER PREP,VALLEY CENTER-PAUMA UNIFIED,1,3731601,75614
1267,VALLEY CENTER PRIMARY,VALLEY CENTER-PAUMA UNIFIED,1,6106124,75614
1268,VALLEY CENTER-PAUMA ADULT,VALLEY CENTER-PAUMA UNIFIED,1,,
1269,VALLEY ELEMENTARY,POWAY UNIFIED,1,6039010,68296
1270,VALLEY HIGH (CONTINUATION),ESCONDIDO UNION HIGH,1,3732054,68106
1271,VALLEY MIDDLE,CARLSBAD UNIFIED,1,6037816,73551
1272,VALLEY VISTA ELEMENTARY,CHULA VISTA ELEMENTARY,1,6038038,68023
1273,VCC PROJECT REACH LIBBY LAKE,,0,,
1274,VETERANS ELEMENTARY,CHULA VISTA ELEMENTARY,1,108662,68023
1275,VICKING CENTER,,0,,
1276,VICTORIA BLENDED COMMUNITY SCHOOL,,1,,
1277,VICTORIA COMMUNITY SCHOOL,,1,,
1278,VICTORY OUTREACH,,0,,
1279,VIEJAS RECREATION CENTER,,0,,
1280,VILLAGE AT SERRA MESA,,0,,
1281,VILLAGE VIEW APARTMENTS,,0,,
1282,VIP VILLAGE PRESCHOOL,,0,,
1283,VISTA ACADEMY OF VISUAL AND PERFORMING ARTS,VISTA UNIFIED,1,6040653,68452
1284,VISTA ADULT TRANSITION CENTER,VISTA UNIFIED,1,3730207,68452
1285,VISTA BRANCH LIBRARY,,0,,
1286,VISTA DEL MAR,SAN YSIDRO ELEMENTARY,1,125518,68379
1287,VISTA GRANDE ELEMENTARY,SAN DIEGO UNIFIED,1,6099089,68338
1288,VISTA GRANDE ELEMENTARY,CAJON VALLEY UNION,1,6101794,67991
1289,VISTA GRANDE SUMMER,,0,,
1290,VISTA HIGH,VISTA UNIFIED,1,3738705,68452
1291,VISTA INNOVATION AND DESIGN ACADEMY,VISTA UNIFIED,1,6059810,68452
1292,VISTA LA MESA ACADEMY,LEMON GROVE,1,6038673,68205
1293,VISTA LA MESA CHRISTIAN CHURCH,,0,,
1294,"VISTA MAGNET MIDDLE SCHOOL OF TECHNOLOGY, SCIENCE, AND MATH",VISTA UNIFIED,1,114637,68452
1295,VISTA SPRINGS CHARTER,SBE - VISTA SPRINGS CHARTER,1,137323,77156
1296,VISTA SQUARE ELEMENTARY,CHULA VISTA ELEMENTARY,1,6038046,68023
1297,VISTA TERRACE HILLS,,0,,
1298,VISTA VISIONS ACADEMY,VISTA UNIFIED,1,126300,68452
1299,VIVIAN BANKS CHARTER,BONSALL UNIFIED,1,6113468,76851
1300,VIVIAN BANKS CHARTER SCHOOL,,0,,
1301,W. D. HALL ELEMENTARY,CAJON VALLEY UNION,1,6037741,67991
1302,WALKER CDC,,0,,
1303,WALKER ELEMENTARY,SAN DIEGO UNIFIED,1,6089064,68338
1304,WANGENHEIM MIDDLE,SAN DIEGO UNIFIED,1,6097844,68338
1305,WARNER ELEMENTARY,WARNER UNIFIED,1,6040661,75416
1306,WARNER JUNIOR/SENIOR HIGH,WARNER UNIFIED,1,3730975,75416
1307,WASHINGTON ELEMENTARY,SAN DIEGO UNIFIED,1,6040265,68338
1308,WASHINGTON PARK CENTER,,0,,
1309,WATERFRONT,,0,,
1310,WEBSTER ELEMENTARY,SAN DIEGO UNIFIED,1,6040273,68338
1311,WEGEFORTH CDC,,0,,
1312,WEGEFORTH ELEMENTARY,SAN DIEGO UNIFIED,1,6040281,68338
1313,WEST HILLS HIGH,GROSSMONT UNION HIGH,1,3730702,68130
1314,WEST VIEW EARLY LEARNING CENTER,,0,,
1315,WESTSIDE PARK,,0,,
1316,WESTVIEW HIGH,POWAY UNIFIED,1,3731528,68296
1317,WESTWOOD ELEMENTARY,POWAY UNIFIED,1,6070858,68296
1318,WHITMAN ELEMENTARY,SAN DIEGO UNIFIED,1,6040307,68338
1319,WHITTIER K-12,SAN DIEGO UNIFIED,1,3730363,68338
1320,WIC NATIONAL CITY,,0,,
1321,WILLIAM H. FRAZIER ELEMENTARY,FALLBROOK UNION ELEMENTARY,1,6116420,68114
1322,WILLIAM J OAKES BRANCH,,0,,
1323,WILLIE HENDERSON SPORTS COMPLEX,,0,,
1324,WILLOW ELEMENTARY,SAN YSIDRO ELEMENTARY,1,123000,68379
1325,WILLOW GROVE ELEMENTARY,POWAY UNIFIED,1,116764,68296
1326,WILSON MIDDLE,SAN DIEGO UNIFIED,1,6061980,68338
1327,WINTER GARDENS ELEMENTARY,LAKESIDE UNION ELEMENTARY,1,6038392,68189
1328,WOLF CANYON ELEMENTARY,CHULA VISTA ELEMENTARY,1,114009,68023
1329,WOODGLEN VISTA APARTMENTS,,0,,
1330,WOODLAND PARK MIDDLE,SAN MARCOS UNIFIED,1,6095061,73791
1331,WOODMAN-ANNEX,,0,,
1332,WORTHINGTON SCHOOL,,0,,
1333,YMCA - LA MESA,,0,,
1334,YMCA - MCGRATH,,0,,
1335,YMCA - SANTEE,,0,,
1336,YMCA EARLY ENRICHMENT CENTER,,0,,
1337,YMCA ESCONDIDO,,0,,
1338,YMCA LEADERSHIP ACADEMY,,0,,
1339,YOUTH DAY CENTER,,0,,
1340,ZAMORANO ELEMENTARY,SAN DIEGO UNIFIED,1,6106199,68338
1341,,,,,
