"schoolname","districtname","state_district_id","state_school_id","lat","lon","nces_id"
"ABRAXAS CONTINUATION HIGH","POWAY UNIFIED","68296","3735842",32.974251,-117.060935,"063153004883"
"ADA W. HARRIS ELEMENTARY","CARDIFF ELEMENTARY","68007","6037758",33.031151,-117.274662,"060747000706"
"ADAMS ELEMENTARY","SAN DIEGO UNIFIED","68338","6039101",32.761727,-117.118699,"063432005407"
"ADOBE BLUFFS ELEMENTARY","POWAY UNIFIED","68296","6110878",32.973282,-117.14104,"063153001203"
"ALAMOSA PARK ELEMENTARY","VISTA UNIFIED","68452","6107031",33.239219,-117.28178,"064119009204"
"ALBA","SAN DIEGO UNIFIED","68338","3731130",32.75097,-117.134611,"063432007682"
"ALBERT EINSTEIN ACADEMY CHARTER ELEMENTARY","SAN DIEGO UNIFIED","68338","6120935",32.720062,-117.129762,"063432010637"
"ALBERT EINSTEIN ACADEMY CHARTER MIDDLE","SAN DIEGO UNIFIED","68338","111898",32.71005,-117.138401,"063432011766"
"ALCOTT ELEMENTARY","SAN DIEGO UNIFIED","68338","6039119",32.832637,-117.221097,"063432005408"
"ALL TRIBES CHARTER","WARNER UNIFIED","75416","6119275",33.278715,-116.954152,"060004210387"
"ALL TRIBES ELEMENTARY CHARTER","WARNER UNIFIED","75416","122796",33.278715,-116.954152,"060004212735"
"ALLEN (ELLA B.) ELEMENTARY","CHULA VISTA ELEMENTARY","68023","6037832",32.656437,-117.033212,"060861000855"
"ALPINE ELEMENTARY","ALPINE UNION ELEMENTARY","67967","6037519",32.838093,-116.774237,"060210000091"
"ALTA VISTA ACADEMY","SWEETWATER UNION HIGH","68411","3731460",32.618318,-117.025397,"063864010385"
"ALTA VISTA HIGH (CONTINUATION)","VISTA UNIFIED","68452","3732039",33.222315,-117.219078,"064119006812"
"ALVIN M. DUNN ELEMENTARY","SAN MARCOS UNIFIED","73791","6039069",33.143074,-117.203374,"063488005889"
"AMERICA'S FINEST CHARTER","SAN DIEGO UNIFIED","68338","124206",32.71302,-117.098641,"063432012854"
"ANGIER ELEMENTARY","SAN DIEGO UNIFIED","68338","6039135",32.80518,-117.145684,"063432005410"
"ANZA ELEMENTARY","CAJON VALLEY UNION","67991","6037568",32.781477,-116.947286,"060681000603"
"ARROYO PASEO CHARTER HIGH","SAN DIEGO UNIFIED","68338","114520",32.749493,-117.107952,"063432011912"
"ARROYO VISTA CHARTER","CHULA VISTA ELEMENTARY","68023","6116859",32.638773,-116.953087,"060861008299"
"ASHLEY FALLS ELEMENTARY","DEL MAR UNION ELEMENTARY","68056","6115620",32.956235,-117.209008,"061074007660"
"AUDEO CHARTER","SAN DIEGO UNIFIED","68338","3731395",32.902729,-117.184139,"063432010634"
"AUDEO CHARTER II","SBE - AUDEO CHARTER II","77032","134577",32.90276,-117.184081,"060144114028"
"AUDUBON K-8","SAN DIEGO UNIFIED","68338","6039143",32.710685,-117.030631,"063432005411"
"AVIARA OAKS ELEMENTARY","CARLSBAD UNIFIED","73551","6109201",33.103968,-117.277413,"060750009747"
"AVIARA OAKS MIDDLE","CARLSBAD UNIFIED","73551","6118137",33.104025,-117.277359,"060750008606"
"AVOCADO ELEMENTARY","CAJON VALLEY UNION","67991","6069082",32.750641,-116.959841,"060681000604"
"AVONDALE ELEMENTARY","LA MESA-SPRING VALLEY","68197","6038400",32.71835,-117.017785,"062025002424"
"BAKER ELEMENTARY","SAN DIEGO UNIFIED","68338","6039150",32.698513,-117.107497,"063432005412"
"BALBOA ELEMENTARY","SAN DIEGO UNIFIED","68338","6039168",32.687257,-117.10837,"063432005413"
"BANCROFT ELEMENTARY","LA MESA-SPRING VALLEY","68197","6038418",32.72932,-117.007495,"062025002425"
"BARNARD ELEMENTARY","SAN DIEGO UNIFIED","68338","6039184",32.80243,-117.223651,"063432005414"
"BARNETT ELEMENTARY","RAMONA CITY UNIFIED","68304","6110720",33.017475,-116.810509,"063171001207"
"BARONA INDIAN CHARTER","LAKESIDE UNION ELEMENTARY","68189","6120901",32.942276,-116.855931,"062079010631"
"BAY PARK ELEMENTARY","SAN DIEGO UNIFIED","68338","6039200",32.787374,-117.203562,"063432005416"
"BAYSHORE PREPARATORY CHARTER","SAN MARCOS UNIFIED","73791","109785",33.13765,-117.191691,"063488011405"
"BAYSIDE STEAM ACADEMY","SOUTH BAY UNION","68395","6040463",32.588689,-117.112826,"063738006315"
"BEACON CLASSICAL ACADEMY NATIONAL CITY","NATIONAL ELEMENTARY","68221","132621",32.66786,-117.077671,"062667013824"
"BEAR VALLEY MIDDLE","ESCONDIDO UNION","68098","102590",33.084253,-117.057296,"061288011128"
"BEAUMONT ELEMENTARY","VISTA UNIFIED","68452","6040588",33.197183,-117.223965,"064119006813"
"BELL MIDDLE","SAN DIEGO UNIFIED","68338","6059588",32.688507,-117.038074,"063432005419"
"BELLA MENTE MONTESSORI ACADEMY","VISTA UNIFIED","68452","128223",33.189535,-117.278358,"064119013667"
"BENCHLEY/WEINBERGER ELEMENTARY","SAN DIEGO UNIFIED","68338","6040299",32.794136,-117.032202,"063432005570"
"BERNARDO ELEMENTARY","ESCONDIDO UNION","68098","107870",33.085801,-117.092208,"061288011131"
"BERNARDO HEIGHTS MIDDLE","POWAY UNIFIED","68296","6107460",32.997776,-117.065585,"063153009425"
"BETHUNE K-8","SAN DIEGO UNIFIED","68338","6106173",32.689145,-117.049506,"063432008963"
"BIRD ROCK ELEMENTARY","SAN DIEGO UNIFIED","68338","6039242",32.810807,-117.264151,"063432005421"
"BIRNEY ELEMENTARY","SAN DIEGO UNIFIED","68338","6039259",32.756198,-117.148147,"063432005422"
"BLACK MOUNTAIN MIDDLE","POWAY UNIFIED","68296","6093223",32.969129,-117.125177,"063153004884"
"BLOSSOM VALLEY ELEMENTARY","CAJON VALLEY UNION","67991","6112148",32.861441,-116.84571,"060681003925"
"BOBIER ELEMENTARY","VISTA UNIFIED","68452","6040596",33.22026,-117.247185,"064119006814"
"BONITA VISTA MIDDLE","SWEETWATER UNION HIGH","68411","6059745",32.64888,-117.006095,"063864006474"
"BONITA VISTA SENIOR HIGH","SWEETWATER UNION HIGH","68411","3730405",32.646165,-116.998269,"063864006475"
"BONSALL ELEMENTARY","BONSALL UNIFIED","76851","6037543",33.28717,-117.219221,"060142600516"
"BONSALL HIGH","BONSALL UNIFIED","76851","129320",33.29731,-117.175131,"060142613751"
"BONSALL WEST ELEMENTARY","BONSALL UNIFIED","76851","110122",33.26414,-117.292341,"060142611749"
"BOONE ELEMENTARY","SAN DIEGO UNIFIED","68338","6039267",32.695387,-117.037012,"063432005423"
"BORREGO SPRINGS ELEMENTARY","BORREGO SPRINGS UNIFIED","67983","6037550",33.256197,-116.3472,"060570000517"
"BORREGO SPRINGS HIGH","BORREGO SPRINGS UNIFIED","67983","3730447",33.264957,-116.382811,"060570000518"
"BORREGO SPRINGS MIDDLE","BORREGO SPRINGS UNIFIED","67983","6115315",33.26497,-116.382978,"060570007636"
"BOSTONIA LANGUAGE ACADEMY","CAJON VALLEY UNION","67991","6037576",32.808881,-116.931497,"060681000606"
"BOULDER OAKS ELEMENTARY","ALPINE UNION ELEMENTARY","67967","6109086",32.818781,-116.77765,"060210009696"
"BREEZE HILL ELEMENTARY","VISTA UNIFIED","68452","6110399",33.185251,-117.254584,"064119001248"
"BUENA VISTA ELEMENTARY","CARLSBAD UNIFIED","73551","6037774",33.169819,-117.342622,"060750000708"
"BURBANK ELEMENTARY","SAN DIEGO UNIFIED","68338","6039283",32.70062,-117.138171,"063432005426"
"CABRILLO ELEMENTARY","SAN DIEGO UNIFIED","68338","6039291",32.720793,-117.233465,"063432005427"
"CADMAN ELEMENTARY","SAN DIEGO UNIFIED","68338","6039309",32.822132,-117.215709,"063432005428"
"CAJON PARK ELEMENTARY","SANTEE","68361","6040349",32.864737,-116.971914,"063588006137"
"CAJON VALLEY COMMUNITY DAY","CAJON VALLEY UNION","67991","6117295",32.7961,-116.9547,"060681008589"
"CAJON VALLEY HOME","CAJON VALLEY UNION","67991","6118319",32.805201,-116.866037,"060681008590"
"CAJON VALLEY MIDDLE","CAJON VALLEY UNION","67991","6037584",32.799683,-116.956072,"060681000607"
"CALAVERA HILLS ELEMENTARY","CARLSBAD UNIFIED","73551","6120711",33.173044,-117.291095,"060750010643"
"CALAVERA HILLS MIDDLE","CARLSBAD UNIFIED","73551","107557",33.172787,-117.289909,"060750011402"
"CALIFORNIA AVENUE ELEMENTARY","VISTA UNIFIED","68452","6040604",33.207798,-117.247296,"064119001246"
"CALIFORNIA PACIFIC CHARTER SCHOOLS - SAN DIEGO","WARNER UNIFIED","75416","132472",33.274332,-116.643105,"060004213918"
"CAMARENA (ENRIQUE S.) ELEMENTARY","CHULA VISTA ELEMENTARY","68023","127431",32.62265,-116.957961,"060861013096"
"CAMPO ELEMENTARY","MOUNTAIN EMPIRE UNIFIED","68213","6038681",32.642783,-116.486748,"062610003900"
"CAMPO HIGH (CONTINUATION)","MOUNTAIN EMPIRE UNIFIED","68213","3730934",32.625031,-116.475071,"062610002661"
"CANYON CREST ACADEMY","SAN DIEGUITO UNION HIGH","68346","106328",32.958164,-117.189355,"063438011396"
"CANYON VIEW ELEMENTARY","POWAY UNIFIED","68296","6106520",32.945574,-117.128848,"063153009180"
"CAPRI ELEMENTARY","ENCINITAS UNION ELEMENTARY","68080","6066989",33.075322,-117.288606,"061275001433"
"CARDIFF ELEMENTARY","CARDIFF ELEMENTARY","68007","6037766",33.025119,-117.283818,"060747000707"
"CARLSBAD HIGH","CARLSBAD UNIFIED","73551","3730694",33.163664,-117.329296,"060750000709"
"CARLSBAD SEASIDE ACADEMY","CARLSBAD UNIFIED","73551","3731163",33.157908,-117.329804,"060750008311"
"CARLSBAD VILLAGE ACADEMY","CARLSBAD UNIFIED","73551","3730017",33.157068,-117.340704,"060750000712"
"CARLTON HILLS ELEMENTARY","SANTEE","68361","6040356",32.847601,-116.996045,"063588006138"
"CARLTON OAKS ELEMENTARY","SANTEE","68361","6068159",32.844411,-117.013777,"063588006139"
"CARMEL CREEK ELEMENTARY","SOLANA BEACH ELEMENTARY","68387","6112353",32.951446,-117.22569,"063699003955"
"CARMEL DEL MAR ELEMENTARY","DEL MAR UNION ELEMENTARY","68056","6110696",32.940789,-117.228646,"061074001171"
"CARMEL VALLEY MIDDLE","SAN DIEGUITO UNION HIGH","68346","6117352",32.946988,-117.231772,"063438008307"
"CARRILLO ELEMENTARY","SAN MARCOS UNIFIED","73791","6116206",33.120886,-117.237505,"063488008314"
"CARSON ELEMENTARY","SAN DIEGO UNIFIED","68338","6039341",32.776697,-117.171038,"063432005429"
"CARVER ELEMENTARY","SAN DIEGO UNIFIED","68338","6039358",32.739849,-117.070694,"063432005430"
"CASA DE ORO ELEMENTARY","LA MESA-SPRING VALLEY","68197","6038434",32.747256,-116.973099,"062025002427"
"CASILLAS (JOSEPH) ELEMENTARY","CHULA VISTA ELEMENTARY","68023","6115646",32.629297,-117.010617,"060861007646"
"CASITA CENTER FOR SCIENCE/MATH/TECHNOLOGY","VISTA UNIFIED","68452","6069124",33.19013,-117.284839,"064119006816"
"CASTLE PARK ELEMENTARY","CHULA VISTA ELEMENTARY","68023","6037824",32.614249,-117.057098,"060861000856"
"CASTLE PARK MIDDLE","SWEETWATER UNION HIGH","68411","6059752",32.605109,-117.059905,"063864006476"
"CASTLE PARK SENIOR HIGH","SWEETWATER UNION HIGH","68411","3730801",32.606961,-117.051643,"063864006477"
"CENTRAL ELEMENTARY","NATIONAL ELEMENTARY","68221","6038731",32.676074,-117.100996,"062667004042"
"CENTRAL ELEMENTARY","SAN DIEGO UNIFIED","68338","6039366",32.751126,-117.107218,"063432005431"
"CENTRAL ELEMENTARY","SOUTH BAY UNION","68395","6040471",32.578015,-117.106325,"063738006317"
"CENTRAL ELEMENTARY","ESCONDIDO UNION","68098","6038178",33.11852,-117.079774,"061288001451"
"CESAR CHAVEZ MIDDLE","OCEANSIDE UNIFIED","73569","113522",33.24143,-117.302911,"062825011922"
"CHALLENGER MIDDLE","SAN DIEGO UNIFIED","68338","6107056",32.913295,-117.157386,"063432009189"
"CHAPARRAL ELEMENTARY","POWAY UNIFIED","68296","6097216",33.023857,-117.05077,"063153004885"
"CHAPARRAL HIGH","GROSSMONT UNION HIGH","68130","3732559",32.817276,-116.980663,"061623002017"
"CHARTER SCHOOL OF SAN DIEGO","SAN DIEGO UNIFIED","68338","3730959",32.90275,-117.184148,"063432003939"
"CHASE AVENUE ELEMENTARY","CAJON VALLEY UNION","67991","6037592",32.779486,-116.960396,"060681000608"
"CHAVEZ ELEMENTARY","SAN DIEGO UNIFIED","68338","6114300",32.691758,-117.108494,"063432007322"
"CHEROKEE POINT ELEMENTARY","SAN DIEGO UNIFIED","68338","108282",32.747252,-117.111081,"063432011383"
"CHESTERTON ELEMENTARY","SAN DIEGO UNIFIED","68338","6039374",32.793439,-117.162984,"063432005432"
"CHET F. HARRITT ELEMENTARY","SANTEE","68361","6040364",32.831744,-117.018086,"063588006140"
"CHOLLAS/MEAD ELEMENTARY","SAN DIEGO UNIFIED","68338","6039382",32.710361,-117.097592,"063432005433"
"CHRISTA MCAULIFFE ELEMENTARY","OCEANSIDE UNIFIED","73569","6108211",33.199879,-117.307019,"062825009597"
"CHULA VISTA HILLS ELEMENTARY","CHULA VISTA ELEMENTARY","68023","6107775",32.636768,-117.003495,"060861009350"
"CHULA VISTA LEARNING COMMUNITY CHARTER","CHULA VISTA ELEMENTARY","68023","6115778",32.619802,-117.08343,"060861007649"
"CHULA VISTA MIDDLE","SWEETWATER UNION HIGH","68411","6059760",32.634752,-117.086052,"063864006478"
"CHULA VISTA SENIOR HIGH","SWEETWATER UNION HIGH","68411","3731064",32.621737,-117.078342,"063864006479"
"CITY HEIGHTS PREPARATORY CHARTER","SAN DIEGO UNIFIED","68338","124347",32.74664,-117.085711,"063432012961"
"CLAIREMONT HIGH","SAN DIEGO UNIFIED","68338","3731213",32.809381,-117.203671,"063432005434"
"CLARK MIDDLE","SAN DIEGO UNIFIED","68338","6114060",32.740635,-117.100015,"063432007316"
"CLASSICAL ACADEMY","ESCONDIDO UNION","68098","6116776",33.084038,-117.055483,"061288008300"
"CLASSICAL ACADEMY HIGH","ESCONDIDO UNION HIGH","68106","111195",33.1245,-117.080031,"061291011756"
"CLAY ELEMENTARY","SAN DIEGO UNIFIED","68338","6039390",32.763078,-117.058235,"063432005435"
"CLEAR VIEW","CHULA VISTA ELEMENTARY","68023","6109771",32.645346,-117.045275,"060861010307"
"CLOVER FLAT ELEMENTARY","MOUNTAIN EMPIRE UNIFIED","68213","6085054",32.667476,-116.295819,"062610003901"
"COASTAL ACADEMY","OCEANSIDE UNIFIED","73569","101071",33.20733,-117.292821,"062825011265"
"COLLEGE PREPARATORY MIDDLE","MOUNTAIN EMPIRE UNIFIED","68213","121582",32.772594,-117.011134,"062610012759"
"COMMUNITY MONTESSORI CHARTER","DEHESA ELEMENTARY","68049","127167",33.129428,-117.112166,"061071013054"
"CONWAY ELEMENTARY","ESCONDIDO UNION","68098","6038186",33.146702,-117.075103,"061288001452"
"COOK (HAZEL GOES) ELEMENTARY","CHULA VISTA ELEMENTARY","68023","6037881",32.625938,-117.055604,"060861000857"
"CORONADO HIGH","CORONADO UNIFIED","68031","3731478",32.691741,-117.178272,"060987001071"
"CORONADO MIDDLE","CORONADO UNIFIED","68031","6059570",32.694482,-117.179778,"060987001072"
"CORONADO VILLAGE ELEMENTARY","CORONADO UNIFIED","68031","6038053",32.69342,-117.181565,"060987001070"
"CORREIA MIDDLE","SAN DIEGO UNIFIED","68338","6059596",32.748645,-117.231925,"063432005437"
"COTTONWOOD COMMUNITY DAY","MOUNTAIN EMPIRE UNIFIED","68213","3731080",32.73208,-116.492661,"062610007309"
"COUNTY COLLABORATIVE CHARTER","MOUNTAIN EMPIRE UNIFIED","68213","129668",32.73208,-116.492661,"062610013837"
"CRAWFORD HIGH","SAN DIEGO UNIFIED","68338","107177",32.752499,-117.076535,"063432011149"
"CREATIVE PERFORMING AND MEDIA ARTS","SAN DIEGO UNIFIED","68338","3731551",32.836648,-117.182408,"063432010635"
"CREEKSIDE EARLY LEARNING CENTER","ALPINE UNION ELEMENTARY","67967","6118723",32.832225,-116.816036,"060210010375"
"CREEKSIDE ELEMENTARY","POWAY UNIFIED","68296","6117469",32.944254,-117.076413,"063153008598"
"CREST ELEMENTARY","CAJON VALLEY UNION","67991","6037600",32.805201,-116.866037,"060681000609"
"CROWN POINT ELEMENTARY","SAN DIEGO UNIFIED","68338","6039424",32.793167,-117.238575,"063432005440"
"CUBBERLEY ELEMENTARY","SAN DIEGO UNIFIED","68338","6039432",32.801468,-117.126644,"063432005441"
"CURIE ELEMENTARY","SAN DIEGO UNIFIED","68338","6039440",32.855185,-117.202153,"063432005442"
"DAILARD ELEMENTARY","SAN DIEGO UNIFIED","68338","6096879",32.804941,-117.053513,"063432005443"
"DANA","SAN DIEGO UNIFIED","68338","6059604",32.733241,-117.233795,"063432007683"
"DARNALL CHARTER","SAN DIEGO UNIFIED","68338","6039457",32.746997,-117.066966,"063432001220"
"DAVILA DAY","SAN DIEGO COUNTY OFFICE OF EDUCATION","10371","120485",32.635021,-117.087606,"069103012550"
"DE PORTOLA MIDDLE","SAN DIEGO UNIFIED","68338","6106181",32.829592,-117.091272,"063432008964"
"DEER CANYON ELEMENTARY","POWAY UNIFIED","68296","6109300",32.963615,-117.142944,"063153010005"
"DEHESA CHARTER","DEHESA ELEMENTARY","68049","6119564",33.129375,-117.112358,"061071010626"
"DEHESA ELEMENTARY","DEHESA ELEMENTARY","68049","6038095",32.781577,-116.850437,"061071001188"
"DEL DIOS ACADEMY OF ARTS AND SCIENCES","ESCONDIDO UNION","68098","6038194",33.110406,-117.10147,"061288001453"
"DEL LAGO ACADEMY - CAMPUS OF APPLIED SCIENCE","ESCONDIDO UNION HIGH","68106","127241",33.098905,-117.10453,"061291013061"
"DEL MAR HEIGHTS ELEMENTARY","DEL MAR UNION ELEMENTARY","68056","6038111",32.944871,-117.249694,"061074001189"
"DEL MAR HILLS ELEMENTARY","DEL MAR UNION ELEMENTARY","68056","6088983",32.953382,-117.246211,"061074001190"
"DEL NORTE HIGH","POWAY UNIFIED","68296","118935",33.015119,-117.12162,"063153012216"
"DEL RIO ELEMENTARY","OCEANSIDE UNIFIED","73569","6088991",33.256395,-117.295513,"062825004357"
"DEL SUR ELEMENTARY","POWAY UNIFIED","68296","116475",33.018497,-117.140835,"063153012196"
"DESCANSO ELEMENTARY","MOUNTAIN EMPIRE UNIFIED","68213","6038699",32.858942,-116.613573,"062610003902"
"DESIGN 39 CAMPUS","POWAY UNIFIED","68296","129056",33.017927,-117.122588,"063153013729"
"DEWEY ELEMENTARY","SAN DIEGO UNIFIED","68338","6039481",32.74695,-117.207644,"063432005447"
"DIEGO HILLS CHARTER","DEHESA ELEMENTARY","68049","119990",32.760751,-117.066632,"061071012509"
"DIEGO SPRINGS ACADEMY","BORREGO SPRINGS UNIFIED","67983","131144",32.637151,-117.092289,"060570013845"
"DIEGO VALLEY CHARTER","JULIAN UNION ELEMENTARY","68163","124271",32.80057,-116.935311,"061914012880"
"DIEGUENO MIDDLE","SAN DIEGUITO UNION HIGH","68346","6104749",33.058623,-117.242135,"063438008186"
"DINGEMAN ELEMENTARY","SAN DIEGO UNIFIED","68338","6112726",32.933439,-117.091306,"063432005330"
"DISCOVERY CHARTER","CHULA VISTA ELEMENTARY","68023","6111322",32.64186,-117.01632,"060861002633"
"DISCOVERY ELEMENTARY","SAN MARCOS UNIFIED","73791","6114169",33.12768,-117.190564,"063488007353"
"DOUBLE PEAK","SAN MARCOS UNIFIED","73791","131433",33.106094,-117.166058,"063488013965"
"DOYLE ELEMENTARY","SAN DIEGO UNIFIED","68338","6099055",32.862976,-117.22088,"063432005448"
"E. G. GARRISON ELEMENTARY","OCEANSIDE UNIFIED","73569","6069108",33.205495,-117.337244,"062825004359"
"E3 CIVIC HIGH","SAN DIEGO UNIFIED","68338","127647",32.709104,-117.1543,"063432013288"
"EARL WARREN MIDDLE","SAN DIEGUITO UNION HIGH","68346","6061998",32.994249,-117.26305,"063438005575"
"EAST HILLS ACADEMY","SWEETWATER UNION HIGH","68411","115873",32.608083,-116.972286,"063864012173"
"EAST VILLAGE HIGH","SAN DIEGO UNIFIED","68338","118315",32.72055,-117.150501,"063432012303"
"EASTLAKE ELEMENTARY","CHULA VISTA ELEMENTARY","68023","6108492",32.655779,-116.983585,"060861009529"
"EASTLAKE HIGH","SWEETWATER UNION HIGH","68411","3730843",32.641592,-116.968382,"063864001223"
"EASTLAKE MIDDLE","SWEETWATER UNION HIGH","68411","6120968",32.658732,-116.951977,"063864011269"
"EDISON ELEMENTARY","SAN DIEGO UNIFIED","68338","6039499",32.75112,-117.117794,"063432005449"
"EJE ELEMENTARY ACADEMY CHARTER","CAJON VALLEY UNION","67991","108563",32.779929,-116.960421,"060681011124"
"EJE MIDDLE ACADEMY","CAJON VALLEY UNION","67991","119255",32.785007,-116.970311,"060681012409"
"EL CAJON VALLEY HIGH","GROSSMONT UNION HIGH","68130","3731692",32.799182,-116.94762,"061623002018"
"EL CAMINO CREEK ELEMENTARY","ENCINITAS UNION ELEMENTARY","68080","6117709",33.076043,-117.260636,"061275008592"
"EL CAMINO HIGH","OCEANSIDE UNIFIED","73569","3739018",33.218675,-117.317349,"062825004360"
"EL CAPITAN HIGH","GROSSMONT UNION HIGH","68130","3731809",32.868092,-116.91713,"061623002019"
"EL TOYON ELEMENTARY","NATIONAL ELEMENTARY","68221","6038749",32.687996,-117.088706,"062667004043"
"ELEVATE ELEMENTARY","SAN DIEGO UNIFIED","68338","129395",32.78642,-117.144161,"063432013795"
"ELITE ACADEMY","GROSSMONT UNION HIGH","68130","3731486",32.793724,-116.935834,"061623010628"
"EMERALD MIDDLE","CAJON VALLEY UNION","67991","6037626",32.778944,-116.967864,"060681000612"
"EMERSON/BANDINI ELEMENTARY","SAN DIEGO UNIFIED","68338","6039507",32.695232,-117.11763,"063432005451"
"EMORY ELEMENTARY","SOUTH BAY UNION","68395","6040489",32.575455,-117.092196,"063738006318"
"EMPOWER CHARTER","SAN DIEGO UNIFIED","68338","129387",32.78581,-117.172661,"063432013803"
"EMPRESA ELEMENTARY","VISTA UNIFIED","68452","6108708",33.223786,-117.287582,"064119009652"
"ENCANTO ELEMENTARY","SAN DIEGO UNIFIED","68338","6039515",32.714358,-117.058516,"063432005452"
"EPIPHANY PREP CHARTER","ESCONDIDO UNION","68098","133991",33.127679,-117.090132,"061288014029"
"EPIPHANY PREP CHARTER","SAN DIEGO UNIFIED","68338","126151",32.70576,-117.064991,"063432013053"
"ERICSON ELEMENTARY","SAN DIEGO UNIFIED","68338","6089015",32.926585,-117.136494,"063432005453"
"ESCONDIDO CHARTER HIGH","ESCONDIDO UNION HIGH","68106","3731023",33.136539,-117.055166,"061291006493"
"ESCONDIDO HIGH","ESCONDIDO UNION HIGH","68106","3732062",33.145642,-117.091407,"061291001465"
"EUCALYPTUS HILLS ELEMENTARY","LAKESIDE UNION ELEMENTARY","68189","129288",32.891647,-116.946643,"062079013731"
"EUCLID ELEMENTARY","SAN DIEGO UNIFIED","68338","6039523",32.752432,-117.092601,"063432005454"
"EVANGELINE ROBERTS INSTITUTE OF LEARNING","SAN DIEGO UNIFIED","68338","121145",32.71081,-117.051561,"063432012560"
"FALLBROOK HIGH","FALLBROOK UNION HIGH","68122","3732179",33.348627,-117.241104,"061353001545"
"FALLBROOK HOMESCHOOL ACADEMY","FALLBROOK UNION ELEMENTARY","68114","6096911",33.384434,-117.247814,"061350007305"
"FALLBROOK STREET ELEMENTARY","FALLBROOK UNION ELEMENTARY","68114","6038285",33.377405,-117.255099,"061350001539"
"FARB MIDDLE","SAN DIEGO UNIFIED","68338","6099063",32.820278,-117.100787,"063432005456"
"FARR AVENUE ELEMENTARY","ESCONDIDO UNION","68098","102608",33.138174,-117.077267,"061288011129"
"FAY ELEMENTARY","SAN DIEGO UNIFIED","68338","6039762",32.751046,-117.083934,"063432005484"
"FEASTER (MAE L.) CHARTER","CHULA VISTA ELEMENTARY","68023","6037956",32.642065,-117.096907,"060861000858"
"FELICITA ELEMENTARY","ESCONDIDO UNION","68098","6038202",33.105312,-117.083281,"061288001454"
"FIELD ELEMENTARY","SAN DIEGO UNIFIED","68338","6039556",32.833109,-117.198324,"063432005458"
"FINNEY (MYRTLE S.) ELEMENTARY","CHULA VISTA ELEMENTARY","68023","6037964",32.5851,-117.049283,"060861000859"
"FLETCHER ELEMENTARY","SAN DIEGO UNIFIED","68338","6039564",32.785368,-117.159478,"063432005459"
"FLETCHER HILLS ELEMENTARY","LA MESA-SPRING VALLEY","68197","6038442",32.801046,-116.995226,"062025002428"
"FLORA VISTA ELEMENTARY","ENCINITAS UNION ELEMENTARY","68080","6099402",33.056109,-117.253554,"061275001435"
"FLORENCE ELEMENTARY","SAN DIEGO UNIFIED","68338","6039572",32.748908,-117.164345,"063432005460"
"FLYING HILLS ELEMENTARY","CAJON VALLEY UNION","67991","6037634",32.812304,-116.981853,"060681000613"
"FOOTHILL OAK ELEMENTARY","VISTA UNIFIED","68452","105882",33.218118,-117.222561,"064119011400"
"FOOTHILLS HIGH","SAN MARCOS UNIFIED","73791","3730793",33.180149,-117.158774,"063488009629"
"FOSTER ELEMENTARY","SAN DIEGO UNIFIED","68338","6039598",32.792492,-117.08457,"063432005462"
"FRANKLIN ELEMENTARY","SAN DIEGO UNIFIED","68338","6039606",32.758381,-117.1037,"063432005463"
"FREESE ELEMENTARY","SAN DIEGO UNIFIED","68338","6039614",32.704401,-117.027522,"063432005464"
"FUERTE ELEMENTARY","CAJON VALLEY UNION","67991","6037642",32.761526,-116.94652,"060681000614"
"FULTON K-8","SAN DIEGO UNIFIED","68338","6039630",32.702216,-117.046322,"063432005466"
"FUTURE BOUND INDEPENDENT STUDY SECONDARY","RAMONA CITY UNIFIED","68304","102178",33.039146,-116.86352,"063171011172"
"GAGE ELEMENTARY","SAN DIEGO UNIFIED","68338","6039648",32.80683,-117.014945,"063432005467"
"GARDEN ROAD ELEMENTARY","POWAY UNIFIED","68296","6038970",32.956622,-117.011903,"063153004886"
"GARFIELD ELEMENTARY","SAN DIEGO UNIFIED","68338","6039655",32.758652,-117.134114,"063432008304"
"GARFIELD HIGH","SAN DIEGO UNIFIED","68338","3737962",32.718404,-117.149205,"063432005468"
"GEORGE NICOLOFF ELEMENTARY","SOUTH BAY UNION","68395","6098487",32.566076,-117.065818,"063738006322"
"GLEN VIEW ELEMENTARY","ESCONDIDO UNION","68098","6038939",33.14627,-117.052621,"061288001455"
"GODFREY G. BERRY ELEMENTARY","SOUTH BAY UNION","68395","6067029",32.567409,-117.090989,"063738006316"
"GOLDEN HILL K-8","SAN DIEGO UNIFIED","68338","108266",32.718421,-117.123447,"063432011157"
"GOMPERS PREPARATORY ACADEMY","SAN DIEGO UNIFIED","68338","119610",32.716034,-117.091563,"063432012386"
"GRANGER JUNIOR HIGH","SWEETWATER UNION HIGH","68411","6059778",32.672675,-117.073665,"063864006482"
"GRANITE HILLS HIGH","GROSSMONT UNION HIGH","68130","3732336",32.799318,-116.915065,"061623002020"
"GRANT K-8","SAN DIEGO UNIFIED","68338","6039671",32.749606,-117.176206,"063432005469"
"GRAPEVINE ELEMENTARY","VISTA UNIFIED","68452","6040620",33.200001,-117.274804,"064119006818"
"GREATER SAN DIEGO ACADEMY","JAMUL-DULZURA UNION ELEMENTARY","68155","6117303",32.717211,-116.877748,"061873008302"
"GREEN ELEMENTARY","SAN DIEGO UNIFIED","68338","6039697",32.796754,-117.044767,"063432005471"
"GREENFIELD MIDDLE","CAJON VALLEY UNION","67991","6037659",32.810296,-116.928814,"060681000615"
"GROSSMONT HIGH","GROSSMONT UNION HIGH","68130","3732625",32.780696,-116.986349,"061623002022"
"GROSSMONT MIDDLE COLLEGE HIGH","GROSSMONT UNION HIGH","68130","3731536",32.816393,-117.006347,"061623010630"
"GUAJOME LEARNING CENTER","VISTA UNIFIED","68452","124917",33.230067,-117.249992,"064119012930"
"GUAJOME PARK ACADEMY CHARTER","VISTA UNIFIED","68452","3730942",33.229856,-117.250416,"064119003964"
"HAGE ELEMENTARY","SAN DIEGO UNIFIED","68338","6109599",32.921076,-117.12092,"063432010057"
"HALECREST ELEMENTARY","CHULA VISTA ELEMENTARY","68023","6037865",32.634967,-117.044665,"060861000860"
"HAMILTON ELEMENTARY","SAN DIEGO UNIFIED","68338","6039705",32.735499,-117.100234,"063432005473"
"HANCOCK ELEMENTARY","SAN DIEGO UNIFIED","68338","6096051",32.806216,-117.108455,"063432005474"
"HANNALEI ELEMENTARY","VISTA UNIFIED","68452","100933",33.178078,-117.216427,"064119011280"
"HANSON ELEMENTARY","RAMONA CITY UNIFIED","68304","6039028",33.017469,-116.890223,"063171004905"
"HARBOR SPRINGS CHARTER","JULIAN UNION ELEMENTARY","68163","128421",33.07879,-116.594865,"061914013715"
"HARBORSIDE ELEMENTARY","CHULA VISTA ELEMENTARY","68023","6037873",32.608189,-117.086147,"060861000861"
"HARDY ELEMENTARY","SAN DIEGO UNIFIED","68338","6039713",32.772008,-117.079239,"063432005475"
"HARRIET TUBMAN VILLAGE CHARTER","SAN DIEGO UNIFIED","68338","6040018",32.770266,-117.050396,"063432003943"
"HAWTHORNE ELEMENTARY","SAN DIEGO UNIFIED","68338","6039721",32.839,-117.189245,"063432005476"
"HEALTH SCIENCES HIGH","SAN DIEGO UNIFIED","68338","114462",32.749978,-117.11008,"063432012179"
"HEALTH SCIENCES MIDDLE","SAN DIEGO UNIFIED","68338","128066",32.75004,-117.109981,"063432013655"
"HEARST ELEMENTARY","SAN DIEGO UNIFIED","68338","6039739",32.783179,-117.064307,"063432005477"
"HEDENKAMP (ANNE AND WILLIAM) ELEMENTARY","CHULA VISTA ELEMENTARY","68023","101592",32.616572,-117.014833,"060861011227"
"HELIX HIGH","GROSSMONT UNION HIGH","68130","3732732",32.754868,-117.037595,"061623002023"
"HENRY HIGH","SAN DIEGO UNIFIED","68338","3732781",32.797168,-117.051445,"063432005479"
"HERITAGE DIGITAL ACADEMY CHARTER MIDDLE","ESCONDIDO UNION","68098","128769",33.139622,-117.04613,"061288013679"
"HERITAGE ELEMENTARY","CHULA VISTA ELEMENTARY","68023","6118970",32.626427,-116.996956,"060861010376"
"HERITAGE K-8 CHARTER","ESCONDIDO UNION","68098","101535",33.135386,-117.053848,"061288011228"
"HICKMAN ELEMENTARY","SAN DIEGO UNIFIED","68338","6089023",32.914574,-117.15293,"063432005480"
"HIDDEN VALLEY MIDDLE","ESCONDIDO UNION","68098","6093215",33.134023,-117.034987,"061288001457"
"HIGH TECH ELEMENTARY","SAN DIEGO UNIFIED","68338","131565",32.73206,-117.217691,"063432013878"
"HIGH TECH ELEMENTARY CHULA VISTA","SBC - HIGH TECH HIGH","76471","123059",32.616545,-116.953125,"060132212726"
"HIGH TECH ELEMENTARY EXPLORER","SAN DIEGO UNIFIED","68338","6117683",32.734536,-117.219865,"063432008602"
"HIGH TECH ELEMENTARY NORTH COUNTY","SBC - HIGH TECH HIGH","76471","127605",33.133997,-117.201727,"060132213517"
"HIGH TECH HIGH","SAN DIEGO UNIFIED","68338","3731247",32.734858,-117.217531,"063432008599"
"HIGH TECH HIGH CHULA VISTA","SBC - HIGH TECH HIGH","76471","114678",32.616005,-116.954219,"060132212083"
"HIGH TECH HIGH INTERNATIONAL","SAN DIEGO UNIFIED","68338","106732",32.733181,-117.219097,"063432011138"
"HIGH TECH HIGH MEDIA ARTS","SAN DIEGO UNIFIED","68338","108787",32.734532,-117.219857,"063432011386"
"HIGH TECH HIGH NORTH COUNTY","SBC - HIGH TECH HIGH","76471","114694",33.132371,-117.202183,"060132212064"
"HIGH TECH MIDDLE","SAN DIEGO UNIFIED","68338","101204",32.73539,-117.217841,"063432011262"
"HIGH TECH MIDDLE CHULA VISTA","SBC - HIGH TECH HIGH","76471","123042",32.616545,-116.953125,"060132212642"
"HIGH TECH MIDDLE MEDIA ARTS","SAN DIEGO UNIFIED","68338","107573",32.734523,-117.219843,"063432011155"
"HIGH TECH MIDDLE NORTH COUNTY","SBC - HIGH TECH HIGH","76471","119271",33.13306,-117.202461,"060132212388"
"HIGHLAND RANCH ELEMENTARY","POWAY UNIFIED","68296","6110886",32.984207,-117.071978,"063153001204"
"HIGHLANDS ELEMENTARY","LA MESA-SPRING VALLEY","68197","6038459",32.737569,-116.980481,"062025002429"
"HILL CREEK ELEMENTARY","SANTEE","68361","6085161",32.85262,-116.962057,"063588006141"
"HILLSDALE MIDDLE","CAJON VALLEY UNION","67991","6112890",32.748484,-116.932304,"060681005234"
"HILLSIDE JUNIOR/SENIOR HIGH","MOUNTAIN EMPIRE UNIFIED","68213","3730991",32.625037,-116.475079,"062610006496"
"HILLTOP DRIVE ELEMENTARY","CHULA VISTA ELEMENTARY","68023","6037899",32.631539,-117.06428,"060861000862"
"HILLTOP MIDDLE","SWEETWATER UNION HIGH","68411","6062004",32.630245,-117.060565,"063864006483"
"HILLTOP SENIOR HIGH","SWEETWATER UNION HIGH","68411","3732849",32.637033,-117.059084,"063864006484"
"HOLLY DRIVE LEADERSHIP ACADEMY","SAN DIEGO UNIFIED","68338","6117279",32.72333,-117.092411,"063432008306"
"HOLMES ELEMENTARY","SAN DIEGO UNIFIED","68338","6039747",32.810558,-117.189651,"063432005481"
"HOME & HOSP/TRANSITION SUPPORT","SAN DIEGO UNIFIED","68338","126938",32.754638,-117.147609,"063432013144"
"HOOVER HIGH","SAN DIEGO UNIFIED","68338","3732997",32.756028,-117.098005,"063432005482"
"HOPE ELEMENTARY","CARLSBAD UNIFIED","73551","6106512",33.17055,-117.304659,"060750009120"
"HORTON ELEMENTARY","SAN DIEGO UNIFIED","68338","6039754",32.712301,-117.087061,"063432005483"
"HOWARD GARDNER COMMUNITY CHARTER","CHULA VISTA ELEMENTARY","68023","124321",32.641217,-117.09544,"060861012866"
"HOWARD PENCE ELEMENTARY","SOUTH BAY UNION","68395","6094973",32.578474,-117.061794,"063738006324"
"IBARRA ELEMENTARY","SAN DIEGO UNIFIED","68338","108290",32.752787,-117.0895,"063432011384"
"IDEA CENTER","GROSSMONT UNION HIGH","68130","132548",32.817276,-116.980663,"061623013915"
"IFTIN CHARTER","SAN DIEGO UNIFIED","68338","108548",32.754953,-117.054226,"063432011385"
"IHIGH VIRTUAL ACADEMY","SAN DIEGO UNIFIED","68338","120410",32.750867,-117.194696,"063432012534"
"IMPERIAL BEACH CHARTER","SOUTH BAY UNION","68395","6040505",32.578847,-117.119463,"063738006320"
"INGENUITY CHARTER","SAN DIEGO UNIFIED","68338","131979",32.70254,-117.064841,"063432013917"
"INNOVATION MIDDLE","SAN DIEGO UNIFIED","68338","116939",32.837775,-117.17473,"063432012352"
"INNOVATIONS ACADEMY","SAN DIEGO UNIFIED","68338","118083",32.935367,-117.095631,"063432012261"
"INSPIRE CHARTER SCHOOL - SOUTH","DEHESA ELEMENTARY","68049","132506",32.78199,-116.851031,"061071013913"
"INTEGRITY CHARTER","NATIONAL ELEMENTARY","68221","101360",32.676452,-117.106777,"062667011237"
"IRA HARBISON","NATIONAL ELEMENTARY","68221","6038764",32.685785,-117.073229,"062667004044"
"IVEY RANCH ELEMENTARY","OCEANSIDE UNIFIED","73569","6109995",33.218975,-117.30176,"062825010311"
"IVY HIGH (CONTINUATION)","FALLBROOK UNION HIGH","68122","3732195",33.348715,-117.238087,"061353001546"
"JACUMBA MIDDLE","MOUNTAIN EMPIRE UNIFIED","68213","126995",32.614686,-116.19364,"062610013049"
"JAMACHA ELEMENTARY","CAJON VALLEY UNION","67991","6110787",32.739402,-116.911773,"060681001165"
"JAMES DUKES ELEMENTARY","RAMONA CITY UNIFIED","68304","6105555",33.009104,-116.791281,"063171008943"
"JAMES E. POTTER INTERMEDIATE","FALLBROOK UNION ELEMENTARY","68114","6038277",33.368621,-117.221817,"061350001540"
"JAMUL INTERMEDIATE","JAMUL-DULZURA UNION ELEMENTARY","68155","6112205",32.728994,-116.856072,"061873003937"
"JAMUL PRIMARY","JAMUL-DULZURA UNION ELEMENTARY","68155","6038319",32.729358,-116.853148,"061873002273"
"JEFFERSON ELEMENTARY","CARLSBAD UNIFIED","73551","6037782",33.152333,-117.339284,"060750000710"
"JEFFERSON ELEMENTARY","SAN DIEGO UNIFIED","68338","6039770",32.747476,-117.133119,"063432005485"
"JEFFERSON MIDDLE","OCEANSIDE UNIFIED","73569","6038830",33.210046,-117.362933,"062825004361"
"JERABEK ELEMENTARY","SAN DIEGO UNIFIED","68338","6099071",32.90799,-117.084133,"063432005486"
"JOAN MACQUEEN MIDDLE","ALPINE UNION ELEMENTARY","67967","6037535",32.824465,-116.774327,"060210000092"
"JOHN A. OTIS ELEMENTARY","NATIONAL ELEMENTARY","68221","6038756",32.66997,-117.096901,"062667004049"
"JOHN MUIR","SAN DIEGO UNIFIED","68338","3730116",32.823531,-117.193738,"063432005487"
"JOHNSON ELEMENTARY","SAN DIEGO UNIFIED","68338","6039788",32.720053,-117.075185,"063432005488"
"JOHNSON ELEMENTARY","CAJON VALLEY UNION","67991","6037675",32.80119,-116.968927,"060681000617"
"JOLI ANN LEICHTAG ELEMENTARY","SAN MARCOS UNIFIED","73791","116467",33.155924,-117.211509,"063488012201"
"JONAS SALK ELEMENTARY","SAN DIEGO UNIFIED","68338","132316",32.905384,-117.155612,"063432013916"
"JONES ELEMENTARY","SAN DIEGO UNIFIED","68338","6039796",32.795708,-117.141858,"063432005489"
"JOYNER ELEMENTARY","SAN DIEGO UNIFIED","68338","114041",32.741705,-117.102862,"063432012000"
"JUAREZ ELEMENTARY","SAN DIEGO UNIFIED","68338","6039804",32.792081,-117.125208,"063432005490"
"JUAREZ-LINCOLN ELEMENTARY","CHULA VISTA ELEMENTARY","68023","6069090",32.580586,-117.044508,"060861000863"
"JULIAN CHARTER","JULIAN UNION ELEMENTARY","68163","3731239",33.07879,-116.594865,"061914008596"
"JULIAN ELEMENTARY","JULIAN UNION ELEMENTARY","68163","6038327",33.07879,-116.594865,"061914002306"
"JULIAN HIGH","JULIAN UNION HIGH","68171","3733219",33.077096,-116.595139,"061911002305"
"JULIAN JUNIOR HIGH","JULIAN UNION ELEMENTARY","68163","6105845",33.07879,-116.594865,"061914008859"
"JUNIPER ELEMENTARY","ESCONDIDO UNION","68098","6038228",33.105102,-117.068571,"061288001458"
"KAVOD ELEMENTARY CHARTER","SAN DIEGO UNIFIED","68338","126730",32.801479,-117.12664,"063432013201"
"KEARNY COLLEGE CONNECTIONS","SAN DIEGO UNIFIED","68338","107094",32.800381,-117.160327,"063432011147"
"KEARNY DIGITAL MEDIA & DESIGN","SAN DIEGO UNIFIED","68338","107078",32.800381,-117.160327,"063432011145"
"KEARNY ENG INNOV & DESIGN","SAN DIEGO UNIFIED","68338","107102",32.800381,-117.160327,"063432011148"
"KEARNY SCT","SAN DIEGO UNIFIED","68338","107086",32.800381,-117.160327,"063432011146"
"KEILLER LEADERSHIP ACADEMY","SAN DIEGO UNIFIED","68338","6039812",32.712975,-117.042085,"063432005492"
"KELLOGG (KARL H.) ELEMENTARY","CHULA VISTA ELEMENTARY","68023","6037923",32.620334,-117.048458,"060861000864"
"KELLY ELEMENTARY","CARLSBAD UNIFIED","73551","6099352",33.147292,-117.312154,"060750000711"
"KEMPTON STREET LITERACY ACADEMY","LA MESA-SPRING VALLEY","68197","6038467",32.710802,-117.002569,"062025002430"
"KIMBALL","NATIONAL ELEMENTARY","68221","6038772",32.665887,-117.106498,"062667004045"
"KIMBROUGH ELEMENTARY","SAN DIEGO UNIFIED","68338","6114292",32.709639,-117.13181,"063432007317"
"KING-CHAVEZ ACADEMY OF EXCELLENCE","SAN DIEGO UNIFIED","68338","6119598",32.702756,-117.142747,"063432010381"
"KING-CHAVEZ ARTS ACADEMY","SAN DIEGO UNIFIED","68338","109033",32.709759,-117.12678,"063432011390"
"KING-CHAVEZ ATHLETICS ACADEMY","SAN DIEGO UNIFIED","68338","109041",32.709802,-117.126723,"063432011391"
"KING-CHAVEZ COMMUNITY HIGH","SAN DIEGO UNIFIED","68338","118851",32.71865,-117.16263,"063432012195"
"KING-CHAVEZ PREPARATORY ACADEMY","SAN DIEGO UNIFIED","68338","111906",32.709785,-117.126761,"063432011767"
"KING-CHAVEZ PRIMARY ACADEMY","SAN DIEGO UNIFIED","68338","6040190",32.709781,-117.126765,"063432005556"
"KIPP ADELANTE PREPARATORY ACADEMY","SAN DIEGO UNIFIED","68338","101345",32.72073,-117.159001,"063432011263"
"KNOB HILL ELEMENTARY","SAN MARCOS UNIFIED","73791","6107148",33.139078,-117.120696,"063488009439"
"KNOX MIDDLE","SAN DIEGO UNIFIED","68338","124115",32.695778,-117.091097,"063432012892"
"KUMEYAAY ELEMENTARY","SAN DIEGO UNIFIED","68338","6112460",32.835759,-117.090223,"063432003952"
"L. R. GREEN ELEMENTARY","ESCONDIDO UNION","68098","6107882",33.084889,-117.060283,"061288009538"
"LA COSTA CANYON HIGH","SAN DIEGUITO UNION HIGH","68346","3731007",33.073002,-117.228179,"063438006516"
"LA COSTA HEIGHTS ELEMENTARY","ENCINITAS UNION ELEMENTARY","68080","6106132",33.08016,-117.243511,"061275008830"
"LA COSTA MEADOWS ELEMENTARY","SAN MARCOS UNIFIED","73791","6105993",33.103305,-117.241562,"063488008974"
"LA JOLLA ELEMENTARY","SAN DIEGO UNIFIED","68338","6039846",32.839071,-117.270596,"063432005495"
"LA JOLLA HIGH","SAN DIEGO UNIFIED","68338","3733508",32.833426,-117.272757,"063432005496"
"LA MESA ARTS ACADEMY","LA MESA-SPRING VALLEY","68197","132290",32.754934,-117.030225,"062025002432"
"LA MESA DALE ELEMENTARY","LA MESA-SPRING VALLEY","68197","6038475",32.757385,-117.032658,"062025002431"
"LA MESA-SPRING VALLEY HOME INDEPENDENT STUDY","LA MESA-SPRING VALLEY","68197","132951",32.76629,-117.008163,"062025013954"
"LA MIRADA ELEMENTARY","SAN YSIDRO ELEMENTARY","68379","6089007",32.563627,-117.04651,"063522005963"
"LA PALOMA ELEMENTARY","FALLBROOK UNION ELEMENTARY","68114","6038269",33.379379,-117.235098,"061350001541"
"LA PRESA ELEMENTARY","LA MESA-SPRING VALLEY","68197","6038509",32.706457,-116.992849,"062025002433"
"LAFAYETTE ELEMENTARY","SAN DIEGO UNIFIED","68338","6039853",32.827149,-117.169369,"063432005497"
"LAKE ELEMENTARY","VISTA UNIFIED","68452","6107585",33.174232,-117.256637,"064119009460"
"LAKESIDE FARMS ELEMENTARY","LAKESIDE UNION ELEMENTARY","68189","6038343",32.866436,-116.935635,"062079002493"
"LAKESIDE MIDDLE","LAKESIDE UNION ELEMENTARY","68189","6038350",32.854666,-116.938042,"062079002494"
"LAKEVIEW ELEMENTARY","LAKESIDE UNION ELEMENTARY","68189","6038368",32.843792,-116.903552,"062079002495"
"LANGUAGE ACADEMY","SAN DIEGO UNIFIED","68338","6040000",32.768176,-117.061876,"063432005275"
"LAS PALMAS","NATIONAL ELEMENTARY","68221","6038780",32.671354,-117.083793,"062667004046"
"LAUDERBACH (J. CALVIN) ELEMENTARY","CHULA VISTA ELEMENTARY","68023","6037907",32.606641,-117.06977,"060861000865"
"LAUREL ELEMENTARY","OCEANSIDE UNIFIED","73569","6038848",33.207819,-117.373571,"062825004362"
"LAUREL PREPARATORY ACADEMY","SAN DIEGO UNIFIED","68338","128744",32.9028,-117.1841,"063432013681"
"LEARNING CHOICE ACADEMY","SAN DIEGO UNIFIED","68338","106799",32.755695,-117.013553,"063432011139"
"LEMON AVENUE ELEMENTARY","LA MESA-SPRING VALLEY","68197","6038517",32.767649,-117.008195,"062025002435"
"LEMON CREST ELEMENTARY","LAKESIDE UNION ELEMENTARY","68189","6110092",32.851852,-116.921266,"062079010310"
"LEMON GROVE ACADEMY FOR THE SCIENCES AND HUMANITIES","LEMON GROVE","68205","6038608",32.741599,-117.029071,"062133002549"
"LEONARDO DA VINCI HEALTH SCIENCES CHARTER","CHULA VISTA ELEMENTARY","68023","119594",32.620994,-117.048965,"060861012425"
"LEWIS MIDDLE","SAN DIEGO UNIFIED","68338","6059638",32.796495,-117.07952,"063432005499"
"LEXINGTON ELEMENTARY","CAJON VALLEY UNION","67991","6037683",32.790236,-116.944118,"060681000618"
"LIBBY ELEMENTARY","OCEANSIDE UNIFIED","73569","6038855",33.251746,-117.305351,"062825004363"
"LIBERTY ELEMENTARY","CHULA VISTA ELEMENTARY","68023","105957",32.664879,-116.9778,"060861011125"
"LILAC","VALLEY CENTER-PAUMA UNIFIED","75614","100511",33.257974,-117.06911,"060006911158"
"LINCOLN ACRES","NATIONAL ELEMENTARY","68221","6038798",32.670116,-117.076275,"062667004047"
"LINCOLN ELEMENTARY","ESCONDIDO UNION","68098","6038236",33.134555,-117.087755,"061288001459"
"LINCOLN HIGH","SAN DIEGO UNIFIED","68338","114025",32.702869,-117.089562,"063432011939"
"LINCOLN MIDDLE","OCEANSIDE UNIFIED","73569","6038863",33.189812,-117.350406,"062825004364"
"LINDA VISTA ELEMENTARY","SAN DIEGO UNIFIED","68338","6039879",32.793148,-117.173412,"063432005501"
"LINDBERGH/SCHWEITZER ELEMENTARY","SAN DIEGO UNIFIED","68338","6039887",32.819291,-117.170514,"063432005502"
"LINDO PARK ELEMENTARY","LAKESIDE UNION ELEMENTARY","68189","6038376",32.859371,-116.913934,"062079002496"
"LITERACY FIRST CHARTER","SAN DIEGO COUNTY OFFICE OF EDUCATION","10371","6119119",32.787332,-116.952348,"069103010374"
"LIVE OAK ELEMENTARY","FALLBROOK UNION ELEMENTARY","68114","6109524",33.370333,-117.216712,"061350009817"
"LOGAN K-8","SAN DIEGO UNIFIED","68338","6039895",32.700693,-117.132084,"063432005503"
"LOMA ELEMENTARY","LA MESA-SPRING VALLEY","68197","6098446",32.736146,-116.967562,"062025002436"
"LOMA PORTAL ELEMENTARY","SAN DIEGO UNIFIED","68338","6039903",32.740016,-117.221066,"063432005504"
"LOMA VERDE ELEMENTARY","CHULA VISTA ELEMENTARY","68023","6037949",32.601718,-117.050298,"060861000866"
"LONGFELLOW K-8","SAN DIEGO UNIFIED","68338","6039911",32.783456,-117.189013,"063432005505"
"LOS ALTOS ELEMENTARY","CHULA VISTA ELEMENTARY","68023","6070825",32.572059,-117.050088,"060861000867"
"LOS COCHES CREEK MIDDLE","CAJON VALLEY UNION","67991","111005",32.859972,-116.818323,"060681011751"
"LOS PENASQUITOS ELEMENTARY","POWAY UNIFIED","68296","6070841",32.969874,-117.09708,"063153004887"
"LOUISE FOUSSAT ELEMENTARY","OCEANSIDE UNIFIED","73569","113514",33.238819,-117.328722,"062825012011"
"MAAC COMMUNITY CHARTER","SWEETWATER UNION HIGH","68411","3731304",32.604521,-117.064289,"063864010384"
"MADISON AVENUE ELEMENTARY","CAJON VALLEY UNION","67991","6037691",32.799881,-116.920744,"060681000619"
"MADISON HIGH","SAN DIEGO UNIFIED","68338","3733698",32.831113,-117.173848,"063432005509"
"MADISON MIDDLE","VISTA UNIFIED","68452","6112221",33.174725,-117.258527,"064119003968"
"MAGNOLIA ELEMENTARY","CAJON VALLEY UNION","67991","6037709",32.81421,-116.954277,"060681000620"
"MAGNOLIA ELEMENTARY","CARLSBAD UNIFIED","73551","6037790",33.159452,-117.326516,"060750000713"
"MAGNOLIA SCIENCE ACADEMY SAN DIEGO","SAN DIEGO UNIFIED","68338","109157",32.796846,-117.012497,"063432011393"
"MAIE ELLIS ELEMENTARY","FALLBROOK UNION ELEMENTARY","68114","131920",33.37848,-117.255281,"061350013914"
"MAJOR GENERAL RAYMOND MURRAY HIGH","VISTA UNIFIED","68452","115451",33.198953,-117.254816,"064119012180"
"MANN MIDDLE","SAN DIEGO UNIFIED","68338","6059646",32.756088,-117.07889,"063432005510"
"MAR VISTA ACADEMY","SWEETWATER UNION HIGH","68411","6059786",32.573175,-117.096772,"063864006485"
"MAR VISTA SENIOR HIGH","SWEETWATER UNION HIGH","68411","3733953",32.579265,-117.121817,"063864006486"
"MARSHALL (THURGOOD) ELEMENTARY","CHULA VISTA ELEMENTARY","68023","6116396",32.659887,-116.966695,"060861008298"
"MARSHALL ELEMENTARY","SAN DIEGO UNIFIED","68338","6039952",32.743555,-117.086412,"063432005512"
"MARSHALL MIDDLE","SAN DIEGO UNIFIED","68338","6115331",32.930164,-117.082464,"063432007688"
"MARSTON MIDDLE","SAN DIEGO UNIFIED","68338","6059653",32.808819,-117.200114,"063432005513"
"MARTIN LUTHER KING JR. MIDDLE","OCEANSIDE UNIFIED","73569","6111777",33.21514,-117.30967,"062825003970"
"MARVIN ELEMENTARY","SAN DIEGO UNIFIED","68338","6039960",32.796306,-117.068377,"063432005514"
"MARY FAY PENDLETON ELEMENTARY","FALLBROOK UNION ELEMENTARY","68114","6038301",33.325212,-117.304498,"061350001543"
"MARYLAND AVENUE ELEMENTARY","LA MESA-SPRING VALLEY","68197","6038525",32.776536,-117.039301,"062025002437"
"MARYLAND ELEMENTARY","VISTA UNIFIED","68452","111237",33.215034,-117.259088,"064119011769"
"MASON ELEMENTARY","SAN DIEGO UNIFIED","68338","6071914",32.90642,-117.139965,"063432005515"
"MCGILL SCHOOL OF SUCCESS","SAN DIEGO UNIFIED","68338","6113211",32.72512,-117.129644,"063432005339"
"MCKINLEY ELEMENTARY","SAN DIEGO UNIFIED","68338","6039978",32.736739,-117.121606,"063432005516"
"MCMILLIN (CORKY) ELEMENTARY","CHULA VISTA ELEMENTARY","68023","6118988",32.6334,-116.983634,"060861010377"
"MEADOWBROOK MIDDLE","POWAY UNIFIED","68296","6038988",32.9651,-117.064883,"063153004888"
"MEMORIAL SCHOLARS & ATHLETES","SAN DIEGO UNIFIED","68338","117333",32.697434,-117.132686,"063432012239"
"MERIDIAN ELEMENTARY","CAJON VALLEY UNION","67991","6037717",32.78854,-116.926199,"060681000621"
"MERIT ACADEMY","GROSSMONT UNION HIGH","68130","128793",32.817276,-116.980663,"061623013711"
"MESA VERDE MIDDLE","POWAY UNIFIED","68296","6111306",32.961805,-117.146696,"063153002667"
"METHODSCHOOLS","DEHESA ELEMENTARY","68049","129221",32.781593,-116.850848,"061071013762"
"MIDLAND ELEMENTARY","POWAY UNIFIED","68296","6038996",32.966958,-117.036932,"063153004889"
"MILLENNIAL TECH MIDDLE","SAN DIEGO UNIFIED","68338","117325",32.717087,-117.088964,"063432012376"
"MILLER ELEMENTARY","SAN DIEGO UNIFIED","68338","6093256",32.818134,-117.106032,"063432005519"
"MILLER ELEMENTARY","ESCONDIDO UNION","68098","6066997",33.096974,-117.079891,"061288001460"
"MIRA MESA HIGH","SAN DIEGO UNIFIED","68338","3730181",32.910702,-117.141842,"063432005520"
"MIRAMAR RANCH ELEMENTARY","SAN DIEGO UNIFIED","68338","6069116",32.909451,-117.098346,"063432005521"
"MISSION BAY HIGH","SAN DIEGO UNIFIED","68338","3734431",32.800342,-117.223876,"063432005522"
"MISSION ELEMENTARY","OCEANSIDE UNIFIED","73569","6038871",33.206976,-117.36235,"062825004365"
"MISSION ESTANCIA ELEMENTARY","ENCINITAS UNION ELEMENTARY","68080","6108534",33.07217,-117.240401,"061275009537"
"MISSION HILLS HIGH","SAN MARCOS UNIFIED","73791","105726",33.145286,-117.1444,"063488011404"
"MISSION MEADOWS ELEMENTARY","VISTA UNIFIED","68452","6110407",33.246161,-117.256869,"064119001249"
"MISSION MIDDLE","ESCONDIDO UNION","68098","6038210",33.133778,-117.074009,"061288001456"
"MISSION VISTA HIGH","VISTA UNIFIED","68452","118430",33.256031,-117.264163,"064119012341"
"MONARCH","SAN DIEGO COUNTY OFFICE OF EDUCATION","10371","120493",32.702395,-117.150395,"069103012496"
"MONTE VISTA ELEMENTARY","VISTA UNIFIED","68452","6040638",33.190773,-117.212471,"064119006820"
"MONTE VISTA HIGH","GROSSMONT UNION HIGH","68130","3734548",32.737611,-116.973643,"061623002024"
"MONTECITO HIGH (CONTINUATION)","RAMONA CITY UNIFIED","68304","3735958",33.039168,-116.863533,"063171004906"
"MONTEREY HEIGHTS ELEMENTARY","LEMON GROVE","68205","6038624",32.722382,-117.033114,"062133002551"
"MONTEREY RIDGE ELEMENTARY","POWAY UNIFIED","68296","111187",33.026872,-117.108862,"063153011757"
"MONTGOMERY (JOHN J.) ELEMENTARY","CHULA VISTA ELEMENTARY","68023","6037915",32.597681,-117.068469,"060861000868"
"MONTGOMERY MIDDLE","CAJON VALLEY UNION","67991","6093207",32.797185,-116.921008,"060681000622"
"MONTGOMERY MIDDLE","SAN DIEGO UNIFIED","68338","6059679",32.788565,-117.172044,"063432005525"
"MONTGOMERY MIDDLE","SWEETWATER UNION HIGH","68411","6070890",32.576744,-117.055521,"063864006487"
"MONTGOMERY SENIOR HIGH","SWEETWATER UNION HIGH","68411","3738234",32.584599,-117.064813,"063864006488"
"MORNING CREEK ELEMENTARY","POWAY UNIFIED","68296","6109318",32.953334,-117.095638,"063153010006"
"MORSE HIGH","SAN DIEGO UNIFIED","68338","3734654",32.701105,-117.048031,"063432005526"
"MOUNT MIGUEL HIGH","GROSSMONT UNION HIGH","68130","3734761",32.722726,-117.017044,"061623002025"
"MOUNTAIN EMPIRE HIGH","MOUNTAIN EMPIRE UNIFIED","68213","3734878",32.733847,-116.492803,"062610003906"
"MOUNTAIN EMPIRE SPECIAL EDUCATION PRESCHOOL","MOUNTAIN EMPIRE UNIFIED","68213","118711",32.733888,-116.492709,"062610013510"
"MOUNTAIN VALLEY ACADEMY","RAMONA CITY UNIFIED","68304","131250",33.026426,-116.878444,"063171008945"
"MOUNTAIN VIEW LEARNING ACADEMY","ALPINE UNION ELEMENTARY","67967","6109953",32.831714,-116.816099,"060210007300"
"MT. CARMEL HIGH","POWAY UNIFIED","68296","3730074",32.966749,-117.122079,"063153004890"
"MT. EVEREST ACADEMY","SAN DIEGO UNIFIED","68338","3730751",32.819872,-117.186551,"063432009437"
"MT. VERNON ELEMENTARY","LEMON GROVE","68205","6038632",32.732481,-117.020358,"062133002552"
"MT. WOODSON ELEMENTARY","RAMONA CITY UNIFIED","68304","6107999",33.032573,-116.95767,"063171009617"
"MUELLER CHARTER (ROBERT L.)","CHULA VISTA ELEMENTARY","68023","6037980",32.626906,-117.093812,"060861000869"
"MUIRLANDS MIDDLE","SAN DIEGO UNIFIED","68338","6059687",32.832672,-117.268441,"063432005527"
"MURDOCK ELEMENTARY","LA MESA-SPRING VALLEY","68197","6070833",32.759872,-116.985439,"062025002438"
"MURRAY MANOR ELEMENTARY","LA MESA-SPRING VALLEY","68197","6038533",32.787914,-117.019742,"062025002439"
"MUSEUM","SAN DIEGO UNIFIED","68338","6115570",32.732133,-117.1624,"063432007689"
"NARANCA ELEMENTARY","CAJON VALLEY UNION","67991","6037725",32.804944,-116.947588,"060681000623"
"NATIONAL CITY MIDDLE","SWEETWATER UNION HIGH","68411","6059794",32.669285,-117.099413,"063864006489"
"NATIONAL UNIVERSITY ACADEMY","LAKESIDE UNION ELEMENTARY","68189","118323",33.172533,-117.220099,"062079012287"
"NESTOR LANGUAGE ACADEMY CHARTER","SOUTH BAY UNION","68395","6040513",32.570262,-117.083037,"063738006321"
"NICHOLS ELEMENTARY","OCEANSIDE UNIFIED","73569","6119713",33.23785,-117.315497,"062825010645"
"NORMAL HEIGHTS ELEMENTARY","SAN DIEGO UNIFIED","68338","111864",32.760893,-117.112771,"063432011765"
"NORMAN L. SULLIVAN MIDDLE","BONSALL UNIFIED","76851","6108567",33.29731,-117.175131,"060142609519"
"NORTH BROADWAY ELEMENTARY","ESCONDIDO UNION","68098","6102750",33.16269,-117.093775,"061288007704"
"NORTH COASTAL CONSORTIUM SCHOOLS","SAN DIEGO COUNTY OFFICE OF EDUCATION","10371","1996545",33.14231,-117.150958,"069103010620"
"NORTH COUNTY TRADE TECH HIGH","VISTA UNIFIED","68452","114264",33.198165,-117.249559,"064119011970"
"NORTH TERRACE ELEMENTARY","OCEANSIDE UNIFIED","73569","6038889",33.217311,-117.378993,"062825004366"
"NORTHMONT ELEMENTARY","LA MESA-SPRING VALLEY","68197","6038541",32.790462,-116.993627,"062025002440"
"NYE ELEMENTARY","SAN DIEGO UNIFIED","68338","6112478",32.696089,-117.069084,"063432003954"
"OAK CREST MIDDLE","SAN DIEGUITO UNION HIGH","68346","6059737",33.042557,-117.265571,"063438005576"
"OAK GLEN HIGH","VALLEY CENTER-PAUMA UNIFIED","75614","3731312",33.28121,-117.0252,"060006908608"
"OAK GROVE MIDDLE","JAMUL-DULZURA UNION ELEMENTARY","68155","6097182",32.723532,-116.862542,"061873002274"
"OAK HILL ELEMENTARY","ESCONDIDO UNION","68098","6038244",33.130796,-117.050192,"061288001462"
"OAK PARK ELEMENTARY","SAN DIEGO UNIFIED","68338","6040026",32.732903,-117.08062,"063432005529"
"OAK VALLEY MIDDLE","POWAY UNIFIED","68296","108332",33.000139,-117.10962,"063153011134"
"OASIS HIGH (ALTERNATIVE)","FALLBROOK UNION HIGH","68122","3730967",33.35186,-117.236291,"061353005258"
"OCEAN AIR","DEL MAR UNION ELEMENTARY","68056","114686",32.92809,-117.2147,"061074012091"
"OCEAN BEACH ELEMENTARY","SAN DIEGO UNIFIED","68338","6040034",32.745209,-117.246825,"063432005530"
"OCEAN KNOLL ELEMENTARY","ENCINITAS UNION ELEMENTARY","68080","6038152",33.040167,-117.271599,"061275001436"
"OCEAN SHORES HIGH (CONTINUATION)","OCEANSIDE UNIFIED","73569","3739026",33.201249,-117.330323,"062825004367"
"OCEAN VIEW HILLS","SAN YSIDRO ELEMENTARY","68379","6119341",32.571718,-117.024923,"063522010382"
"OCEANSIDE HIGH","OCEANSIDE UNIFIED","73569","3735206",33.197514,-117.373466,"062825004368"
"OLD TOWN ACADEMY K-8 CHARTER","SAN DIEGO UNIFIED","68338","123778",32.74672,-117.189101,"063432012786"
"OLIVE ELEMENTARY","VISTA UNIFIED","68452","6040646",33.204115,-117.25943,"064119006821"
"OLIVE PEIRCE MIDDLE","RAMONA CITY UNIFIED","68304","6105563",33.026481,-116.872325,"063171008944"
"OLIVENHAIN PIONEER ELEMENTARY","ENCINITAS UNION ELEMENTARY","68080","6112445",33.061731,-117.23884,"061275003928"
"OLIVEWOOD","NATIONAL ELEMENTARY","68221","6038806",32.662443,-117.094078,"062667004048"
"OLYMPIAN HIGH","SWEETWATER UNION HIGH","68411","111831",32.60215,-116.968901,"063864011768"
"OLYMPIC VIEW ELEMENTARY","CHULA VISTA ELEMENTARY","68023","6113021",32.63758,-116.965152,"060861005253"
"ONEONTA ELEMENTARY","SOUTH BAY UNION","68395","6040521",32.572908,-117.111519,"063738006323"
"OPTIONS SECONDARY","SWEETWATER UNION HIGH","68411","3731155",32.614323,-117.075897,"063864007709"
"ORANGE GLEN ELEMENTARY","ESCONDIDO UNION","68098","6038947",33.145421,-117.035066,"061288001463"
"ORANGE GLEN HIGH","ESCONDIDO UNION HIGH","68106","3735313",33.129733,-117.04145,"061291001466"
"OTAY ELEMENTARY","CHULA VISTA ELEMENTARY","68023","6095038",32.596357,-117.05721,"060861007680"
"OTAY RANCH SENIOR HIGH","SWEETWATER UNION HIGH","68411","3731627",32.620061,-116.99046,"063864011264"
"PACIFIC BEACH ELEMENTARY","SAN DIEGO UNIFIED","68338","6040042",32.809024,-117.25058,"063432005531"
"PACIFIC BEACH MIDDLE","SAN DIEGO UNIFIED","68338","6059695",32.801826,-117.242253,"063432005532"
"PACIFIC RIM ELEMENTARY","CARLSBAD UNIFIED","73551","6116578",33.110943,-117.305253,"060750008312"
"PACIFIC TRAILS MIDDLE","SAN DIEGUITO UNION HIGH","68346","131649",32.958944,-117.185714,"063438013861"
"PACIFIC VIEW CHARTER","OCEANSIDE UNIFIED","73569","3731221",33.211392,-117.313465,"062825008313"
"PACIFIC VIEW LEADERSHIP ELEMENTARY","SAN DIEGO UNIFIED","68338","6039861",32.671112,-117.056773,"063432005498"
"PAINTED ROCK ELEMENTARY","POWAY UNIFIED","68296","6085088",33.01623,-117.038971,"063153004891"
"PALMER WAY","NATIONAL ELEMENTARY","68221","6038814",32.67947,-117.076196,"062667004050"
"PALMQUIST ELEMENTARY","OCEANSIDE UNIFIED","73569","6038897",33.188129,-117.350277,"062825004370"
"PALOMA ELEMENTARY","SAN MARCOS UNIFIED","73791","6108872",33.159575,-117.185796,"063488010068"
"PALOMAR ELEMENTARY","CHULA VISTA ELEMENTARY","68023","6037972",32.612812,-117.04315,"060861000871"
"PALOMAR HIGH","SWEETWATER UNION HIGH","68411","3732047",32.605123,-117.073741,"063864006490"
"PARADISE HILLS ELEMENTARY","SAN DIEGO UNIFIED","68338","6040059",32.679899,-117.067287,"063432005533"
"PARK DALE LANE ELEMENTARY","ENCINITAS UNION ELEMENTARY","68080","6095046",33.047434,-117.242543,"061275001438"
"PARK VILLAGE ELEMENTARY","POWAY UNIFIED","68296","6111314",32.941421,-117.150818,"063153003938"
"PARKVIEW ELEMENTARY","CHULA VISTA ELEMENTARY","68023","6066971",32.613715,-117.031904,"060861000872"
"PARKWAY MIDDLE","LA MESA-SPRING VALLEY","68197","6038558",32.790481,-117.003481,"062025002441"
"PATHWAYS ACADEMY CHARTER","BONSALL UNIFIED","76851","132886",33.28701,-117.219281,"060142613961"
"PATHWAYS ACADEMY CHARTER SCHOOL ADULT EDUCATION","ACTON-AGUA DULCE UNIFIED","75309","134585",33.104648,-117.218724,"060000114062"
"PAUL ECKE-CENTRAL ELEMENTARY","ENCINITAS UNION ELEMENTARY","68080","6038145",33.057299,-117.296367,"061275001434"
"PAUMA ELEMENTARY","VALLEY CENTER-PAUMA UNIFIED","75614","6038962",33.315698,-117.00067,"060006908610"
"PENN ELEMENTARY","SAN DIEGO UNIFIED","68338","6077317",32.673897,-117.047281,"063432005534"
"PEPPER DRIVE ELEMENTARY","SANTEE","68361","6040372",32.827415,-116.953113,"063588006142"
"PERKINS K-8","SAN DIEGO UNIFIED","68338","6039929",32.700807,-117.148419,"063432005506"
"PERRY ELEMENTARY","SAN DIEGO UNIFIED","68338","6040067",32.685959,-117.059595,"063432005535"
"PERSHING MIDDLE","SAN DIEGO UNIFIED","68338","6061972",32.802063,-117.02057,"063432005536"
"PINE VALLEY MIDDLE","MOUNTAIN EMPIRE UNIFIED","68213","127001",32.820313,-116.526346,"062610013109"
"PIONEER ELEMENTARY","ESCONDIDO UNION","68098","6110381",33.138932,-117.071482,"061288001172"
"PIVOT CHARTER SCHOOL - SAN DIEGO","MOUNTAIN EMPIRE UNIFIED","68213","123240",33.12439,-117.208791,"062610012823"
"POINSETTIA ELEMENTARY","CARLSBAD UNIFIED","73551","113498",33.117711,-117.254841,"060750011987"
"POINT LOMA HIGH","SAN DIEGO UNIFIED","68338","3735750",32.740256,-117.225138,"063432005537"
"POMERADO ELEMENTARY","POWAY UNIFIED","68296","6039002",32.958084,-117.064132,"063153004892"
"PORTER ELEMENTARY","SAN DIEGO UNIFIED","68338","108274",32.699152,-117.092716,"063432011382"
"POTRERO ELEMENTARY","MOUNTAIN EMPIRE UNIFIED","68213","6097190",32.610355,-116.612682,"062610003909"
"POWAY HIGH","POWAY UNIFIED","68296","3735867",32.999045,-117.025455,"063153004893"
"PREUSS SCHOOL UCSD","SAN DIEGO UNIFIED","68338","3731189",32.87765,-117.240041,"063432008303"
"PRIDE ACADEMY AT PROSPECT AVENUE","SANTEE","68361","6040380",32.832961,-116.995551,"063588006143"
"QUANTUM ACADEMY","ESCONDIDO UNION","68098","131813",33.143767,-117.034947,"061288013863"
"QUEST ACADEMY","LA MESA-SPRING VALLEY","68197","115543",32.7294,-117.007395,"062025012168"
"R. ROGER ROWE ELEMENTARY","RANCHO SANTA FE ELEMENTARY","68312","6039051",33.021393,-117.206763,"063174004910"
"R. ROGER ROWE MIDDLE","RANCHO SANTA FE ELEMENTARY","68312","6070908",33.0214,-117.206787,"063174004911"
"RAMONA COMMUNITY MONTESSORI","RAMONA CITY UNIFIED","68304","131268",33.02673,-116.878281,"063171013846"
"RAMONA ELEMENTARY","RAMONA CITY UNIFIED","68304","6039036",33.04201,-116.865242,"063171004907"
"RAMONA HIGH","RAMONA CITY UNIFIED","68304","3735974",33.026922,-116.869138,"063171004908"
"RANCHO BERNARDO HIGH","POWAY UNIFIED","68296","3730819",32.995395,-117.066223,"063153010004"
"RANCHO BUENA VISTA HIGH","VISTA UNIFIED","68452","3730728",33.163882,-117.247559,"064119009203"
"RANCHO DE LA NACION","NATIONAL ELEMENTARY","68221","6108559",32.687684,-117.090623,"062667009590"
"RANCHO DEL REY MIDDLE","SWEETWATER UNION HIGH","68411","6114276",32.629057,-117.007747,"063864007348"
"RANCHO ELEMENTARY","LA MESA-SPRING VALLEY","68197","6038566",32.704256,-117.015873,"062025002442"
"RANCHO MINERVA MIDDLE","VISTA UNIFIED","68452","6059802",33.203475,-117.205176,"064119006819"
"RANCHO SAN DIEGO ELEMENTARY","CAJON VALLEY UNION","67991","6106025",32.75374,-116.933651,"060681008802"
"REACH ACADEMY","GROSSMONT UNION HIGH","68130","128819",32.793343,-116.935429,"061623013677"
"REIDY CREEK ELEMENTARY","ESCONDIDO UNION","68098","107862",33.171707,-117.091547,"061288011130"
"REYNOLDS ELEMENTARY","OCEANSIDE UNIFIED","73569","6106546",33.256422,-117.312617,"062825009169"
"RICE (LILIAN J.) ELEMENTARY","CHULA VISTA ELEMENTARY","68023","6037931",32.619135,-117.074668,"060861000873"
"RICHLAND ELEMENTARY","SAN MARCOS UNIFIED","73791","6039077",33.155292,-117.140871,"063488005890"
"RILEY/NEW DAWN","SAN DIEGO UNIFIED","68338","6040083",32.809337,-117.179036,"063432005539"
"RINCON MIDDLE","ESCONDIDO UNION","68098","6105944",33.157659,-117.081615,"061288008833"
"RIO SECO ELEMENTARY","SANTEE","68361","6085153",32.851347,-116.982303,"063588006144"
"RIOS ELEMENTARY","CAJON VALLEY UNION","67991","6037733",32.840784,-116.872694,"060681000624"
"RIVER VALLEY CHARTER","LAKESIDE UNION ELEMENTARY","68189","3731072",32.853583,-116.940138,"062079007308"
"RIVERVIEW ELEMENTARY","LAKESIDE UNION ELEMENTARY","68189","6038384",32.846965,-116.932063,"062079002497"
"ROCK SPRINGS ELEMENTARY","ESCONDIDO UNION","68098","6111769",33.137826,-117.106676,"061288003933"
"RODRIGUEZ ELEMENTARY","SAN DIEGO UNIFIED","68338","114033",32.69777,-117.126171,"063432011973"
"ROGERS (GREG) ELEMENTARY","CHULA VISTA ELEMENTARY","68023","6037857",32.622054,-117.035395,"060861000874"
"ROHR (FRED H.) ELEMENTARY","CHULA VISTA ELEMENTARY","68023","6037840",32.601781,-117.041565,"060861000875"
"ROLANDO ELEMENTARY","LA MESA-SPRING VALLEY","68197","6038574",32.762751,-117.048196,"062025002443"
"ROLANDO PARK ELEMENTARY","SAN DIEGO UNIFIED","68338","6040091",32.74701,-117.054792,"063432005540"
"ROLLING HILLS ELEMENTARY","POWAY UNIFIED","68296","6097208",32.990218,-117.092507,"063153004894"
"ROOSEVELT INTERNATIONAL MIDDLE","SAN DIEGO UNIFIED","68338","6059703",32.740412,-117.148095,"063432005541"
"ROOSEVELT MIDDLE","VISTA UNIFIED","68452","6107577",33.236315,-117.281716,"064119009459"
"ROSA PARKS ELEMENTARY","SAN DIEGO UNIFIED","68338","6114375",32.746982,-117.097042,"063432007328"
"ROSE ELEMENTARY","ESCONDIDO UNION","68098","6038251",33.142818,-117.064626,"061288001464"
"ROSEBANK ELEMENTARY","CHULA VISTA ELEMENTARY","68023","6037998",32.649488,-117.072563,"060861000876"
"ROSS ELEMENTARY","SAN DIEGO UNIFIED","68338","6040109",32.811816,-117.162038,"063432005542"
"ROWAN ELEMENTARY","SAN DIEGO UNIFIED","68338","6040117",32.723956,-117.112051,"063432005543"
"SAGE CANYON","DEL MAR UNION ELEMENTARY","68056","6117923",32.926127,-117.203863,"061074008591"
"SAGE CREEK HIGH","CARLSBAD UNIFIED","73551","127423",33.157931,-117.285057,"060750013058"
"SALT CREEK ELEMENTARY","CHULA VISTA ELEMENTARY","68023","105965",32.647977,-116.948766,"060861011126"
"SAN ALTOS ELEMENTARY","LEMON GROVE","68205","6038657",32.723845,-117.047116,"062133002554"
"SAN DIEGO BUSINESS/LEADERSHIP","SAN DIEGO UNIFIED","68338","107052",32.720151,-117.153173,"063432011143"
"SAN DIEGO COOPERATIVE CHARTER","SAN DIEGO UNIFIED","68338","6119168",32.791437,-117.16696,"063432010636"
"SAN DIEGO COOPERATIVE CHARTER SCHOOL 2","SAN DIEGO UNIFIED","68338","127654",32.697726,-117.117774,"063432013580"
"SAN DIEGO COUNTY COMMUNITY","SAN DIEGO COUNTY OFFICE OF EDUCATION","10371","128520",32.76976,-117.179591,"069103013682"
"SAN DIEGO COUNTY COURT","SAN DIEGO COUNTY OFFICE OF EDUCATION","10371","128538",32.794203,-117.153908,"069103013693"
"SAN DIEGO COUNTY ROP","SAN DIEGO COUNTY ROP","74526","3790029",32.770054,-117.179556,"060013811406"
"SAN DIEGO COUNTY SPECIAL EDUCATION","SAN DIEGO COUNTY OFFICE OF EDUCATION","10371","6069355",32.770069,-117.179612,"069103009244"
"SAN DIEGO INTERNATIONAL STUDIES","SAN DIEGO UNIFIED","68338","107029",32.720132,-117.153159,"063432011140"
"SAN DIEGO METRO CAREER AND TECH","SAN DIEGO UNIFIED","68338","107482",32.804795,-117.169047,"063432011154"
"SAN DIEGO NEIGHBORHOOD HOMESCHOOLS","MOUNTAIN EMPIRE UNIFIED","68213","119560",33.204871,-117.308189,"062610012408"
"SAN DIEGO SCIENCE AND TECHNOLOGY","SAN DIEGO UNIFIED","68338","107219",32.720126,-117.15316,"063432011153"
"SAN DIEGO SCPA","SAN DIEGO UNIFIED","68338","3730371",32.679784,-117.048567,"063432008962"
"SAN DIEGO VIRTUAL","MOUNTAIN EMPIRE UNIFIED","68213","123224",32.73208,-116.492661,"062610012767"
"SAN DIEGO WORKFORCE INNOVATION HIGH","BORREGO SPRINGS UNIFIED","67983","134890",33.26548,-116.381531,"060570014037"
"SAN DIEGUITO HIGH ACADEMY","SAN DIEGUITO UNION HIGH","68346","3737418",33.037855,-117.274552,"063438005577"
"SAN ELIJO ELEMENTARY","SAN MARCOS UNIFIED","73791","111468",33.100659,-117.196341,"063488011771"
"SAN ELIJO MIDDLE","SAN MARCOS UNIFIED","73791","105684",33.098943,-117.197226,"063488011403"
"SAN JOSE VALLEY CONTINUATION HIGH","WARNER UNIFIED","75416","3731015",33.274332,-116.643105,"060004206527"
"SAN LUIS REY ELEMENTARY","OCEANSIDE UNIFIED","73569","6038905",33.220133,-117.334849,"062825004371"
"SAN MARCOS ELEMENTARY","SAN MARCOS UNIFIED","73791","6039085",33.14128,-117.16829,"063488005892"
"SAN MARCOS HIGH","SAN MARCOS UNIFIED","73791","3737632",33.130371,-117.20628,"063488005893"
"SAN MARCOS MIDDLE","SAN MARCOS UNIFIED","73791","6039093",33.147018,-117.174992,"063488005894"
"SAN MIGUEL ELEMENTARY","LEMON GROVE","68205","6038665",32.734663,-117.045901,"062133002555"
"SAN ONOFRE ELEMENTARY","FALLBROOK UNION ELEMENTARY","68114","6096515",33.389787,-117.574585,"061350001544"
"SAN PASQUAL ACADEMY","SAN DIEGO COUNTY OFFICE OF EDUCATION","10371","115998",33.087248,-116.947979,"069103012159"
"SAN PASQUAL HIGH","ESCONDIDO UNION HIGH","68106","3730058",33.07636,-117.056581,"061291001467"
"SAN PASQUAL UNION ELEMENTARY","SAN PASQUAL UNION ELEMENTARY","68353","6040331",33.110556,-117.011759,"063504005928"
"SAN YSIDRO HIGH","SWEETWATER UNION HIGH","68411","3731502",32.565664,-117.018249,"063864010642"
"SAN YSIDRO MIDDLE","SAN YSIDRO ELEMENTARY","68379","6098453",32.560374,-117.038646,"063522005964"
"SANDBURG ELEMENTARY","SAN DIEGO UNIFIED","68338","6089049",32.926242,-117.149001,"063432005545"
"SANTA MARGARITA ACADEMY","FALLBROOK UNION ELEMENTARY","68114","115519",33.384443,-117.247883,"061350012099"
"SANTA MARGARITA ELEMENTARY","OCEANSIDE UNIFIED","73569","6038913",33.232903,-117.377804,"062825004373"
"SANTANA HIGH","GROSSMONT UNION HIGH","68130","3737905",32.85735,-116.967968,"061623002026"
"SANTEE ALTERNATIVE","SANTEE","68361","6111041",32.86543,-116.972287,"063588001222"
"SANTEE SUCCESS PROGRAM","SANTEE","68361","6120190",32.865413,-116.972281,"063588010639"
"SCHOOL FOR ENTREPRENEURSHIP AND TECHNOLOGY","SAN DIEGO UNIFIED","68338","122788",32.808829,-117.141412,"063432012640"
"SCI TECH ENGR ARTS AND MATH ACAD AT LA PRESA","LA MESA-SPRING VALLEY","68197","132431",32.711899,-117.004636,"062025002434"
"SCRIPPS ELEMENTARY","SAN DIEGO UNIFIED","68338","6119135",32.935333,-117.095666,"063432010380"
"SCRIPPS RANCH HIGH","SAN DIEGO UNIFIED","68338","3730884",32.90774,-117.112286,"063432002688"
"SD GLOBAL VISION ACADEMY","SAN DIEGO UNIFIED","68338","121681",32.762543,-117.119055,"063432012630"
"SEQUOIA ELEMENTARY","SAN DIEGO UNIFIED","68338","6040133",32.828509,-117.17923,"063432005548"
"SERRA HIGH","SAN DIEGO UNIFIED","68338","3730173",32.826409,-117.104769,"063432005549"
"SESSIONS ELEMENTARY","SAN DIEGO UNIFIED","68338","6040141",32.809127,-117.232753,"063432005550"
"SEVICK SPECIAL EDUCATION","CAJON VALLEY UNION","67991","6093199",32.799776,-116.921999,"060681011752"
"SHADOW HILLS ELEMENTARY","ALPINE UNION ELEMENTARY","67967","6106256",32.831699,-116.816112,"060210009112"
"SHERMAN ELEMENTARY","SAN DIEGO UNIFIED","68338","6040158",32.709479,-117.142821,"063432005551"
"SHOAL CREEK ELEMENTARY","POWAY UNIFIED","68296","6114854",32.967245,-117.082015,"063153007679"
"SIATECH","VISTA UNIFIED","68452","106120",33.215894,-117.270195,"064119011401"
"SILVER GATE ELEMENTARY","SAN DIEGO UNIFIED","68338","6040166",32.73218,-117.244143,"063432005552"
"SILVER STRAND ELEMENTARY","CORONADO UNIFIED","68031","6038087",32.643998,-117.144095,"060987001074"
"SILVER WING ELEMENTARY","CHULA VISTA ELEMENTARY","68023","6038004",32.579591,-117.053168,"060861000877"
"SKYLINE ELEMENTARY","SOLANA BEACH ELEMENTARY","68387","6040455",32.997308,-117.26191,"063699006283"
"SMYTHE ELEMENTARY","SAN YSIDRO ELEMENTARY","68379","6085146",32.563397,-117.050257,"063522005965"
"SOLANA HIGHLANDS ELEMENTARY","SOLANA BEACH ELEMENTARY","68387","6106140",32.954929,-117.239943,"063699009196"
"SOLANA PACIFIC ELEMENTARY","SOLANA BEACH ELEMENTARY","68387","105825",32.951404,-117.231149,"063699011397"
"SOLANA RANCH ELEMENTARY","SOLANA BEACH ELEMENTARY","68387","129049",32.965847,-117.191674,"063699013801"
"SOLANA SANTA FE ELEMENTARY","SOLANA BEACH ELEMENTARY","68387","6111181",32.997103,-117.192116,"063699002691"
"SOLANA VISTA ELEMENTARY","SOLANA BEACH ELEMENTARY","68387","6070882",33.003768,-117.250511,"063699006284"
"SOUTH OCEANSIDE ELEMENTARY","OCEANSIDE UNIFIED","73569","6038921",33.177556,-117.357486,"062825004374"
"SOUTHWEST MIDDLE","SWEETWATER UNION HIGH","68411","6062012",32.569952,-117.073892,"063864006491"
"SOUTHWEST SENIOR HIGH","SWEETWATER UNION HIGH","68411","3730124",32.566863,-117.082791,"063864006492"
"SPENCER VALLEY ELEMENTARY","SPENCER VALLEY ELEMENTARY","68403","6040554",33.096694,-116.645249,"063768006380"
"SPRECKELS ELEMENTARY","SAN DIEGO UNIFIED","68338","6040174",32.849829,-117.213015,"063432005553"
"SPRING VALLEY ACADEMY","LA MESA-SPRING VALLEY","68197","134155",32.750112,-116.987842,"062025002445"
"STANDLEY MIDDLE","SAN DIEGO UNIFIED","68338","6096598",32.852935,-117.206615,"063432005554"
"STEELE CANYON HIGH","GROSSMONT UNION HIGH","68130","3731262",32.730122,-116.925152,"061623008594"
"STEPHEN W. HAWKING CHARTER","SWEETWATER UNION HIGH","68411","126086",32.605919,-117.061169,"063864013113"
"STEPHEN W. HAWKING II SCI TECH ENGR ART AND MATH CHARTER","SWEETWATER UNION HIGH","68411","128082",32.569929,-117.074015,"063864013457"
"STONE RANCH ELEMENTARY","POWAY UNIFIED","68296","102822",33.004554,-117.117494,"063153011133"
"STUART MESA ELEMENTARY","OCEANSIDE UNIFIED","73569","6115299",33.253798,-117.408202,"062825007717"
"SUNDANCE ELEMENTARY","POWAY UNIFIED","68296","6099444",32.960753,-117.134598,"063153004895"
"SUNNYSIDE ELEMENTARY","CHULA VISTA ELEMENTARY","68023","6038012",32.67359,-117.01424,"060861000878"
"SUNNYSLOPE ELEMENTARY","SOUTH BAY UNION","68395","6040539",32.581,-117.079559,"063738006325"
"SUNSET ELEMENTARY","SAN YSIDRO ELEMENTARY","68379","6093264",32.557562,-117.050211,"063522005966"
"SUNSET HIGH (CONTINUATION)","SAN DIEGUITO UNION HIGH","68346","3737384",33.044086,-117.277804,"063438005578"
"SUNSET HILLS ELEMENTARY","POWAY UNIFIED","68296","6093231",32.96832,-117.126701,"063153004896"
"SUNSET VIEW ELEMENTARY","SAN DIEGO UNIFIED","68338","6040208",32.724331,-117.250259,"063432005557"
"SWEETWATER COMMUNITY DAY","SWEETWATER UNION HIGH","68411","6117154",32.579242,-117.121941,"063864008310"
"SWEETWATER HIGH","SWEETWATER UNION HIGH","68411","3738226",32.659549,-117.093917,"063864006495"
"SWEETWATER SPRINGS ELEMENTARY","LA MESA-SPRING VALLEY","68197","6111207",32.730826,-116.974592,"062025002634"
"SYCAMORE CANYON ELEMENTARY","SANTEE","68361","6040406",32.862941,-117.005144,"063588006146"
"SYCAMORE RIDGE","DEL MAR UNION ELEMENTARY","68056","110114",32.954432,-117.198844,"061074011753"
"TAFT MIDDLE","SAN DIEGO UNIFIED","68338","6059711",32.801706,-117.130377,"063432005558"
"TAYLION SAN DIEGO ACADEMY","VALLECITOS ELEMENTARY","68437","128470",33.151633,-117.198978,"064071013696"
"TEMPLE HEIGHTS ELEMENTARY","VISTA UNIFIED","68452","100925",33.218288,-117.270059,"064119011270"
"TEOFILO MENDOZA","SOUTH BAY UNION","68395","6116008",32.577413,-117.089496,"063738008308"
"THE HEIGHTS CHARTER","DEHESA ELEMENTARY","68049","127118",32.834933,-116.755372,"061071013185"
"THE O'FARRELL CHARTER","SAN DIEGO UNIFIED","68338","6061964",32.702116,-117.065832,"063432010056"
"THRIVE PUBLIC","SBE - THRIVE PUBLIC","76901","134429",32.75406,-117.080001,"060142914021"
"TIERRA BONITA ELEMENTARY","POWAY UNIFIED","68296","6095053",32.980801,-117.028692,"063153004897"
"TIERRA DEL SOL MIDDLE","LAKESIDE UNION ELEMENTARY","68189","6085047",32.853796,-116.911023,"062079002498"
"TIERRASANTA ELEMENTARY","SAN DIEGO UNIFIED","68338","6089056",32.829434,-117.096832,"063432005559"
"TIFFANY (BURTON C.) ELEMENTARY","CHULA VISTA ELEMENTARY","68023","6095020",32.645639,-116.991026,"060861000879"
"TOLER ELEMENTARY","SAN DIEGO UNIFIED","68338","6040224",32.801444,-117.210245,"063432005560"
"TORREY HILLS","DEL MAR UNION ELEMENTARY","68056","6120596",32.914188,-117.223456,"061074010627"
"TORREY PINES ELEMENTARY","SAN DIEGO UNIFIED","68338","6040232",32.85917,-117.243647,"063432005561"
"TORREY PINES HIGH","SAN DIEGUITO UNION HIGH","68346","3730033",32.957923,-117.225334,"063438005579"
"TRACE","SAN DIEGO UNIFIED","68338","3731056",32.7689,-117.137161,"063432011235"
"TURTLEBACK ELEMENTARY","POWAY UNIFIED","68296","6109326",33.004434,-117.087285,"063153010007"
"TWAIN HIGH","SAN DIEGO UNIFIED","68338","3730231",32.772127,-117.179598,"063432005562"
"TWIN OAKS ELEMENTARY","SAN MARCOS UNIFIED","73791","6115349",33.178011,-117.156878,"063488007719"
"TWIN OAKS HIGH","SAN MARCOS UNIFIED","73791","3730215",33.180185,-117.158824,"063488005891"
"TWIN PEAKS MIDDLE","POWAY UNIFIED","68296","6070866",32.978986,-117.029137,"063153004898"
"UNIVERSITY CITY HIGH","SAN DIEGO UNIFIED","68338","3730314",32.860683,-117.205429,"063432007838"
"URBAN CORPS OF SAN DIEGO COUNTY CHARTER","MONO COUNTY OFFICE OF EDUCATION","10264","124990",32.755386,-117.203366,"069105212994"
"URBAN DISCOVERY ACADEMY CHARTER","SAN DIEGO UNIFIED","68338","118000",32.714198,-117.152248,"063432012318"
"VALENCIA PARK ELEMENTARY","SAN DIEGO UNIFIED","68338","6040257",32.701827,-117.071338,"063432005563"
"VALHALLA HIGH","GROSSMONT UNION HIGH","68130","3730066",32.760604,-116.921475,"061623002028"
"VALIANT ACADEMY DESD","DEHESA ELEMENTARY","68049","131169",32.781593,-116.850848,"061071013816"
"VALLE LINDO ELEMENTARY","CHULA VISTA ELEMENTARY","68023","6038020",32.604515,-117.0318,"060861000880"
"VALLECITOS ELEMENTARY","VALLECITOS ELEMENTARY","68437","6040562",33.413501,-117.148715,"064071006717"
"VALLEY CENTER ELEMENTARY","VALLEY CENTER-PAUMA UNIFIED","75614","6112494",33.235356,-117.02217,"060006908614"
"VALLEY CENTER HIGH","VALLEY CENTER-PAUMA UNIFIED","75614","3731114",33.279719,-117.024607,"060006908607"
"VALLEY CENTER MIDDLE","VALLEY CENTER-PAUMA UNIFIED","75614","6093272",33.225495,-116.977329,"060006908612"
"VALLEY CENTER PREP","VALLEY CENTER-PAUMA UNIFIED","75614","3731601",33.23539,-117.022208,"060006910646"
"VALLEY CENTER PRIMARY","VALLEY CENTER-PAUMA UNIFIED","75614","6106124",33.240736,-117.021025,"060006908613"
"VALLEY ELEMENTARY","POWAY UNIFIED","68296","6039010",32.953919,-117.046183,"063153004899"
"VALLEY HIGH (CONTINUATION)","ESCONDIDO UNION HIGH","68106","3732054",33.150606,-117.031904,"061291001468"
"VALLEY MIDDLE","CARLSBAD UNIFIED","73551","6037816",33.157874,-117.329381,"060750000715"
"VALLEY VISTA ELEMENTARY","CHULA VISTA ELEMENTARY","68023","6038038",32.659998,-117.048197,"060861000881"
"VETERANS ELEMENTARY","CHULA VISTA ELEMENTARY","68023","108662",32.624017,-116.977222,"060861011127"
"VIP VILLAGE PRESCHOOL","SOUTH BAY UNION","68395","125872",32.574146,-117.111521,"063738013370"
"VISTA ACADEMY OF VISUAL AND PERFORMING ARTS","VISTA UNIFIED","68452","6040653",33.207771,-117.245231,"064119006822"
"VISTA ADULT TRANSITION CENTER","VISTA UNIFIED","68452","3730207",33.220741,-117.241122,"064119006823"
"VISTA DEL MAR","SAN YSIDRO ELEMENTARY","68379","125518",32.570754,-117.02852,"063522012993"
"VISTA GRANDE ELEMENTARY","CAJON VALLEY UNION","67991","6101794",32.765075,-116.915983,"060681007655"
"VISTA GRANDE ELEMENTARY","SAN DIEGO UNIFIED","68338","6099089",32.834139,-117.108563,"063432005564"
"VISTA HIGH","VISTA UNIFIED","68452","3738705",33.222492,-117.240315,"064119006824"
"VISTA INNOVATION AND DESIGN ACADEMY","VISTA UNIFIED","68452","6059810",33.204139,-117.25755,"064119006825"
"VISTA LA MESA ACADEMY","LEMON GROVE","68205","6038673",32.748018,-117.046609,"062133002556"
"VISTA MAGNET MIDDLE SCHOOL OF TECHNOLOGY SCIENCE AND MATH","VISTA UNIFIED","68452","114637",33.203938,-117.237247,"064119012147"
"VISTA SQUARE ELEMENTARY","CHULA VISTA ELEMENTARY","68023","6038046",32.634857,-117.087328,"060861000882"
"VISTA VISIONS ACADEMY","VISTA UNIFIED","68452","126300",33.220188,-117.241319,"064119013151"
"VIVIAN BANKS CHARTER","BONSALL UNIFIED","76851","6113468",33.36578,-117.073417,"060142606481"
"W. D. HALL ELEMENTARY","CAJON VALLEY UNION","67991","6037741",32.821424,-116.930678,"060681000616"
"WALKER ELEMENTARY","SAN DIEGO UNIFIED","68338","6089064",32.912295,-117.126251,"063432005565"
"WANGENHEIM MIDDLE","SAN DIEGO UNIFIED","68338","6097844",32.905727,-117.125741,"063432005566"
"WARNER ELEMENTARY","WARNER UNIFIED","75416","6040661",33.274332,-116.643105,"060004206844"
"WARNER JUNIOR/SENIOR HIGH","WARNER UNIFIED","75416","3730975",33.274332,-116.643105,"060004205341"
"WASHINGTON ELEMENTARY","SAN DIEGO UNIFIED","68338","6040265",32.723883,-117.166437,"063432005567"
"WEBSTER ELEMENTARY","SAN DIEGO UNIFIED","68338","6040273",32.723942,-117.0923,"063432005568"
"WEGEFORTH ELEMENTARY","SAN DIEGO UNIFIED","68338","6040281",32.80542,-117.135875,"063432005569"
"WEST HILLS HIGH","GROSSMONT UNION HIGH","68130","3730702",32.847852,-117.015744,"061623009141"
"WESTVIEW HIGH","POWAY UNIFIED","68296","3731528",32.967085,-117.148379,"063153010632"
"WESTWOOD ELEMENTARY","POWAY UNIFIED","68296","6070858",33.030226,-117.086822,"063153004900"
"WHITMAN ELEMENTARY","SAN DIEGO UNIFIED","68338","6040307",32.836795,-117.20428,"063432005571"
"WHITTIER K-12","SAN DIEGO UNIFIED","68338","3730363",32.803436,-117.197999,"063432007837"
"WILLIAM H. FRAZIER ELEMENTARY","FALLBROOK UNION ELEMENTARY","68114","6116420",33.387033,-117.224734,"061350008301"
"WILLOW ELEMENTARY","SAN YSIDRO ELEMENTARY","68379","123000",32.548071,-117.041534,"063522012612"
"WILLOW GROVE ELEMENTARY","POWAY UNIFIED","68296","116764",32.993777,-117.162189,"063153012226"
"WILSON MIDDLE","SAN DIEGO UNIFIED","68338","6061980",32.753549,-117.111072,"063432005573"
"WINTER GARDENS ELEMENTARY","LAKESIDE UNION ELEMENTARY","68189","6038392",32.831395,-116.930265,"062079002499"
"WOLF CANYON ELEMENTARY","CHULA VISTA ELEMENTARY","68023","114009",32.61164,-116.974721,"060861011875"
"WOODLAND PARK MIDDLE","SAN MARCOS UNIFIED","73791","6095061",33.149149,-117.130559,"063488005895"
"ZAMORANO ELEMENTARY","SAN DIEGO UNIFIED","68338","6106199",32.680263,-117.037939,"063432008965"
"ACADEMIA DE TALAR","","","",NA,NA,"A1500131"
"ACADEMY OF OUR LADY OF PEACE","","","",NA,NA,"00077164"
"ALL HALLOWS ACADEMY","","","",NA,NA,"00076874"
"ALPHA AND OMEGA ACADEMY","","","",NA,NA,"A1500147"
"ARMY & NAVY ACADEMY","","","",NA,NA,"00080982"
"ASCENSION LUTHERAN SCHOOL","","","",NA,NA,"00093324"
"BALBOA CITY SCHOOL","","","",NA,NA,"A1500165"
"BANYAN TREE FOUNDATIONS ACADEMY","","","",NA,NA,"A1300147"
"BEAUTIFUL SAVIOUR LUTHERAN SCHOOL","","","",NA,NA,"00084003"
"BEREAN BIBLE BAPTIST ACADEMY","","","",NA,NA,"A0900229"
"BETH MONTESSORI PRESCHOOL","","","",NA,NA,"A1300155"
"BETHEL ACADEMY","","","",NA,NA,"A1500173"
"BLESSED SACRAMENT PARISH SCHOOL","","","",NA,NA,"00077324"
"BONITA COUNTRY DAY SCHOOL","","","",NA,NA,"A9500284"
"BONITA LEARNING ACADEMY","","","",NA,NA,"A0307091"
"BONITA ROAD CHRISTIAN SCHOOL","","","",NA,NA,"E9406129"
"CAL COAST ACADEMY","","","",NA,NA,"BB020488"
"CALVIN CHRISTIAN SCHOOL","","","",NA,NA,"00082924"
"CANYON RIDGE CHRISTIAN PREP","","","",NA,NA,"A1500199"
"CARLSBAD COUNTRY DAY SCHOOL","","","",NA,NA,"A1100110"
"CASE EDUCATIONAL PROGRAM","","","",NA,NA,"A1300178"
"CATHEDRAL CATHOLIC HIGH SCHOOL","","","",NA,NA,"A0900259"
"CENTRAL MONTESSORI SCHOOLS","","","",NA,NA,"A0750003"
"CHABAD HEBREW ACADEMY","","","",NA,NA,"AA890045"
"CHASE RANCH MONTESSORI SCHOOL","","","",NA,NA,"BB961381"
"CHILD'S PRIMARY SCHOOL","","","",NA,NA,"A9100660"
"CHILDRENS CREATIVE/PERFORMING ARTS ACAD SAN DIEGO","","","",NA,NA,"A0750006"
"CHRIST CHURCH DAY SCHOOL","","","",NA,NA,"00085029"
"CHRIST LUTHERAN SCHOOL","","","",NA,NA,"00082516"
"CHRIST THE CORNERSTONE LUTHERAN ACADEMY","","","",NA,NA,"02011848"
"CHRISTIAN ELEMENTARY SCHOOL - WEST CAMPUS","","","",NA,NA,"00085095"
"CHRISTIAN ELEMENTARY SCHOOL-EAST CAMPUS","","","",NA,NA,"01900044"
"CITY TREE CHRISTIAN SCHOOL","","","",NA,NA,"01899955"
"COUNTRY MONTESSORI SCHOOL","","","",NA,NA,"A9100724"
"COUNTRY SCHOOL- THE","","","",NA,NA,"A1300196"
"DEL MAR HILLS NURSERY SCHOOL","","","",NA,NA,"K9300437"
"DEL MAR MONTESSORI","","","",NA,NA,"A1300204"
"DEL MAR PINES SCHOOL","","","",NA,NA,"01899977"
"DIEGUENO COUNTRY SCHOOL","","","",NA,NA,"02011859"
"DISCOVERY ISLE","","","",NA,NA,"A0700320"
"DISCOVERY ISLE CHILD DEVELOPMENT CENTER","","","",NA,NA,"BB020479"
"DUNAMIS ACADEMY & DUNAMIS LEARNING CENTER","","","",NA,NA,"BB020505"
"EASTLAKE CHURCH CHILDREN CENTER","","","",NA,NA,"A0770332"
"EDISON ACADEMY","","","",NA,NA,"A9302148"
"EL CAJON SEVENTH-DAY ADVENTIST CHRISTIAN SCHOOL","","","",NA,NA,"00095106"
"ESCONDIDO ADVENTIST ACADEMY","","","",NA,NA,"00095139"
"ESCONDIDO CHRISTIAN SCHOOL","","","",NA,NA,"00085936"
"EXCELSIOR ACADEMY","","","",NA,NA,"A9500435"
"FAITH LUTHERAN SCHOOL","","","",NA,NA,"02011881"
"FAITHFUL AMBASSADORS BIBLE","","","",NA,NA,"A9900379"
"FOOTHILLS CHRISTIAN ELEMENTARY SCHOOL","","","",NA,NA,"A9700702"
"FOOTHILLS CHRISTIAN HIGH SCHOOL","","","",NA,NA,"A0101354"
"FRED FINCH YOUTH CENTER","","","",NA,NA,"A9100838"
"FUTURES ACADEMY - SAN DIEGO","","","",NA,NA,"A1300255"
"GOOD SHEPHERD CATHOLIC SCHOOL","","","",NA,NA,"01922192"
"GRACE LUTHERAN CHURCH & SCHOOLS","","","",NA,NA,"00082505"
"GREEN HILLS LEARNING CENTER","","","",NA,NA,"A0307162"
"HEARTLAND CHRISTIAN","","","",NA,NA,"BB980200"
"HIGH BLUFF ACADEMY","","","",NA,NA,"A1300262"
"HOLY FAMILY SCHOOL","","","",NA,NA,"00077335"
"HORIZON CHRISTIAN ACADEMY","","","",NA,NA,"A1500332"
"HORIZON CHRISTIAN ACADEMY PK-12","","","",NA,NA,"A9300107"
"HORIZON PREP","","","",NA,NA,"A0307172"
"KINDERHOUSE MONTESSORI SCHOOL","","","",NA,NA,"A0300341"
"KINGS ACADEMY","","","",NA,NA,"A9900362"
"LA COSTA VALLEY PRESCHOOL & KINDERGARTEN","","","",NA,NA,"K9300435"
"LA JOLLA COUNTRY DAY SCHOOL","","","",NA,NA,"00083462"
"LA MESA CHRISTIAN SCHOOL","","","",NA,NA,"00087591"
"LA PETITE ACADEMY","","","",NA,NA,"BB946502"
"LA PETITE ECOLE / ENGLISH FRENCH LEARNING ACADEMY","","","",NA,NA,"A0790017"
"LEARNING ACADEMY","","","",NA,NA,"A0900387"
"LEPORT SCHOOL - CARLSBAD VILLAGE","","","",NA,NA,"A1500367"
"LIFETIME MONTESSORI","","","",NA,NA,"A1100226"
"LIGHTHOUSE CHRISTIAN ACADEMY","","","",NA,NA,"A9500576"
"LUTHERAN HIGH SCHOOL OF SAN DIEGO","","","",NA,NA,"A9700524"
"MARIA MONTESSORI ELEMENTARY SCHOOL","","","",NA,NA,"00088722"
"MATER DEI CATHOLIC HIGH SCHOOL","","","",NA,NA,"A0900415"
"MIRA MESA CHRISTIAN SCHOOL","","","",NA,NA,"01900066"
"MISSION BAY MONTESSORI ACADEMY","","","",NA,NA,"00088438"
"MONTESSORI ACADEMY","","","",NA,NA,"A1392007"
"MONTESSORI ACHIEVEMENT CENTRE","","","",NA,NA,"BB980196"
"MONTESSORI AMERICAN SCHOOL","","","",NA,NA,"K9300427"
"MONTESSORI CHILD DEVELOPMENT CENTER","","","",NA,NA,"02011611"
"MONTESSORI CHILDREN'S HOUSE","","","",NA,NA,"02011837"
"MONTESSORI CHILDRENS HOUSE","","","",NA,NA,"BB020458"
"MONTESSORI EXPLORER ELEMENTARY","","","",NA,NA,"A1192016"
"MONTESSORI HILLS ACADEMY","","","",NA,NA,"A9500339"
"MONTESSORI INSTITUTE OF SAN DIEGO CHILD HOUSE","","","",NA,NA,"A1300317"
"MONTESSORI LEARNING CENTER","","","",NA,NA,"BB946401"
"MONTESSORI SCHOOL OF OCEANSIDE","","","",NA,NA,"A0101120"
"MONTESSORI SCHOOL OF OCEANSIDE # 2","","","",NA,NA,"A0900426"
"MONTESSORI SCHOOL OF SAN DIEGO","","","",NA,NA,"00088711"
"MT ERIE CHRISTIAN ACADEMY","","","",NA,NA,"A9101132"
"MT HELIX ACADEMY - TIEE","","","",NA,NA,"02158734"
"NATIVITY PREP ACADEMY","","","",NA,NA,"BB020502"
"NAZARETH SCHOOL","","","",NA,NA,"00077175"
"NEW BRIDGE SCHOOL","","","",NA,NA,"BB020415"
"OCEAN VIEW CHRISTIAN ACADEMY","","","",NA,NA,"01900055"
"OCEANSIDE ADVENTIST ELEMENTARY","","","",NA,NA,"A9700566"
"OLD MISSION MONTESSORI SCHOOL","","","",NA,NA,"01922206"
"OUR LADY OF GRACE ELEMENTARY SCHOOL","","","",NA,NA,"00076852"
"OUR LADY OF MT. CARMEL","","","",NA,NA,"A1500440"
"OUR LADY OF THE SACRED HEART SCHOOL","","","",NA,NA,"00077186"
"OUR LADYS SCHOOL","","","",NA,NA,"00076932"
"PACIFIC ACADEMY","","","",NA,NA,"A9900583"
"PACIFIC INDEPENDENT EDUCATION","","","",NA,NA,"A1500445"
"PACIFIC RIDGE SCHOOL","","","",NA,NA,"A0900468"
"PEPPER VALLEY LEARNING CENTER","","","",NA,NA,"E9406985"
"PEPPERTREE MONTESSORI","","","",NA,NA,"A0792007"
"PILGRIM LUTHERAN SCHOOL","","","",NA,NA,"00082491"
"PIONEER DAY SCHOOL","","","",NA,NA,"A1300363"
"RAMONA LUTHERAN SCHOOL","","","",NA,NA,"A9101274"
"RANCHO ENCINITAS ACADEMY","","","",NA,NA,"A9700587"
"REDEEMER BY THE SEA LUTHERAN KINDERGARTEN&PRESCHL","","","",NA,NA,"A1300379"
"REFORMATION LUTHERAN SCHOOL","","","",NA,NA,"00089996"
"RENAISSANCE VILLAGE ACADEMY","","","",NA,NA,"A1300383"
"SACRED HEART PARISH SCHOOL","","","",NA,NA,"00077288"
"SAN DIEGO ACADEMY","","","",NA,NA,"00094452"
"SAN DIEGO CENTER FOR CHILDREN ACADEMY","","","",NA,NA,"BB020509"
"SAN DIEGO FRENCH AMERICAN SCHOOL","","","",NA,NA,"A9100787"
"SAN DIEGO JEWISH ACADEMY","","","",NA,NA,"01900102"
"SAN DIEGO LIBERAL ARTS ACADEMY","","","",NA,NA,"A1500483"
"SANTA FE CHRISTIAN SCHOOLS","","","",NA,NA,"01900113"
"SANTA SOPHIA ACADEMY","","","",NA,NA,"00077437"
"SCHOOL OF THE MADELEINE","","","",NA,NA,"00077404"
"SHEPHERD OF THE HILLS LUTHERAN SCHOOL","","","",NA,NA,"00090549"
"SOILLE SAN DIEGO HEBREW DAY SCHOOL","","","",NA,NA,"00081942"
"SOLANA BEACH PRESBYTERIAN PRESCHOOL","","","",NA,NA,"BB946432"
"ST AUGUSTINE HIGH SCHOOL","","","",NA,NA,"00076954"
"ST CHARLES BORROMEO ACADEMY","","","",NA,NA,"00077368"
"ST CHARLES CATHOLIC SCHOOL","","","",NA,NA,"00077299"
"ST DIDACUS SCHOOL","","","",NA,NA,"00076965"
"ST FRANCIS OF ASSISI CATHOLIC SCHOOL","","","",NA,NA,"00077448"
"ST JAMES LUTHERAN PRESCHOOL & KINDERGARTEN","","","",NA,NA,"K9300431"
"ST JOHN OF THE CROSS SCHOOL","","","",NA,NA,"00077084"
"ST JOSEPH ACADEMY","","","",NA,NA,"A9302786"
"ST KIERAN CATHOLIC SCHOOL","","","",NA,NA,"00077277"
"ST MARTIN OF TOURS ACADEMY","","","",NA,NA,"00076885"
"ST MARY STAR OF THE SEA SCHOOL","","","",NA,NA,"00077095"
"ST MICHAEL ACADEMY","","","",NA,NA,"00076976"
"ST MICHAEL SCHOOL","","","",NA,NA,"00077131"
"ST PATRICK CATHOLIC SCHOOL","","","",NA,NA,"00076998"
"ST PATRICK'S SCHOOL","","","",NA,NA,"00077211"
"ST PAUL'S LUTHERAN SCHOOL","","","",NA,NA,"00082527"
"ST PETER THE APOSTLE CATHOLIC SCHOOL","","","",NA,NA,"02187561"
"ST PIUS X SCHOOL","","","",NA,NA,"00076841"
"ST RITA'S SCHOOL","","","",NA,NA,"00077222"
"ST ROSE OF LIMA SCHOOL","","","",NA,NA,"00077007"
"ST THERESE ACADEMY","","","",NA,NA,"00077379"
"ST VINCENT DE PAUL ELEMENTARY SCHOOL","","","",NA,NA,"00077233"
"STEIN EDUCATION CENTER","","","",NA,NA,"BB946409"
"STELLA MARIS ACADEMY","","","",NA,NA,"00077062"
"TABERNACLE CHRISTIAN ACADEMY","","","",NA,NA,"00091043"
"TAPROOT MONTESSORI PRESCHOOL & KINDERGARTEN","","","",NA,NA,"BB946475"
"TAPROOT MONTESSORI-LA MESA","","","",NA,NA,"K9300451"
"TERI LEARNING ACADEMY","","","",NA,NA,"A0300562"
"THE ARCH ACADEMY","","","",NA,NA,"A0900500"
"THE CAMBRIDGE SCHOOL","","","",NA,NA,"A0900255"
"THE CHILDRENS SCHOOL","","","",NA,NA,"BB911057"
"THE GILLISPIE SCHOOL","","","",NA,NA,"02011564"
"THE GRAUER SCHOOL","","","",NA,NA,"A9302457"
"THE KOONINGS CENTER","","","",NA,NA,"A1500552"
"THE NATIVITY SCHOOL","","","",NA,NA,"A9700550"
"THE ROCK ACADEMY","","","",NA,NA,"A0500598"
"THE WALDORF SCHOOL OF SAN DIEGO","","","",NA,NA,"A9101468"
"TORAH HIGH SCHOOL OF SAN DIEGO","","","",NA,NA,"A0101333"
"TRI-CITY CHRISTIAN SCHOOLS","","","",NA,NA,"00091236"
"TRINITY CHRISTIAN SCHOOL","","","",NA,NA,"A9500841"
"URBAN SKILLS CENTER","","","",NA,NA,"A1500565"
"VALLEY CHRISTIAN SCHOOL","","","",NA,NA,"02011972"
"VILLAGE GATE CHILDREN'S ACADEMY","","","",NA,NA,"A1100382"
"VISTA CHRISTIAN SCHOOL","","","",NA,NA,"00091713"
"WARREN-WALKER SCHOOL","","","",NA,NA,"00080075"
"WEE CARE PRESCHOOL","","","",NA,NA,"BB020438"
"WEST COAST BAPTIST SCHOOL","","","",NA,NA,"02012036"
"WINSTON SCHOOL","","","",NA,NA,"A9101489"
"ZION LUTHERAN SCHOOL","","","",NA,NA,"AA001708"
