Sponsor Name,Site Name,Site Street Address,Site City,Site State,Site Zip,Site Contact,Site Phone,Meal Types,Start Date,End Date,Site Program,Site Type
BELLA MENTE CHARTER SCHOOL,BELLA MENTE MONTESSORI ACADEMY,1737 WEST VISTA WAY,VISTA,CA,92083-2112,GLADYS ESPINO,760-621-8948 #304 #304,"B, L",6/15/2016,8/23/2016,SSFO,OPEN
BOYS & GIRLS CLUB OF GREATER SAN DIEGO,BAKER BRANCH,835 W 15TH AVE,ESCONDIDO,CA,92025,CHRIS ALTO,760-745-0515,"L, PM",6/10/2016,8/23/2016,SFSP,OPEN
BOYS & GIRLS CLUB OF GREATER SAN DIEGO,BRONNER BRANCH,28751 COLE GRADE RD.,VALLEY CENTER,CA,92082,JONATHAN KERSTETTER,760-749-9822,"L, PM",6/10/2016,8/24/2016,SFSP,OPEN
BOYS & GIRLS CLUB OF GREATER SAN DIEGO,CLAIREMONT BRANCH,4635 CLAIREMONT MESA BLVD,SAN DIEGO,CA,92117,RUTH CASSIDY,858-273-1645,"L, PM",6/22/2016,8/26/2016,SFSP,OPEN
BOYS & GIRLS CLUB OF GREATER SAN DIEGO,ENCANTO BRANCH,6785 IMPERIAL AVE,SAN DIEGO,CA,92114,JESSICA BARAJAS,619-263-6407,"L, PM",6/22/2016,8/26/2016,SFSP,OPEN
BOYS & GIRLS CLUB OF GREATER SAN DIEGO,MITCHELL BRANCH,115 W WOODWARD AVE,ESCONDIDO,CA,92025,ANDREW AGUIRRE,760-746-3315 #215 #215,"L, PM",6/10/2016,8/23/2016,SFSP,OPEN
BOYS & GIRLS CLUB OF GREATER SAN DIEGO,PAYNE FAMILY BRANCH (FORMERLY NATIONAL CITY BRANCH),1430 D AVE,NATIONAL CITY,CA,91950,CONNIE ALVAREZ,619-477-5445,"L, PM",6/9/2016,7/29/2016,SFSP,OPEN
BOYS & GIRLS CLUB OF GREATER SAN DIEGO,RAMONA BRANCH,622 E ST,RAMONA,CA,92065,SIMONE MCCUNE,760-789-8203,PM,6/9/2016,8/19/2016,SFSP,OPEN
BOYS & GIRLS CLUB OF GREATER SAN DIEGO,RON ROBERTS BRANCH (FORMERLY LINDA VISTA BRANCH),2230 E JEWETT ST,SAN DIEGO,CA,92111,HUY NGUYEN,858-277-6670,"L, PM",6/22/2016,8/26/2016,SFSP,OPEN
BOYS & GIRLS CLUB OF GREATER SAN DIEGO,SULPIZIO FAMILY BRANCH,12988 BOWRON RD,POWAY,CA,92064,JAMILAH BARNES,858-748-9933,"L, PM",6/10/2016,8/15/2016,SFSP,OPEN
BOYS & GIRLS CLUB OF GREATER SAN DIEGO,WILLIAM J OAKES BRANCH,2930 MARCY AVE,SAN DIEGO,CA,92113,RICARDO SANDOVAL,619-525-1739,"L, PM",6/22/2016,8/26/2016,SFSP,OPEN
CAJON VALLEY UNION SCHOOL DISTRICT,CAJON VALLEY MIDDLE,550 PARK AVE.,EL CAJON,CA,92020-3922,MARK MENDOZA,619-588-3111,"B, L",6/20/2016,7/29/2016,SSFO,OPEN
CAJON VALLEY UNION SCHOOL DISTRICT,CHASE AVENUE ELEMENTARY,195 EAST CHASE AVE.,EL CAJON,CA,92020-6201,MARK MENDOZA,619-588-3111,"L, PM",6/20/2016,7/29/2016,SSFO,OPEN
CAJON VALLEY UNION SCHOOL DISTRICT,EL CAJON PUBLIC LIBRARY,201 E. DOUGLAS AVE.,EL CAJON,CA,92020,MARK MENDOZA,619-588-3111,"L, PM",6/20/2016,7/29/2016,SSFO,OPEN
CAJON VALLEY UNION SCHOOL DISTRICT,FLYING HILLS ELEMENTARY,1251 FINCH ST.,EL CAJON,CA,92020-1433,MARK MENDOZA,619-588-3111,"B, L",6/20/2016,7/29/2016,SSFO,OPEN
CAJON VALLEY UNION SCHOOL DISTRICT,GREENFIELD MIDDLE,1495 GREENFIELD DR.,EL CAJON,CA,92021-3414,MARK MENDOZA,619-588-3111,L,6/20/2016,7/29/2016,SSFO,OPEN
CAJON VALLEY UNION SCHOOL DISTRICT,JF KENNEDY PARK,1675 E. MADISON AVE.,EL CAJON,CA,92019,MARK MENDOZA,619-588-3111,L,6/20/2016,7/29/2016,SSFO,OPEN
CAJON VALLEY UNION SCHOOL DISTRICT,LEXINGTON ELEMENTARY,533 SOUTH FIRST ST.,EL CAJON,CA,92019-4739,MARK MENDOZA,619-588-3111,L,6/20/2016,7/29/2016,SSFO,OPEN
CAJON VALLEY UNION SCHOOL DISTRICT,MADISON AVENUE ELEMENTARY,1615 EAST MADISON AVE.,EL CAJON,CA,92019-1046,MARK MENDOZA,619-588-3111,"L, PM",6/20/2016,7/29/2016,SSFO,OPEN
CAJON VALLEY UNION SCHOOL DISTRICT,MERIDIAN ELEMENTARY,651 SOUTH THIRD ST.,EL CAJON,CA,92019-2517,MARK MENDOZA,619-588-3111,L,6/20/2016,7/29/2016,SSFO,OPEN
CAJON VALLEY UNION SCHOOL DISTRICT,NARANCA ELEMENTARY,1030 NARANCA AVE.,EL CAJON,CA,92021-5615,MARK MENDOZA,619-588-3111,L,6/20/2016,7/29/2016,SSFO,OPEN
"CAMP OLIVER, INC.",CAMP OLIVER,8761 RIVERSIDE DRIVE,DESCANSO,CA,91916,TRISTA BRANT,619-445-5945,"B, L, S",7/10/2016,8/5/2016,SFSP,CAMP
CARLSBAD UNIFIED SCHOOL DISTRICT,CARLSBAD BOYS & GIRLS CLUB,3115 ROOSEVELT STREET,CARLSBAD,CA,92008,MICHELLE JOHNSON,760-331-5000 #5085 #50,"L, PM",6/20/2016,8/19/2016,SSFO,OPEN
CARLSBAD UNIFIED SCHOOL DISTRICT,JEFFERSON ELEMENTARY,3743 JEFFERSON ST.,CARLSBAD,CA,92008-3336,MICHELLE JOHNSON,760-331-5000 #5085 #50,L,6/20/2016,7/28/2016,SSFO,OPEN
CHULA VISTA ELEMENTARY SCHOOL DISTRICT,CITY OF CHULA VISTA CIVIC CENTER LIBRARY,CITY OF CHULA VISTA CIVIC CENTER LIBRARY 365 F STREET,CHULA VISTA,CA,91910,JEFFREY LANDERS,619-425-9600 #1401 #14,"L, PM",6/6/2016,7/8/2016,SSFO,OPEN
CHULA VISTA ELEMENTARY SCHOOL DISTRICT,CITY OF CHULA VISTA SOUTH CV LIBRARY,CITY OF CHULA VISTA SOUTH CV LIBRARY 389 ORANGE AVENUE,CHULA VISTA,CA,91911,JEFFREY LANDERS,619-425-9600 #1401 #14,"L, PM",6/6/2016,7/8/2016,SSFO,OPEN
CHULA VISTA ELEMENTARY SCHOOL DISTRICT,LOMA VERDE ELEMENTARY,1450 LOMA LN.,CHULA VISTA,CA,91911-5310,JEFFREY LANDERS,619-425-9600 #1401 #14,"B, L",6/21/2016,7/8/2016,SSFO,OPEN
CHULA VISTA ELEMENTARY SCHOOL DISTRICT,PARKVIEW ELEMENTARY,575 JUNIPER ST.,CHULA VISTA,CA,91911-3826,JEFFREY LANDERS,619-425-9600 #1401 #14,"B, L",10/1/2015,10/2/2015,SSFO,OPEN
CHULA VISTA ELEMENTARY SCHOOL DISTRICT,ROGERS (GREG) ELEMENTARY,510 EAST NAPLES ST.,CHULA VISTA,CA,91911-2519,JEFFREY LANDERS,619-425-9600 #1401 #14,"B, L",6/21/2016,7/8/2016,SSFO,OPEN
CSU SAN DIEGO (BEST),BEST SUMMER BRIDGE 2010,5500 CAMPANILE DR.,SAN DIEGO,CA,92182-8222,DAVID SCARAFONE,619-594-1196 #41196 #4,"B, L, S",7/5/2016,8/9/2016,SFSP,CAMP
ESCONDIDO UNION HIGH SCHOOL DISTRICT,(JCCS) JUVENILE COURT AND COMMUNITY SCHOOL,115 WOODWARD AVE,ESCONDIDO,CA,92025,MARLA MARTIN,760-291-4077,"B, L",6/2/2016,6/9/2016,SFSP,CLOSED
ESCONDIDO UNION HIGH SCHOOL DISTRICT,DEL LAGO ACADEMY - CAMPUS OF APPLIED SCIENCE,1740 SCENIC TRAIL WAY,ESCONDIDO,CA,92029-4211,CYNDI VANDERWOUDE,760-291-2577,"B, L",6/6/2016,7/6/2016,SFSP,OPEN
ESCONDIDO UNION HIGH SCHOOL DISTRICT,ESCONDIDO HIGH,1535 NORTH BROADWAY,ESCONDIDO,CA,92026-2015,MARLA MARTIN,760-291-4077,"B, L",6/6/2016,7/6/2016,SFSP,OPEN
ESCONDIDO UNION HIGH SCHOOL DISTRICT,GROVE PARK,745 N. ASH ST,ESCONDIDO,CA,92027,RON GIL,760-291-5077,L,6/21/2016,8/4/2016,SFSP,OPEN
ESCONDIDO UNION HIGH SCHOOL DISTRICT,IGLESIA LATINA EMANUEL,152 E. 5TH AVE,ESCONDIDO,CA,92025,YOLANDA SALAS,760-291-2251,S,6/13/2016,6/17/2016,SFSP,OPEN
ESCONDIDO UNION HIGH SCHOOL DISTRICT,ORANGE GLEN HIGH,2200 GLEN RIDGE RD.,ESCONDIDO,CA,92027-4115,BEV BERK,760-291-5077,"B, L",6/6/2016,7/13/2016,SFSP,OPEN
ESCONDIDO UNION HIGH SCHOOL DISTRICT,SAN PASQUAL HIGH,3300 BEAR VALLEY PKWY.,ESCONDIDO,CA,92025-7636,RON GIL,760-291-6077,"B, L",6/6/2016,7/13/2016,SFSP,OPEN
ESCONDIDO UNION HIGH SCHOOL DISTRICT,SPECIAL EDUCATION TRANSITION CLASS,2065 E VALLEY PARKWAY,ESCONDIDO,CA,92027,BEV BERK,760-291-3239,L,6/13/2016,7/13/2016,SFSP,CLOSED
ESCONDIDO UNION HIGH SCHOOL DISTRICT,VALLEY HIGH (CONTINUATION),410 NORTH HIDDEN TRAILS RD.,ESCONDIDO,CA,92027-5333,YOLANDA SALAS,760-291-2251,"B, L",6/13/2016,7/13/2016,SFSP,OPEN
ESCONDIDO UNION HIGH SCHOOL DISTRICT,WASHINGTON PARK CENTER,501 S. ROSE ST.,ESCONDIDO,CA,92027,RON GIL,760-291-5077,"B, L",6/13/2016,8/4/2016,SFSP,OPEN
ESCONDIDO UNION HIGH SCHOOL DISTRICT,WESTSIDE PARK,333 SOUTH SPRUCE STREET,ESCONDIDO,CA,92025,RON GIL,760-291-5077,L,6/13/2016,8/4/2016,SFSP,OPEN
ESCONDIDO UNION HIGH SCHOOL DISTRICT,YMCA ESCONDIDO,1050 N BROADWAY,ESCONDIDO,CA,92026,RON GIL,760-291-6077,"B, L",7/26/2016,8/5/2016,SFSP,OPEN
ESCONDIDO UNION SCHOOL DISTRICT,DEL DIOS ACADEMY OF ARTS AND SCIENCES,1400 WEST NINTH AVE.,ESCONDIDO,CA,92025-2204,CHRISTINE RITCHIE,760-432-2102,"B, L",7/5/2016,7/22/2016,SSFO,OPEN
ESCONDIDO UNION SCHOOL DISTRICT,FARR AVENUE ELEMENTARY,933 FARR AVE.,ESCONDIDO,CA,92026-3121,CHRISTINE RITCHIE,760-432-2102,"B, L",7/5/2016,7/22/2016,SSFO,OPEN
ESCONDIDO UNION SCHOOL DISTRICT,FELICITA ELEMENTARY,737 WEST 13TH AVE.,ESCONDIDO,CA,92025-5510,CHRISTINE RITCHIE,760-432-2102,"B, L",7/5/2016,7/22/2016,SSFO,OPEN
ESCONDIDO UNION SCHOOL DISTRICT,JUNIPER ELEMENTARY,1809 SOUTH JUNIPER ST.,ESCONDIDO,CA,92025-6240,CHRISTINE RITCHIE,760-432-2102,"B, L",7/5/2016,7/22/2016,SSFO,OPEN
ESCONDIDO UNION SCHOOL DISTRICT,LINCOLN ELEMENTARY,1029 NORTH BROADWAY,ESCONDIDO,CA,92026-3043,CHRISTINE RITCHIE,760-432-2102,"B, L",7/5/2016,8/12/2016,SSFO,OPEN
ESCONDIDO UNION SCHOOL DISTRICT,OAK HILL ELEMENTARY,1820 OAK HILL DR.,ESCONDIDO,CA,92027-1629,CHRISTINE RITCHIE,760-432-2332,"B, L",7/5/2016,7/22/2016,SSFO,OPEN
ESCONDIDO UNION SCHOOL DISTRICT,PIONEER ELEMENTARY,980 NORTH ASH ST.,ESCONDIDO,CA,92027-1629,CHRISTINE RITCHIE,760-432-2102,"B, L",7/5/2016,7/22/2016,SSFO,OPEN
ESCONDIDO UNION SCHOOL DISTRICT,ROCK SPRINGS ELEMENTARY,1155 DEODAR RD.,ESCONDIDO,CA,92026-2200,CHRISTINE RITCHIE,760-432-2102,"B, L",6/27/2016,7/22/2016,SSFO,OPEN
FALLBROOK UNION ELEMENTARY SCHOOL DISTRICT,FALLBROOK STREET ELEMENTARY,405 WEST FALLBROOK ST.,FALLBROOK,CA,92028-2108,SANDRA MCGOLDRICK,760-731-4352,"B, L",6/13/2016,8/5/2016,SSFO,OPEN
FALLBROOK UNION ELEMENTARY SCHOOL DISTRICT,NORTH COUNTY BOYS AND GIRLS CLUB,445 E IVY ST,FALLBROOK,CA,92028,SANDRA MCGOLDRICK,760-731-4352,L,6/13/2016,8/5/2016,SSFO,OPEN
FEEDING AMERICA SAN DIEGO,BORREGO SPRINGS BRANCH LIBRARY,æ587 PALM CANYON DR. #125,BORREGO SPRINGS,CA,92004,MICHAEL VOSS,760-767-5663,L,6/21/2016,9/2/2016,SFSP,OPEN
FEEDING AMERICA SAN DIEGO,BOYS AND GIRLS CLUB SAN MARCOS,1 POSITIVE PLACE,SAN MARCOS,CA,92069,MARITZA SUAZO,760-471-2490,PM,6/27/2016,8/26/2016,SFSP,OPEN
FEEDING AMERICA SAN DIEGO,CASTLE PARK ELEMENTARY,25 EMERSON ST.,CHULA VISTA,CA,91911,NATALIA JONES,619-422-5005,"L, AM",6/13/2016,7/8/2016,SFSP,OPEN
FEEDING AMERICA SAN DIEGO,JACUMBA BRANCH LIBRARY,44605 OLD HIGHWAY 80,JACUMBA,CA,91934,SARAH MISQUEZ,619-766-4608,L,6/23/2016,8/19/2016,SFSP,OPEN
FEEDING AMERICA SAN DIEGO,JULIAN BRANCH LIBRARY,1850 HIGHWAY 78,JULIAN,CA,92036,COLLEEN BAKER,760-765-1055,"B, L",6/14/2016,8/5/2016,SFSP,OPEN
FEEDING AMERICA SAN DIEGO,LINCOLN ACRES BRANCH LIBRARY,2725 GRANGER AVENUE,NATIONAL CITY,CA,91950,JOSE OCADIZ,619-475-9880,L,6/21/2016,7/29/2016,SFSP,OPEN
FEEDING AMERICA SAN DIEGO,MESA GRANDE INDIAN HOUSING AUTHORITY,27000 BLACK CANYON RD.,SANTA YSABEL,CA,92070,DANIELLE LACHUSA,760-782-9144,L,6/20/2016,8/9/2016,SFSP,OPEN
FEEDING AMERICA SAN DIEGO,RAMONA BRANCH LIBRARY,1275 MAIN STREET,RAMONA,CA,92065,CHELSIE HARRIS,760-788-5271,L,6/13/2016,8/19/2016,SFSP,OPEN
FEEDING AMERICA SAN DIEGO,VALLEY CENTER BRANCH LIBRARY,29200 COLE GRADE RD.,VALLEY CENTER,CA,92082,LAURA ZUCKERMAN,760-749-1305,L,6/13/2016,7/22/2016,SFSP,OPEN
FEEDING AMERICA SAN DIEGO,VISTA BRANCH LIBRARY,700 EUCALYPTUS AVENUE,VISTA,CA,92084,ORQUIDIA CONTRERAS,760-643-5113,L,6/13/2016,8/5/2016,SFSP,OPEN
GROSSMONT UNION HIGH SCHOOL DISTRICT,BOYS AND GIRLS CLUB OF EAST COUNTY,1171 E. MADISON,EL CAJON,CA,92021,VINCE SCIMONE,619-644-8183,"B, L",6/20/2016,8/17/2016,SSFO,CLOSED
GROSSMONT UNION HIGH SCHOOL DISTRICT,BOYS AND GIRLS CLUB SANTEE,8820 TAMBERLY WAY,SANTEE,CA,92071-4258,VINCE SCIMONE,619-644-8183,"B, L",6/27/2016,8/19/2016,SSFO,OPEN
GROSSMONT UNION HIGH SCHOOL DISTRICT,CHAPARRAL HIGH,1600 NORTH CUYAMACA ST.,EL CAJON,CA,92020-1187,VINCE SCIMONE,619-644-8183,"B, L",6/20/2016,7/8/2016,SSFO,OPEN
GROSSMONT UNION HIGH SCHOOL DISTRICT,EL CAJON VALLEY HIGH,1035 EAST MADISON AVE.,EL CAJON,CA,92021-6226,VINCE SCIMONE,619-644-8183,"B, L",6/20/2016,8/5/2016,SSFO,OPEN
GROSSMONT UNION HIGH SCHOOL DISTRICT,EL CAPITAN HIGH,10410 ASHWOOD ST.,LAKESIDE,CA,92040-2406,VINCE SCIMONE,619-644-8183,"B, L",6/20/2016,7/8/2016,SSFO,OPEN
GROSSMONT UNION HIGH SCHOOL DISTRICT,GRANITE HILLS HIGH,1719 EAST MADISON AVE.,EL CAJON,CA,92019-1052,VINCE SCIMONE,619-644-8183,"B, L",6/20/2016,7/8/2016,SSFO,OPEN
GROSSMONT UNION HIGH SCHOOL DISTRICT,GROSSMONT HIGH,1100 MURRAY DR.,LA MESA,CA,91944-1043,VINCE SCIMONE,619-644-8183,"B, L",6/20/2016,7/8/2016,SSFO,OPEN
GROSSMONT UNION HIGH SCHOOL DISTRICT,HELIX HIGH,7323 UNIVERSITY AVE.,LA MESA,CA,91941-6055,VINCE SCIMONE,619-644-8183,"B, L",6/6/2016,6/24/2016,SSFO,OPEN
GROSSMONT UNION HIGH SCHOOL DISTRICT,LAKESIDE CLUBHOUSE,12824 LAKESHORE DRIVE,LAKESIDE,CA,92040,VINCE SCIMONE,619-644-8183,"B, L",6/23/2016,8/19/2019,SSFO,OPEN
GROSSMONT UNION HIGH SCHOOL DISTRICT,LITERACY FIRST CHARTER,799 EAST WASHINGTON AVE.,EL CAJON,CA,92020-5327,VINCE SCIMONE,619-644-8183,"B, L",6/20/2016,7/29/2016,SSFO,OPEN
GROSSMONT UNION HIGH SCHOOL DISTRICT,MONTE VISTA HIGH,3230 SWEETWATER SPRINGS BLVD.,SPRING VALLEY,CA,91977-6934,VINCE SCIMONE,619-644-8183,"B, L",6/20/2016,7/29/2016,SSFO,OPEN
GROSSMONT UNION HIGH SCHOOL DISTRICT,MOUNT MIGUEL HIGH,8585 BLOSSOM LN.,SPRING VALLEY,CA,91977-3765,VINCE SCIMONE,619-644-8183,"B, L",6/20/2016,8/19/2016,SSFO,OPEN
GROSSMONT UNION HIGH SCHOOL DISTRICT,REACH ACADEMY,230 JAMACHA ROAD,EL CAJON,CA,92019-2359,VINCE SCIMONE,619-644-8183,"B, L",6/20/2016,7/29/2016,SSFO,OPEN
GROSSMONT UNION HIGH SCHOOL DISTRICT,SANTANA HIGH,9915 NORTH MAGNOLIA AVE.,SANTEE,CA,92071-1903,VINCE SCIMONE,619-644-8183,"B, L",6/20/2016,7/8/2016,SSFO,OPEN
GROSSMONT UNION HIGH SCHOOL DISTRICT,SANTEE ASES PROGRAM,9303 PROSPECT AVE,SANTEE,CA,92071,VINCE SCIMONE,619-644-8183,"L, PM",6/27/2016,8/12/2016,SSFO,OPEN
GROSSMONT UNION HIGH SCHOOL DISTRICT,SANTEE RECREATION CENTER,"10601 MAGNOLIA AVENUE, BUILDING #6",SANTEE,CA,92071,VINCE SCIMONE,619-644-8183,"L, PM",6/23/2016,8/19/2016,SSFO,OPEN
GROSSMONT UNION HIGH SCHOOL DISTRICT,STEELE CANYON HIGH,12440 CAMPO RD.,SPRING VALLEY,CA,91978-2331,VINCE SCIMONE,619-644-8183,"B, L",6/13/2016,7/1/2016,SSFO,OPEN
GROSSMONT UNION HIGH SCHOOL DISTRICT,VALHALLA HIGH,1725 HILLSDALE RD.,EL CAJON,CA,92019-3742,VINCE SCIMONE,619-644-8183,"B, L",6/20/2016,7/8/2016,SSFO,OPEN
GROSSMONT UNION HIGH SCHOOL DISTRICT,WEST HILLS HIGH,8756 MAST BLVD.,SANTEE,CA,92071-2046,VINCE SCIMONE,619-644-8183,"B, L",6/20/2016,8/5/2016,SSFO,OPEN
GROSSMONT UNION HIGH SCHOOL DISTRICT,YMCA - LA MESA,8881 DALLAS STREET,"LA MESA, CA",CA,91942,VINCE SCIMONE,619-644-8183,"B, L",6/27/2016,8/12/2016,SSFO,OPEN
GROSSMONT UNION HIGH SCHOOL DISTRICT,YMCA - MCGRATH,12006 CAMPO RD,SPRING VALLEY,CA,91978,VINCE SCIMONE,619-644-8183,"B, L",6/27/2016,8/12/2016,SSFO,OPEN
GROSSMONT UNION HIGH SCHOOL DISTRICT,YMCA - SANTEE,10123 RIVERWALK DRIVE,SANTEE,CA,92071-4258,VINCE SCIMONE,619-644-8183,"B, L",6/27/2016,8/12/2016,SSFO,OPEN
HARVEY MUDD COLLEGE UPWARD BOUND,64 DEGREES,9500 GILMAN DRIVE,LA JOLLA,CA,92093,ERNESTO PARTIDA,909-621-8123,"B, L, S",6/26/2016,7/29/2016,SFSP,CAMP
HEAVEN'S WINDOWS,AL RAHMA LEARNING CENTER,7520 EL CAJON BLVD.,LA MESA,CA,91942,LAILA GUMA,619-655-1823,AM,6/26/2016,6/26/2016,SFSP,OPEN
HEAVEN'S WINDOWS,BLESSED SACRAMENT PARISH SCHOOL,4551 56TH STREET,SAN DIEGO,CA,92115,ANNE EGAN,619-582-3862,L,7/13/2016,7/13/2016,SFSP,OPEN
HEAVEN'S WINDOWS,CAMPO EDUCATIONAL CENTER,36190 CHURCH ROAD,CAMPO,CA,91906,DEBORA CUERO,619-478-9093,"L, PM",6/23/2016,9/9/2016,SFSP,OPEN
HEAVEN'S WINDOWS,CASA DE ORO LIBRARY,9805 CAMPO ROAD #180,SPRING VALLEY,CA,91977,ALISON O'BRIEN,619-463-8277,L,6/20/2016,8/14/2016,SFSP,OPEN
HEAVEN'S WINDOWS,CHULA VISTA PRESBYTERIAN PRESCHOOL,940 HILLTOP DRIVE,CHULA VISTA,CA,91911,ALEXIS INGRAM,619-492-2292,"L, AM",6/20/2016,7/23/2016,SFSP,CLOSED
HEAVEN'S WINDOWS,CITY HEIGHTS COMMUNITY DEVELOPMENT CORP.,4071 39TH STREET,SAN DIEGO,CA,92105,LETICIA LEAL,619-961-1062,"L, AM",7/25/2016,9/8/2016,SFSP,CLOSED
HEAVEN'S WINDOWS,EAST COUNTY COMMUNITY CENTER SPRING VALLEY,3845 SPRING DRIVE,SPRING VALLEY,CA,91977,FREDDY HORTON,619-463-0725,L,6/20/2016,8/14/2016,SFSP,OPEN
HEAVEN'S WINDOWS,GRACIA Y PAZ,960 5TH AVENUE,CHULA VISTA,CA,91911,PENNY BRACE,619-733-7776,L,6/23/2016,6/23/2016,SFSP,OPEN
HEAVEN'S WINDOWS,HUDO COMMUNITY CENTER,4175 BONILLO DRIVE,SAN DIEGO,CA,92115,HUDO AHMED,619-243-6894,"AM, PM",6/22/2016,9/8/2016,SFSP,OPEN
HEAVEN'S WINDOWS,IQRA LEARNING CENTER,5702 EL CAJON BLVD.,SAN DIEGO,CA,92115,LIBAN ISHMAEL,619-793-8716,AM,6/22/2016,9/8/2016,SFSP,OPEN
HEAVEN'S WINDOWS,METRO AREA ADVISORY COMMITTEE (DIFFERENCT FROM HONEY BEE),9119 JAMACHA ROAD,SPRING VALLEY,CA,91977,ANGELA KRETSCHMAR,619-303-7806,L,6/20/2016,8/14/2016,SFSP,OPEN
HEAVEN'S WINDOWS,MT. ERIE BAPTIST CHURCH,511 SO. 47TH STREET,SAN DIEGO,CA,92113,JAMES ROWELL,619-262-0708,B,6/22/2016,9/8/2016,SFSP,OPEN
HEAVEN'S WINDOWS,NEW SEASONS CHURCH,2300 BANCROFT DRIVE,SPRING VALLEY,CA,91977,LYNDA DUKES,619-463-0725,"L, AM",6/20/2016,8/14/2016,SFSP,OPEN
HEAVEN'S WINDOWS,NEW SEASONS EL CAJON,990 NARANCA AVENUE,EL CAJON,CA,92020,LAILA HANNA,619-635-5301,L,6/27/2016,6/27/2016,SFSP,OPEN
HEAVEN'S WINDOWS,NEW VISION CHRISTIAN FELLOWSHIP,4353 PARK BLVD.,SAN DIEGO,CA,92103,DAVID POWELL,619-200-3686,L,7/1/2016,9/8/2016,SFSP,OPEN
HEAVEN'S WINDOWS,PROJECT ACCESS,378 SO. MEADOWBROOK DRIVE,SAN DIEGO,CA,92114,ALEX GARCIA,619-479-9594,"L, PM",6/27/2016,8/26/2016,SFSP,OPEN
HEAVEN'S WINDOWS,REFLECTIONS,8374 HERCULES STREET,LA MESA,CA,91941,DONNA MC MANUS,619-667-6891,PM,7/20/2016,8/14/2016,SFSP,CLOSED
HEAVEN'S WINDOWS,SPRING VALLEY REC CLUB,838 KEMPTON STREET,SPRING VALLEY,CA,91977,CARL MCCULLOUGH,619-667-6839,"L, S, PM",6/20/2016,8/14/2016,SFSP,OPEN
HEAVEN'S WINDOWS,UMI LEARNING CENTER,6157 UNIVERSITY AVENUE,SAN DIEGO,CA,92115,MOHAMED MOHAMED,619-309-6362,"AM, PM",6/16/2016,9/9/2016,SFSP,OPEN
HEAVEN'S WINDOWS,VICTORY OUTREACH,4235 NATIONAL AVENUE,SAN DIEGO,CA,92113,REGINA PITTMAN,619-381-8747,"AM, PM",6/22/2016,9/8/2016,SFSP,OPEN
HEAVEN'S WINDOWS,VISTA LA MESA CHRISTIAN CHURCH,4210 MASSACHUSETTS AVENUE,LA MESA,CA,91941,REBECCA LITTLEJOHN,619-460-7272,L,6/20/2016,8/14/2016,SFSP,OPEN
JAMES E. ALDREDGE FOUNDATION,MT. ERIE CHRISTIAN ACADEMY,504 S. 47TH STREET,SAN DIEGO,CA,92113,KAILYN WELLS,619-263-1914,"B, L",6/22/2016,8/26/2016,SFSP,OPEN
KAREN ORGANIZATION OF SAN DIEGO,KAREN ORGANIZATION OF SAN DIEGO,5354 UNIVERSITY AVE #1,SAN DIEGO,CA,92105,NAO KABASHIMA,619-582-0783,PM,7/19/2016,8/26/2016,SFSP,CLOSED
LA JOLLA BAND OF LUISENO,LA JOLLA BAND OF LUISENO INDIANS,22000 HWY 76,PAUMA VALLEY,CA,92061,KATRINA KEYOITE,760-750-3771 #320 #320,"L, AM",7/6/2016,8/4/2016,SFSP,CLOSED
LA MESA-SPRING VALLEY SCHOOL DISTRICT,AVONDALE ELEMENTARY,8401 STANSBURY ST.,SPRING VALLEY,CA,91977-3737,JILL WHITTENBERG,619-668-5764,"L, PM",3/21/2016,4/1/2016,SSFO,OPEN
LA MESA-SPRING VALLEY SCHOOL DISTRICT,BANCROFT ELEMENTARY,8805 TYLER ST.,SPRING VALLEY,CA,91977-3336,JILL WHITTENBERG,619-668-5764,"L, PM",6/20/2016,8/12/2016,SSFO,OPEN
LA MESA-SPRING VALLEY SCHOOL DISTRICT,CASA DE ORO ELEMENTARY,10227 RAMONA DR.,SPRING VALLEY,CA,91977-1720,JILL WHITTENBERG,619-668-5764,"L, PM",3/21/2016,4/1/2016,SSFO,OPEN
LA MESA-SPRING VALLEY SCHOOL DISTRICT,HIGHLANDS ELEMENTARY,3131 SOUTH BARCELONA ST.,SPRING VALLEY,CA,91977-3003,JILL WHITTENBERG,619-668-5764,"L, PM",3/21/2016,4/1/2016,SSFO,OPEN
LA MESA-SPRING VALLEY SCHOOL DISTRICT,KEMPTON STREET LITERACY ACADEMY,740 KEMPTON ST.,SPRING VALLEY,CA,91977-5017,JILL WHITTENBERG,619-668-5764,"L, PM",10/5/2015,10/16/2015,SSFO,OPEN
LA MESA-SPRING VALLEY SCHOOL DISTRICT,LA MESA DALE ELEMENTARY,4370 PARKS AVE.,LA MESA,CA,91941-5214,JILL WHITTENBERG,619-668-5764,"L, PM",3/21/2016,4/1/2016,SSFO,OPEN
LA MESA-SPRING VALLEY SCHOOL DISTRICT,LA PRESA ELEMENTARY,519 LA PRESA ST.,SPRING VALLEY,CA,91977-6011,JILL WHITTENBERG,619-668-5764,"L, PM",6/20/2016,8/12/2016,SSFO,OPEN
LA MESA-SPRING VALLEY SCHOOL DISTRICT,LEMON AVENUE ELEMENTARY,8787 LEMON AVE.,LA MESA,CA,91941-5214,JILL WHITTENBERG,619-668-5764,"L, PM",10/5/2015,10/16/2015,SSFO,OPEN
LA MESA-SPRING VALLEY SCHOOL DISTRICT,LOMA ELEMENTARY,10355 LOMA LN.,SPRING VALLEY,CA,91978-1517,JILL WHITTENBERG,619-668-5764,"L, PM",10/5/2015,10/16/2015,SSFO,OPEN
LA MESA-SPRING VALLEY SCHOOL DISTRICT,MARYLAND AVENUE ELEMENTARY,5400 MARYLAND AVE.,LA MESA,CA,91941-5214,JILL WHITTENBERG,619-668-5764,"L, PM",10/5/2015,10/16/2015,SSFO,OPEN
LA MESA-SPRING VALLEY SCHOOL DISTRICT,MURDOCK ELEMENTARY,4354 CONRAD DR.,LA MESA,CA,91941-5214,JILL WHITTENBERG,619-668-5764,"L, PM",6/20/2016,8/12/2016,SSFO,OPEN
LA MESA-SPRING VALLEY SCHOOL DISTRICT,ROLANDO ELEMENTARY,6925 TOWER ST.,LA MESA,CA,91941-5214,JILL WHITTENBERG,619-668-5764,"L, PM",6/20/2016,8/12/2016,SSFO,OPEN
LA MESA-SPRING VALLEY SCHOOL DISTRICT,SPRING VALLEY COMMUNITY CENTER,8735 JAMACHA BLVD,SPRING VALLEY,CA,91977,JILL WHITTENBERG,619-668-5764,"B, L",6/20/2016,8/12/2016,SSFO,OPEN
LA MESA-SPRING VALLEY SCHOOL DISTRICT,SPRING VALLEY LIBRARY,836 KEMPTON STREET,SPRING VALLEY,CA,91977,JILL WHITTENBERG,619-668-5764,"B, L",6/20/2016,8/12/2016,SSFO,OPEN
LA MESA-SPRING VALLEY SCHOOL DISTRICT,SPRING VALLEY MIDDLE,3900 CONRAD DR.,SPRING VALLEY,CA,91977-1437,JILL WHITTENBERG,619-668-5764,"L, PM",6/20/2016,8/12/2016,SSFO,OPEN
LA MESA-SPRING VALLEY SCHOOL DISTRICT,SWEETWATER SPRINGS ELEMENTARY,10129 AUSTIN DR.,SPRING VALLEY,CA,91977-6903,JILL WHITTENBERG,619-668-5764,"L, PM",6/20/2016,8/12/2016,SSFO,OPEN
LAKESIDE UNION ELEMENTARY SCHOOL DISTRICT,LINDO PARK ELEMENTARY,12824 LAKESHORE DR.,LAKESIDE,CA,92040-0578,SALLY SPERO,619-390-2600 #2550 #25,"B, L",6/23/2016,8/26/2016,SSFO,OPEN
LEMON GROVE SCHOOL DISTRICT,LEMON GROVE ACADEMY FOR THE SCIENCES AND HUMANITIES,7866 LINCOLN ST.,LEMON GROVE,CA,91945-2542,HOLLY BAUER,619-825-5693,L,6/20/2016,7/15/2016,SSFO,OPEN
LEMON GROVE SCHOOL DISTRICT,SAN ALTOS ELEMENTARY,1750 MADERA ST.,LEMON GROVE,CA,91945-2515,HOLLY BAUER,619-825-5693,L,6/20/2016,7/15/2016,SSFO,OPEN
LEMON GROVE SCHOOL DISTRICT,VISTA LA MESA ACADEMY,3900 VIOLET ST.,LA MESA,CA,91941-7542,HOLLY BAUER,619-825-5693,L,6/13/2016,7/1/2016,SSFO,OPEN
MOUNTAIN EMPIRE UNIFIED SCHOOL DISTRICT,CAMPO ELEMENTARY,1654 BUCKMAN SPRINGS RD.,CAMPO,CA,91906-2004,DOROTHY HASKINS,619-473-9022 #125 #125,L,6/27/2016,7/22/2016,SSFO,OPEN
OCEANSIDE UNIFIED SCHOOL DISTRICT,ABBY REINKE YOUTH CENTER,BLDG. 201019,CAMP PENDLETON,CA,92055,NAOMI SHADWELL,760-966-4045,"B, L",6/6/2016,8/5/2016,SSFO,OPEN
OCEANSIDE UNIFIED SCHOOL DISTRICT,BOYS/GIRLS CLUB COUNTRY CLUB LANE,401 COUNTRY CLUB LANE,OCEANSIDE,CA,92054,NAOMI SHADWELL,760-966-4045,"L, PM",6/6/2016,8/11/2016,SSFO,OPEN
OCEANSIDE UNIFIED SCHOOL DISTRICT,CLAIR W. BURGENER ACADEMY,707 CAREY RD.,OCEANSIDE,CA,92058-2311,NAOMI SHADWELL,760-966-4045,"B, L",7/5/2016,8/2/2016,SSFO,OPEN
OCEANSIDE UNIFIED SCHOOL DISTRICT,CROWN HEIGHTS RESOURCE CENTER,1210 DIVISION STREET,OCEANSIDE,CA,92054,NAOMI SHADWELL,760-966-4045,"B, L",6/6/2016,8/11/2016,SSFO,OPEN
OCEANSIDE UNIFIED SCHOOL DISTRICT,DEL RIO ELEMENTARY,5200 NORTH RIVER RD.,OCEANSIDE,CA,92057-3811,NAOMI SHADWELL,760-966-4045,"B, L",6/6/2016,7/1/2016,SSFO,OPEN
OCEANSIDE UNIFIED SCHOOL DISTRICT,E. G. GARRISON ELEMENTARY,333 GARRISON DR.,OCEANSIDE,CA,92054-4733,NAOMI SHADWELL,760-966-4045,"B, L",6/6/2016,7/1/2016,SSFO,OPEN
OCEANSIDE UNIFIED SCHOOL DISTRICT,EL CAMINO HIGH,400 RANCHO DEL ORO DR.,OCEANSIDE,CA,92057-8316,NAOMI SHADWELL,760-966-4045,"B, L",6/6/2016,6/30/2016,SSFO,OPEN
OCEANSIDE UNIFIED SCHOOL DISTRICT,FIRESIDE PARK,FIRESIDE DRIVE & PARKSIDE STREET,OCEANSIDE,CA,92054,NAOMI SHADWELL,760-966-4045,"B, L",6/6/2016,8/11/2016,SSFO,OPEN
OCEANSIDE UNIFIED SCHOOL DISTRICT,LAUREL ELEMENTARY,1410 LAUREL ST.,OCEANSIDE,CA,92058-2217,NAOMI SHADWELL,760-966-4045,"B, L",7/6/2016,8/2/2016,SSFO,OPEN
OCEANSIDE UNIFIED SCHOOL DISTRICT,LIBBY ELEMENTARY,423 WEST REDONDO DR.,OCEANSIDE,CA,92057-4316,NAOMI SHADWELL,760-966-4045,L,7/5/2016,8/11/2016,SSFO,OPEN
OCEANSIDE UNIFIED SCHOOL DISTRICT,LIBBY LAKE PARK,424 CALLE MONTECITO,OCEANSIDE,CA,92054,NAOMI SHADWELL,760-966-4045,"B, L",6/6/2016,8/11/2016,SSFO,OPEN
OCEANSIDE UNIFIED SCHOOL DISTRICT,LOUISE FOUSSAT ELEMENTARY,3800 PALA RD.,OCEANSIDE,CA,92058-0678,NAOMI SHADWELL,760-966-4045,"B, L",6/6/2016,7/1/2016,SSFO,OPEN
OCEANSIDE UNIFIED SCHOOL DISTRICT,MELBA BISHOP RECREATION CENTER,5306 N RIVER RD,OCEANSIDE,CA,92054,NAOMI SHADWELL,760-966-4045,"B, L",7/5/2016,8/11/2016,SSFO,OPEN
OCEANSIDE UNIFIED SCHOOL DISTRICT,MISSION ELEMENTARY,2100 MISSION AVE.,OCEANSIDE,CA,92058-2327,NAOMI SHADWELL,760-966-4045,"B, L",6/6/2016,7/1/2016,SSFO,OPEN
OCEANSIDE UNIFIED SCHOOL DISTRICT,NICHOLS ELEMENTARY,4250 OLD GROVE RD.,OCEANSIDE,CA,92057-6539,NAOMI SHADWELL,760-966-4045,"B, L",6/6/2016,7/1/2016,SSFO,OPEN
OCEANSIDE UNIFIED SCHOOL DISTRICT,NORTH TERRACE ELEMENTARY,141 SANTA ROSA DR.,OCEANSIDE,CA,92058-6880,NAOMI SHADWELL,760-966-4045,"B, L",6/20/2016,7/14/2016,SSFO,OPEN
OCEANSIDE UNIFIED SCHOOL DISTRICT,OCEANSIDE HIGH,1 PIRATES COVE WAY,OCEANSIDE,CA,92054-3066,NAOMI SHADWELL,760-966-4045,"B, L",6/6/2016,7/14/2016,SSFO,OPEN
OCEANSIDE UNIFIED SCHOOL DISTRICT,PALMQUIST ELEMENTARY,1999 CALIFORNIA ST.,OCEANSIDE,CA,92054-5685,NAOMI SHADWELL,760-966-4045,"B, L",6/6/2016,7/1/2016,SSFO,OPEN
OCEANSIDE UNIFIED SCHOOL DISTRICT,REYNOLDS ELEMENTARY,4575 DOUGLAS DR.,OCEANSIDE,CA,92057-4228,NAOMI SHADWELL,760-966-4045,"B, L",6/6/2016,7/1/2016,SSFO,OPEN
OCEANSIDE UNIFIED SCHOOL DISTRICT,SAN LUIS REY ELEMENTARY,3535 HACIENDA DR.,OCEANSIDE,CA,92054-3854,NAOMI SHADWELL,760-966-4045,"B, L",6/6/2016,7/1/2016,SSFO,OPEN
OCEANSIDE UNIFIED SCHOOL DISTRICT,SOUTH OCEANSIDE ELEMENTARY,1806 SOUTH HORNE ST.,OCEANSIDE,CA,92054-6017,NAOMI SHADWELL,760-966-4045,"B, L",6/6/2016,7/1/2016,SSFO,OPEN
RAMONA CITY UNIFIED SCHOOL DISTRICT,RAMONA ELEMENTARY,415 EIGHTH ST.,RAMONA,CA,92065-2346,KATI HARBOUR,760-787-2048,L,6/13/2016,7/15/2016,SSFO,OPEN
RAMONA CITY UNIFIED SCHOOL DISTRICT,RAMONA HIGH,1401 HANSON LN.,RAMONA,CA,92065-3304,KATI HARBOUR,760-787-2048,L,6/13/2016,7/15/2016,SSFO,OPEN
SALVATION ARMY-SAN DIEGO A CALIFORNIA CORPORATION,SALVATION ARMY KROC CENTER,6605 UNIVERSITY AVENUE,SAN DIEGO,CA,92115,LAUREN LA BELLA,619-269-1523,L,6/20/2016,8/26/2016,SFSP,OPEN
SAN DIEGO STATE UNIVERSITY RESEARCH FOUNDATION,SDSU UPWARD BOUND,5500 CAMPANILE DR.,SAN DIEGO,CA,92182,TOMASA MAURICIO,619-594-1899,"B, L, S",6/11/2016,7/22/2016,SFSP,CAMP
SAN DIEGO STATE UNIVERSITY RESEARCH FOUNDATION,SDSU UPWARD BOUND STAR,5500 CAMPANILE DR.,SAN DIEGO,CA,92182,TOMASA MAURICIO,619-594-1899,"B, L, S",6/11/2016,7/22/2016,SFSP,CAMP
SAN DIEGO UNIFIED SCHOOL DISTRICT,ADAMS REC CENTER,3491 ADAMS AVENUE,SAN DIEGO,CA,92116,JENNIFER MARRONE,858-627-7332,"L, PM",7/25/2016,8/19/2016,SSFO,OPEN
SAN DIEGO UNIFIED SCHOOL DISTRICT,ADMIRAL HARTMAN CYP,4649 DONALDSON DRIVE,SAN DIEGO,CA,92109,JENNIFER MARRONE,858-627-7332,"L, PM",6/27/2016,8/19/2016,SSFO,OPEN
SAN DIEGO UNIFIED SCHOOL DISTRICT,ALLIED GARDENS PARK & REC,5155 GREENBRIER AVENUE,SAN DIEGO,CA,92120,JENNIFER MARRONE,858-627-7332,"L, PM",7/25/2016,8/19/2016,SSFO,OPEN
SAN DIEGO UNIFIED SCHOOL DISTRICT,AZELEA REC CENTER,2596 VIOLET STREET,SAN DIEGO,CA,92105,JENNIFER MARRONE,858-627-7332,"L, PM",7/25/2016,8/19/2016,SSFO,OPEN
SAN DIEGO UNIFIED SCHOOL DISTRICT,BALBOA MORLEY FIELD SPORTS COMPLEX,2221 MORLEY FIELD DRIVE,SAN DIEGO,CA,92101,JENNIFER MARRONE,858-627-7332,"L, PM",6/27/2016,8/19/2016,SSFO,OPEN
SAN DIEGO UNIFIED SCHOOL DISTRICT,BAME CDC,138 28TH STREET,SAN DIEGO,CA,92102,JENNIFER MARRONE,858-627-7332,"L, PM",6/27/2016,8/19/2016,SSFO,OPEN
SAN DIEGO UNIFIED SCHOOL DISTRICT,BAY VIEW CYP,1876 SKY HARBOR ROAD,SAN DIEGO,CA,92139,JENNIFER MARRONE,858-627-7332,"L, PM",6/27/2016,8/19/2016,SSFO,OPEN
SAN DIEGO UNIFIED SCHOOL DISTRICT,BAYSIDE COMMUNITY CENTER,2202 COMSTOCK STREET,SAN DIEGO,CA,92111,JENNIFER MARRONE,858-627-7332,"L, PM",7/25/2016,8/19/2016,SSFO,OPEN
SAN DIEGO UNIFIED SCHOOL DISTRICT,BELL MIDDLE,620 BRIARWOOD RD.,SAN DIEGO,CA,92139-1399,JENNIFER MARRONE,858-627-7332,"L, PM",6/27/2016,7/22/2016,SSFO,CLOSED
SAN DIEGO UNIFIED SCHOOL DISTRICT,BURBANK ELEMENTARY,2146 JULIAN AVE.,SAN DIEGO,CA,92113-1237,JENNIFER MARRONE,858-627-7332,"L, PM",7/25/2016,8/19/2016,SSFO,CLOSED
SAN DIEGO UNIFIED SCHOOL DISTRICT,CABRILLO CYP,8420 1/2 KRENZ STREET,SAN DIEGO,CA,92123,JENNIFER MARRONE,858-627-7332,"L, PM",6/27/2016,8/19/2016,SSFO,OPEN
SAN DIEGO UNIFIED SCHOOL DISTRICT,CADMAN RECREATION CENTER,4280 AVATI DRIVE,SAN DIEGO,CA,92117,JENNIFER MARRONE,858-627-7332,"L, PM",6/27/2016,7/27/2016,SSFO,OPEN
SAN DIEGO UNIFIED SCHOOL DISTRICT,CENTRAL LIBRARY,330 PARK BLVD,SAN DIEGO,CA,92101,JENNIFER MARRONE,858-627-7332,L,6/27/2016,8/19/2016,SSFO,OPEN
SAN DIEGO UNIFIED SCHOOL DISTRICT,CHEROKEE POINT ELEMENTARY,3735 38TH ST.,SAN DIEGO,CA,92105-2414,JENNIFER MARRONE,858-627-7332,"B, L",7/25/2016,8/19/2016,SSFO,OPEN
SAN DIEGO UNIFIED SCHOOL DISTRICT,CHESTERTON CYP,7427 LINDA VISTA ROAD,SAN DIEGO,CA,92111,JENNIFER MARRONE,858-627-7332,"L, PM",6/27/2016,8/19/2016,SSFO,OPEN
SAN DIEGO UNIFIED SCHOOL DISTRICT,CHOLLAS LAKE PARK & RECREATION CENTER,6350 COLLEGE GROVE DRIVE,SAN DIEGO,CA,92105,JENNIFER MARRONE,858-627-7332,"L, PM",6/27/2016,8/19/2016,SSFO,OPEN
SAN DIEGO UNIFIED SCHOOL DISTRICT,CHOLLAS/MEAD ELEMENTARY,401 NORTH 45TH ST.,SAN DIEGO,CA,92102-4732,JENNIFER MARRONE,858-627-7332 #7332 #73,"B, L",6/27/2016,7/29/2016,SSFO,OPEN
SAN DIEGO UNIFIED SCHOOL DISTRICT,CITY HEIGHTS REC CENTER,4380 LANDIS STREET,SAN DIEGO,CA,92105,JENNIFER MARRONE,858-627-7332,"L, PM",7/25/2016,8/19/2016,SSFO,OPEN
SAN DIEGO UNIFIED SCHOOL DISTRICT,COLINA DEL SOL PARK & REC,5319 ORANGE AVE.,SAN DIEGO,CA,92115,JENNIFER MARRONE,858-627-7332,L,7/25/2016,8/19/2016,SSFO,OPEN
SAN DIEGO UNIFIED SCHOOL DISTRICT,COPLEY YMCA,4300 EL CAJON BLVD,SAN DIEGO,CA,92105,JENNIFER MARRONE,858-627-7332,"L, PM",6/27/2016,8/19/2016,SSFO,OPEN
SAN DIEGO UNIFIED SCHOOL DISTRICT,CROWN POINT ELEMENTARY,4033 INGRAHAM ST.,SAN DIEGO,CA,92109-5946,JENNIFER MARRONE,858-627-7332,"L, PM",6/27/2016,7/22/2016,SSFO,CLOSED
SAN DIEGO UNIFIED SCHOOL DISTRICT,ENCANTO REC CENTER,6508 WUNDERLIN AVENUE,SAN DIEGO,CA,92114,JENNIFER MARRONE,858-627-7332,"L, PM",6/27/2016,8/19/2016,SSFO,OPEN
SAN DIEGO UNIFIED SCHOOL DISTRICT,FARB MIDDLE,4880 LA CUENTA DR.,SAN DIEGO,CA,92124-3015,JENNIFER MARRONE,858-627-7332,"L, PM",6/27/2016,7/22/2016,SSFO,CLOSED
SAN DIEGO UNIFIED SCHOOL DISTRICT,FAY ELEMENTARY,4080 52ND ST.,SAN DIEGO,CA,92105-2209,JENNIFER MARRONE,858-627-7332,"L, PM",7/25/2016,8/19/2016,SSFO,CLOSED
SAN DIEGO UNIFIED SCHOOL DISTRICT,FLORENCE ELEMENTARY,3914 FIRST AVE.,SAN DIEGO,CA,92103-3089,JENNIFER MARRONE,858-627-7332,"L, PM",6/27/2016,7/22/2016,SSFO,CLOSED
SAN DIEGO UNIFIED SCHOOL DISTRICT,FRANKLIN ELEMENTARY,4481 COPELAND AVE.,SAN DIEGO,CA,92116-4802,JENNIFER MARRONE,858-627-7332,"L, PM",6/27/2016,7/22/2016,SSFO,CLOSED
SAN DIEGO UNIFIED SCHOOL DISTRICT,FULTON K-8,7055 SKYLINE DR.,SAN DIEGO,CA,92114-5930,JENNIFER MARRONE,858-627-7332,"L, PM",6/27/2016,7/22/2016,SSFO,CLOSED
SAN DIEGO UNIFIED SCHOOL DISTRICT,GARFIELD ELEMENTARY,4487 OREGON ST.,SAN DIEGO,CA,92116-3018,JENNIFER MARRONE,858-627-7332,"L, PM",7/25/2016,8/19/2016,SSFO,CLOSED
SAN DIEGO UNIFIED SCHOOL DISTRICT,GATEWAY CYP,6735 GIFFORD WAY,SAN DIEGO,CA,92110,JENNIFER MARRONE,858-627-7332,"L, PM",6/27/2016,8/19/2016,SSFO,OPEN
SAN DIEGO UNIFIED SCHOOL DISTRICT,GOLDEN HILL K-8,1240 33RD ST.,SAN DIEGO,CA,92102-2409,JENNIFER MARRONE,858-627-7332,"L, PM",7/25/2016,8/19/2016,SSFO,CLOSED
SAN DIEGO UNIFIED SCHOOL DISTRICT,GOLDEN HILL RECREATION CENTER,2600 GOLF COURSE DRIVE,SAN DIEGO,CA,92102,JENNIFER MARRONE,858-627-7332,"L, PM",7/25/2016,8/19/2016,SSFO,OPEN
SAN DIEGO UNIFIED SCHOOL DISTRICT,HOOVER HIGH,4474 EL CAJON BLVD.,SAN DIEGO,CA,92115-4312,JENNIFER MARRONE,858-627-7332,"B, L",6/27/2016,8/5/2016,SSFO,OPEN
SAN DIEGO UNIFIED SCHOOL DISTRICT,JACKIE ROBINSON YMCA,151 YMCA WAY,SAN DIEGO,CA,92105,JENNIFER MARRONE,858-627-7332,"L, PM",1/4/2016,1/15/2016,SSFO,OPEN
SAN DIEGO UNIFIED SCHOOL DISTRICT,JOHNSON ELEMENTARY,1355 KELTON RD.,SAN DIEGO,CA,92114-1229,JENNIFER MARRONE,858-627-7332,"B, L",6/27/2016,7/29/2016,SSFO,CLOSED
SAN DIEGO UNIFIED SCHOOL DISTRICT,KEARNY MESA PARK & REC,3170 ARMSTRONG STREET,SAN DIEGO,CA,92111,JENNIFER MARRONE,858-627-7332,"L, PM",6/27/2016,8/19/2016,SSFO,OPEN
SAN DIEGO UNIFIED SCHOOL DISTRICT,KIMBROUGH ELEMENTARY,321 HOITT ST.,SAN DIEGO,CA,92102-3132,JENNIFER MARRONE,858-627-7332,"B, L",7/25/2016,8/19/2016,SSFO,CLOSED
SAN DIEGO UNIFIED SCHOOL DISTRICT,KING-CHAVEZ ACADEMY OF EXCELLENCE,2850 LOGAN AVE.,SAN DIEGO,CA,92113-2412,JENNIFER MARRONE,858-627-7332,"B, L",6/27/2016,7/15/2016,SSFO,OPEN
SAN DIEGO UNIFIED SCHOOL DISTRICT,LAFAYETTE ELEMENTARY,6125 PRINTWOOD WAY,SAN DIEGO,CA,92117-3346,JENNIFER MARRONE,858-627-7332,"B, L",6/27/2016,7/22/2016,SSFO,CLOSED
SAN DIEGO UNIFIED SCHOOL DISTRICT,LINCOLN HIGH,4777 IMPERIAL AVE.,SAN DIEGO,CA,92113-2071,JENNIFER MARRONE,858-627-7332,"B, L",6/27/2016,8/12/2016,SSFO,OPEN
SAN DIEGO UNIFIED SCHOOL DISTRICT,LINDA VISTA ELEMENTARY,2772 ULRIC ST.,SAN DIEGO,CA,92111-5530,JENNIFER MARRONE,858-627-7332,"L, PM",7/25/2016,8/19/2016,SSFO,CLOSED
SAN DIEGO UNIFIED SCHOOL DISTRICT,LINDA VISTA REC CENTER,7064 LEVANT STREET,SAN DIEGO,CA,92111,JENNIFER MARRONE,858-627-7332,"L, PM",7/25/2016,8/19/2016,SSFO,OPEN
SAN DIEGO UNIFIED SCHOOL DISTRICT,LINDBERGH/SCHWEITZER ELEMENTARY,4133 MT. ALBERTINE AVE.,SAN DIEGO,CA,92111-3128,JENNIFER MARRONE,858-627-7332,"B, L",7/25/2016,8/19/2016,SSFO,CLOSED
SAN DIEGO UNIFIED SCHOOL DISTRICT,LOGAN HEIGHTS PUBLIC LIBRARY,567 SOUTH 28TH ST.,SAN DIEGO,CA,92113,JENNIFER MARRONE,858-624-7332,"L, PM",7/25/2016,8/19/2016,SSFO,OPEN
SAN DIEGO UNIFIED SCHOOL DISTRICT,MADISON HIGH,4833 DOLIVA DR.,SAN DIEGO,CA,92117-3211,JENNIFER MARRONE,858-627-7332,"B, L",6/27/2016,8/5/2016,SSFO,OPEN
SAN DIEGO UNIFIED SCHOOL DISTRICT,MALCOLM X BRANCH LIBRARY,5148 MARKET STREET,SAN DIEGO,CA,92114,JENNIFER MARRONE,858-627-7332,L,6/27/2016,8/19/2016,SSFO,OPEN
SAN DIEGO UNIFIED SCHOOL DISTRICT,MARTIN LUTHER KING JR REC CENTER,6401 SKYLINE DRIVE,SAN DIEGO,CA,92114,JENNIFER MARRONE,858-627-7332,"L, PM",6/27/2016,8/19/2016,SSFO,OPEN
SAN DIEGO UNIFIED SCHOOL DISTRICT,MCGILL SCHOOL OF SUCCESS,3025 FIR ST.,SAN DIEGO,CA,92102-1123,JENNIFER MARRONE,858-627-7332,"B, L",6/27/2016,7/22/2016,SSFO,OPEN
SAN DIEGO UNIFIED SCHOOL DISTRICT,MEMORIAL SCHOLARS & ATHLETES,"2850 LOGAN AVE,",SAN DIEGO,CA,92113-2412,JENNIFER MARRONE,858-627-7332,"B, L",7/25/2016,8/19/2016,SSFO,CLOSED
SAN DIEGO UNIFIED SCHOOL DISTRICT,MILLENNIAL TECH MIDDLE,1110 CAROLINA LN.,SAN DIEGO,CA,92102-3713,JENNIFER MARRONE,858-627-7332,"L, PM",6/27/2016,7/22/2016,SSFO,CLOSED
SAN DIEGO UNIFIED SCHOOL DISTRICT,MIRA MESA PARK & REC,8575 SALEM STREET,SAN DIEGO,CA,92126,JENNIFER MARRONE,858-627-7332,"L, PM",6/27/2016,8/19/2016,SSFO,OPEN
SAN DIEGO UNIFIED SCHOOL DISTRICT,MIRAMAR AIRSTATION CHILD YOUTH & TEEN CENTER,2700 MOORE AVE.,SAN DIEGO,CA,92126,JENNIFER MARRONE,858-627-7332,"B, L",6/27/2016,8/19/2016,SSFO,OPEN
SAN DIEGO UNIFIED SCHOOL DISTRICT,MORSE HIGH,6905 SKYLINE DR.,SAN DIEGO,CA,92114-5928,JENNIFER MARRONE,858-627-7332,"B, L",6/27/2016,8/5/2016,SSFO,OPEN
SAN DIEGO UNIFIED SCHOOL DISTRICT,MOUNTAIN VIEW COMMUNITY CENTER,641 SOUTH BOUNDARY,SAN DIEGO,CA,92113,JENNIFER MARRONE,858-627-7332,"L, PM",7/25/2016,8/19/2016,SSFO,OPEN
SAN DIEGO UNIFIED SCHOOL DISTRICT,MURPHY CANYON KID CONNECTION,3493 SANTO ROAD,SAN DIEGO,CA,92124,JENNIFER MARRONE,858-627-7332,"L, PM",6/27/2016,8/19/2016,SSFO,OPEN
SAN DIEGO UNIFIED SCHOOL DISTRICT,MURPHY CANYON YOUTH CENTER,4867 SANTO ROAD,SAN DIEGO,CA,92124,JENNIFER MARRONE,858-627-7332,"L, PM",6/27/2016,8/19/2016,SSFO,OPEN
SAN DIEGO UNIFIED SCHOOL DISTRICT,NORTH CLAIREMONT PARK & REC CENTER,4421 BANNOCK AVENUE,SAN DIEGO,CA,92117,JENNIFER MARRONE,858-627-7332,"L, PM",7/25/2016,8/19/2016,SSFO,OPEN
SAN DIEGO UNIFIED SCHOOL DISTRICT,NORTH PARK REC CENTER,4044 IDAHO STREET,SAN DIEGO,CA,92104,JENNIFER MARRONE,858-627-7332,"L, PM",7/25/2016,8/19/2016,SSFO,OPEN
SAN DIEGO UNIFIED SCHOOL DISTRICT,OFARRELL COMMUNITY SCHOOL,6130 SKYLINE DR.,SAN DIEGO,CA,92114,JENNIFER MARRONE,858-627-7332,"B, L",6/21/2016,7/15/2016,SSFO,OPEN
SAN DIEGO UNIFIED SCHOOL DISTRICT,PACIFIC BEACH PARK & REC CENTER,1405 DIAMOND STREET,SAN DIEGO,CA,92109,JENNIFER MARRONE,858-627-7332,"L, PM",6/27/2016,8/19/2016,SSFO,OPEN
SAN DIEGO UNIFIED SCHOOL DISTRICT,PARADISE HILLS REC CENTER,6610 POTOMAC STREET,SAN DIEGO,CA,92139,JENNIFER MARRONE,858-627-7332,"L, PM",7/25/2016,8/19/2016,SSFO,OPEN
SAN DIEGO UNIFIED SCHOOL DISTRICT,PARK DE LA CRUZ,3901 LANDIS STREET,SAN DIEGO,CA,92105,JENNIFER MARRONE,858-627-7332,"L, PM",7/25/2016,8/19/2016,SSFO,OPEN
SAN DIEGO UNIFIED SCHOOL DISTRICT,PENN ATHLETIC FIELD,2555 DUSK AVENUE,SAN DIEGO,CA,92139,JENNIFER MARRONE,858-627-7332,"L, PM",7/25/2016,8/19/2016,SSFO,OPEN
SAN DIEGO UNIFIED SCHOOL DISTRICT,PORTER ELEMENTARY (NORTH CAMPUS) -ANNEX,445 S. 47TH STREET,SAN DIEGO,CA,92113,JENNIFER MARRONE,858-627-7332,"L, PM",6/27/2016,7/22/2016,SSFO,CLOSED
SAN DIEGO UNIFIED SCHOOL DISTRICT,ROLANDO PARK ELEMENTARY,6620 MARLOWE DR.,SAN DIEGO,CA,92115-6740,JENNIFER MARRONE,858-627-7332,"L, PM",6/27/2016,7/22/2016,SSFO,CLOSED
SAN DIEGO UNIFIED SCHOOL DISTRICT,ROOSEVELT INTERNATIONAL MIDDLE,3366 PARK BLVD.,SAN DIEGO,CA,92103-5299,JENNIFER MARRONE,858-627-7332,"L, PM",6/27/2016,7/22/2016,SSFO,CLOSED
SAN DIEGO UNIFIED SCHOOL DISTRICT,ROSS ELEMENTARY,7470 BAGDAD ST.,SAN DIEGO,CA,92111-4317,JENNIFER MARRONE,858-627-7332,"L, PM",6/27/2016,7/22/2016,SSFO,CLOSED
SAN DIEGO UNIFIED SCHOOL DISTRICT,SAN DIEGO BUSINESS/LEADERSHIP,1405 PARK BLVD.,SAN DIEGO,CA,92101-4722,JENNIFER MARRONE,858-627-7332,"B, L",6/27/2016,8/5/2016,SSFO,OPEN
SAN DIEGO UNIFIED SCHOOL DISTRICT,SEQUOIA ELEMENTARY,4690 LIMERICK AVE.,SAN DIEGO,CA,92117-3220,JENNIFER MARRONE,858-627-7332,"L, PM",6/27/2016,7/22/2016,SSFO,CLOSED
SAN DIEGO UNIFIED SCHOOL DISTRICT,SERRA MESA PARK & REC,9020 VILLAGE GLEN DRIVE,SAN DIEGO,CA,92123,JENNIFER MARRONE,858-627-7332,"L, PM",6/27/2016,8/19/2016,SSFO,OPEN
SAN DIEGO UNIFIED SCHOOL DISTRICT,SHERMAN HEIGHTS COMMUNITY CENTER,2258 ISLAND AVE,SAN DIEGO,CA,92102,JENNIFER MARRONE,858-627-7332,"L, PM",7/25/2016,8/19/2016,SSFO,OPEN
SAN DIEGO UNIFIED SCHOOL DISTRICT,SKYLINE HILLS REC CENTER,8285 SKYLINE DRIVE,SAN DIEGO,CA,92114,JENNIFER MARRONE,858-627-7332,"L, PM",6/27/2016,8/19/2016,SSFO,OPEN
SAN DIEGO UNIFIED SCHOOL DISTRICT,SOUTH CLAIREMONT PARK & REC,3605 CLAIREMONT DRIVE,SAN DIEGO,CA,92117,JENNIFER MARRONE,858-627-7332,"L, PM",6/27/2016,8/19/2016,SSFO,OPEN
SAN DIEGO UNIFIED SCHOOL DISTRICT,SOUTH CREST REC CENTER,4149 NEWTON AVENUE,SAN DIEGO,CA,92113,JENNIFER MARRONE,858-627-7332,"L, PM",7/25/2016,8/19/2016,SSFO,OPEN
SAN DIEGO UNIFIED SCHOOL DISTRICT,STOCKTON REC CENTER,330 32ND STREET,SAN DIEGO,CA,92102,JENNIFER MARRONE,858-627-7332,"L, PM",6/27/2016,8/19/2016,SSFO,OPEN
SAN DIEGO UNIFIED SCHOOL DISTRICT,TIERRASANTA PARK & REC,11220 CLAIREMONT MESA BLVD,SAN DIEGO,CA,92124,JENNIFER MARRONE,858-627-7332,"L, PM",6/27/2016,8/19/2016,SSFO,OPEN
SAN DIEGO UNIFIED SCHOOL DISTRICT,TWAIN HIGH,6402 LINDA VISTA RD.,SAN DIEGO,CA,92111-7320,JENNIFER MARRONE,858-627-7332,"B, L",6/27/2016,8/5/2016,SSFO,OPEN
SAN DIEGO UNIFIED SCHOOL DISTRICT,WANGENHEIM MIDDLE,9230 GOLD COAST DR.,SAN DIEGO,CA,92126-3799,JENNIFER MARRONE,858-627-7332,"L, PM",6/27/2016,7/22/2016,SSFO,CLOSED
SAN DIEGO UNIFIED SCHOOL DISTRICT,WATERFRONT,1600 PACIFIC HIGHWAY,SAN DIEGO,CA,92101,JENNIFER MARRONE,858-627-7332,L,6/27/2016,8/19/2016,SSFO,OPEN
SAN DIEGO UNIFIED SCHOOL DISTRICT,WILLIE HENDERSON SPORTS COMPLEX,1035 S. 45TH STREET,SAN DIEGO,CA,92113,JENNIFER MARRONE,858-627-7332,"L, PM",6/27/2016,8/19/2016,SSFO,OPEN
SAN DIEGO UNIFIED SCHOOL DISTRICT,ZAMORANO ELEMENTARY,2655 CASEY ST.,SAN DIEGO,CA,92139-2989,JENNIFER MARRONE,858-627-7332,"B, L",7/25/2016,8/19/2016,SSFO,OPEN
SAN MARCOS UNIFIED SCHOOL DISTRICT,ALVIN M. DUNN ELEMENTARY,3697 LA MIRADA DR.,SAN MARCOS,CA,92078-2312,DENA ENGLAND,760-752-1250,"B, L",6/27/2016,7/29/2016,SSFO,OPEN
SAN MARCOS UNIFIED SCHOOL DISTRICT,JOLI ANN LEICHTAG ELEMENTARY,653 POINSETTIA AVE.,VISTA,CA,92081-8113,DENA ENGLAND,760-752-1250,L,6/27/2016,7/29/2016,SSFO,OPEN
SAN MARCOS UNIFIED SCHOOL DISTRICT,SAN MARCOS ELEMENTARY,1 TIGER WAY,SAN MARCOS,CA,92069-2703,DENA ENGLAND,760-752-1250,"B, L",6/27/2016,8/12/2016,SSFO,OPEN
SAN MARCOS UNIFIED SCHOOL DISTRICT,SAN MARCOS HIGH,1615 SAN MARCOS BLVD.,SAN MARCOS,CA,92078-4020,DENA ENGLAND,760-752-1250,L,6/27/2016,8/4/2016,SSFO,OPEN
SOUTH BAY UNION SCHOOL DISTRICT,BAYSIDE ELEMENTARY,490 EMORY ST.,IMPERIAL BEACH,CA,91932-1524,KAREN DENSMORE,619-628-5396,"L, AM",6/27/2016,7/15/2016,SSFO,OPEN
SOUTH BAY UNION SCHOOL DISTRICT,BOYS AND GIRLS CLUB IMPERIAL BEACH,847 ENCINA AVENUE,IMPERIAL BEACH,CA,91932,KAREN DENSMORE,619-628-5396,"L, PM",6/13/2016,7/19/2016,SSFO,OPEN
SOUTH BAY UNION SCHOOL DISTRICT,CASA DE FAMILIA,212 E. PARK AVE.,SAN YSIDRO,CA,92173,KAREN DENSMORE,619-628-5396,"L, PM",6/13/2016,7/19/2016,SSFO,OPEN
SOUTH BAY UNION SCHOOL DISTRICT,CENTRAL ELEMENTARY,1290 EBONY AVE.,IMPERIAL BEACH,CA,91932-2920,KAREN DENSMORE,619-628-5396,"L, AM",6/27/2016,7/15/2016,SSFO,OPEN
SOUTH BAY UNION SCHOOL DISTRICT,CESAR CHAVEZ COMMUNITY CENTER,455 SYCAMORE ROAD,SAN YSIDRO,CA,92173,KAREN DENSMORE,619-628-5396,"L, PM",6/13/2016,7/19/2016,SSFO,OPEN
SOUTH BAY UNION SCHOOL DISTRICT,GODFREY G. BERRY ELEMENTARY,2001 RIMBEY ST.,SAN DIEGO,CA,92154-3032,KAREN DENSMORE,619-628-5396,"L, AM",6/27/2016,7/15/2016,SSFO,OPEN
SOUTH BAY UNION SCHOOL DISTRICT,IMPERIAL BEACH CHARTER,650 IMPERIAL BEACH BLVD.,IMPERIAL BEACH,CA,91932-2706,KAREN DENSMORE,619-628-5396,"B, L",6/13/2016,7/19/2016,SSFO,OPEN
SOUTH BAY UNION SCHOOL DISTRICT,MONTGOMERY WALLER RECREACTION CENTER,3020 CORONADO AVENUE,SAN DIEGO,CA,92154,KAREN DENSMORE,619-628-5396,"L, PM",6/13/2016,7/19/2016,SSFO,OPEN
SOUTH BAY UNION SCHOOL DISTRICT,OTAY RECREATION CENTER,3354 MAIN STREET,CHULA VISTA,CA,91911,KAREN DENSMORE,619-628-5396,"L, PM",6/13/2016,7/15/2016,SSFO,OPEN
SOUTH BAY UNION SCHOOL DISTRICT,ROBERT EGGER SR. SOUTH BAY RECREATION CENTER,1885 CORONADO AVE.,SAN DIEGO,CA,92154,KAREN DENSMORE,619-628-5396,"L, PM",6/13/2016,7/19/2016,SSFO,OPEN
SOUTH BAY UNION SCHOOL DISTRICT,SAN YSIDRO COMMUNITY ACTIVITY CENTER,179 DIZA ROAD,SAN YSIDRO,CA,92173,KAREN DENSMORE,619-628-5396,"L, PM",6/13/2016,7/19/2016,SSFO,OPEN
SOUTH BAY UNION SCHOOL DISTRICT,SILVER WING RECREATION CENTER,3737 AREY DRIVE,SAN DIEGO,CA,92154,KAREN DENSMORE,619-628-5396,"L, PM",6/13/2016,7/19/2016,SSFO,OPEN
SOUTH BAY UNION SCHOOL DISTRICT,SPORTS PARK OF IMPERIAL BEACH,425 IMPERIAL BEACH BLVD,IMPERIAL BEACH,CA,91932,KAREN DENSMORE,619-628-5396,"L, PM",6/13/2016,7/19/2016,SSFO,OPEN
SOUTH BAY UNION SCHOOL DISTRICT,SUNNYSLOPE ELEMENTARY,2500 ELM AVE.,SAN DIEGO,CA,92154-1498,KAREN DENSMORE,619-628-5396,"L, AM",6/27/2016,7/15/2016,SSFO,OPEN
SWEETWATER UNION HIGH SCHOOL DISTRICT,CASTLE PARK MIDDLE,160 QUINTARD ST.,CHULA VISTA,CA,91911-4414,ERIC SPAN,619-691-5510,L,6/6/2016,7/15/2016,SSFO,OPEN
SWEETWATER UNION HIGH SCHOOL DISTRICT,CHULA VISTA MIDDLE,415 FIFTH AVE.,CHULA VISTA,CA,91910-4305,ERIC SPAN,619-691-5510,L,6/6/2016,7/15/2016,SSFO,OPEN
SWEETWATER UNION HIGH SCHOOL DISTRICT,CHULA VISTA SENIOR HIGH,820 FOURTH AVE.,CHULA VISTA,CA,91911-1102,ERIC SPAN,619-691-5510,L,6/13/2016,7/15/2016,SSFO,OPEN
SWEETWATER UNION HIGH SCHOOL DISTRICT,GRANGER JUNIOR HIGH,2101 GRANGER AVE.,NATIONAL CITY,CA,91950-6299,ERIC SPAN,619-691-5510,L,6/6/2016,7/15/2016,SSFO,OPEN
SWEETWATER UNION HIGH SCHOOL DISTRICT,HILLTOP MIDDLE,44 EAST J ST.,CHULA VISTA,CA,91910-6115,ERIC SPAN,619-691-5510,L,6/6/2016,7/15/2016,SSFO,OPEN
SWEETWATER UNION HIGH SCHOOL DISTRICT,MAR VISTA ACADEMY,1267 THERMAL AVE.,SAN DIEGO,CA,92154-2802,ERIC SPAN,619-691-5510,L,6/6/2016,7/15/2016,SSFO,OPEN
SWEETWATER UNION HIGH SCHOOL DISTRICT,MONTGOMERY MIDDLE,1051 PICADOR BLVD.,SAN DIEGO,CA,92154-3548,ERIC SPAN,619-691-5510,L,6/6/2016,7/15/2016,SSFO,OPEN
SWEETWATER UNION HIGH SCHOOL DISTRICT,NATIONAL CITY MIDDLE,1701 D AVE.,NATIONAL CITY,CA,91950-4535,ERIC SPAN,619-691-5510,L,6/6/2016,7/15/2016,SSFO,OPEN
SWEETWATER UNION HIGH SCHOOL DISTRICT,SAN YSIDRO ADULT EDUCATION CENTER,4220 OTAY MESA RD.,SAN YSIDRO,CA,92173,ERIC SPAN,619-691-5510,L,6/13/2016,7/15/2016,SSFO,OPEN
SWEETWATER UNION HIGH SCHOOL DISTRICT,SOUTHWEST MIDDLE,2710 IRIS ST.,SAN DIEGO,CA,92154-3338,ERIC SPAN,619-691-5510,L,6/6/2016,7/15/2016,SSFO,OPEN
SWEETWATER UNION HIGH SCHOOL DISTRICT,SOUTHWEST SENIOR HIGH,1685 HOLLISTER ST.,SAN DIEGO,CA,92154-4548,ERIC SPAN,619-691-5510,L,6/13/2016,7/15/2016,SSFO,OPEN
SWEETWATER UNION HIGH SCHOOL DISTRICT,SWEETWATER HIGH,2900 HIGHLAND AVE.,NATIONAL CITY,CA,91950-7415,ERIC SPAN,619-691-5510,L,6/13/2016,7/15/2016,SSFO,OPEN
"UNIVERSITY OF CALIFORNIA, SAN DIEGO",UPWARD BOUND #1,UCSD UPWARD BOUND #1 9500 GILMAN DRIVE #0341,LA JOLLA,CA,92093-0341,CARRI FIERRO,858-822-3471,"B, L, S",6/19/2016,7/9/2016,SFSP,CAMP
"UNIVERSITY OF CALIFORNIA, SAN DIEGO",UPWARD BOUND #2,UCSD UPWARD BOUND #2 9500 GILMAN DRIVE #0341,LA JOLLA,CA,92093,CARRI FIERRO,858-822-3471,"B, L, S",7/10/2016,7/29/2016,SFSP,CAMP
"UNIVERSITY OF CALIFORNIA, SAN DIEGO",UPWARD BOUND MATH SCIENCE #1,UCSD UPWARD BOUND MATH SCIENCE #1 9500 GILMAN DRIVE #0341,LA JOLLA,CA,92093-0341,CARRI FIERRO,858-822-3471,"B, L, S",7/10/2016,7/29/2016,SFSP,CAMP
"UNIVERSITY OF CALIFORNIA, SAN DIEGO",UPWARD BOUND MATH SCIENCE #2,UCSD UPWARD BOUND MATH SCIENCE #2 9500 GILMAN DRIVE #0341,LA JOLLA,CA,92093-0341,CARRI FIERRO,858-822-3471,"B, L, S",7/10/2016,7/29/2016,SFSP,CAMP
UNIVERSITY OF SAN DIEGO TRIO UPWARD BOUND,UNIVERSITY OF SAN DIEGO STUDENT SUPPORT SERVICES BRIDGE,"UNIVERSITY OF SAN DIEGO STUDENT SUPPORT SERVICES BRIDGE 5998 ALCALA PARK, BARCELONA 301",SAN DIEGO,CA,92110,RYAN JUMAMIL,619-260-7581,"B, L, S",8/20/2016,8/26/2016,SFSP,CAMP
UNIVERSITY OF SAN DIEGO TRIO UPWARD BOUND,UNIVERSITY OF SAN DIEGO TRIO UPWARD BOUND,"UNIVERSITY OF SAN DIEGO TRIO UPWARD BOUND 5998 ALCALA PARK, BARCELONA 301",SAN DIEGO,CA,92110,CYNTHIA VILLIS,619-260-4686,"B, L, S",6/29/2016,7/28/2016,SFSP,CAMP
VISTA UNIFIED SCHOOL DISTRICT,ALTA VISTA HIGH (CONTINUATION),1575 BONAIR DR.,VISTA,CA,92084-3572,BROCK SMITH,760-726-2170 #92401 #9,L,6/6/2016,6/24/2016,SSFO,OPEN
VISTA UNIFIED SCHOOL DISTRICT,BOBIER ELEMENTARY,220 WEST BOBIER DR.,VISTA,CA,92083-1903,BROCK SMITH,760-726-2170 #92401 #9,"B, L",6/6/2016,7/29/2016,SSFO,OPEN
VISTA UNIFIED SCHOOL DISTRICT,BOYS & GIRLS CLUB,410 W CALIFORNIA AVE,VISTA,CA,92083,BROCK SMITH,760-726-2170 #92401 #9,"L, PM",6/6/2016,8/5/2016,SSFO,OPEN
VISTA UNIFIED SCHOOL DISTRICT,BREEZE HILL ELEMENTARY,1111 MELROSE WAY,VISTA,CA,92083-6505,BROCK SMITH,760-726-2170 #92401 #9,L,6/6/2016,8/5/2016,SSFO,OPEN
VISTA UNIFIED SCHOOL DISTRICT,CALIFORNIA/SP ED,215 W. CALIFORNIA AVE,VISTA,CA,92083,BROCK SMITH,760-726-2170 #92401 #9,L,6/6/2016,8/5/2016,SSFO,OPEN
VISTA UNIFIED SCHOOL DISTRICT,FOOTHILL OAK ELEMENTARY,1370 OAK DR.,VISTA,CA,92084-4001,BROCK SMITH,760-726-2170 #92401 #9,"B, L",6/13/2016,7/29/2016,SSFO,OPEN
VISTA UNIFIED SCHOOL DISTRICT,GRAPEVINE ELEMENTARY,630 GRAPEVINE RD.,VISTA,CA,92083-5599,BROCK SMITH,760-726-2170 #92401 #9,"B, L",6/13/2016,7/29/2016,SSFO,OPEN
VISTA UNIFIED SCHOOL DISTRICT,HANNALEI ELEMENTARY,120 HANNALEI DR.,VISTA,CA,92083-7625,BROCK SMITH,760-726-2170 #92401 #9,L,6/13/2016,7/29/2016,SSFO,OPEN
VISTA UNIFIED SCHOOL DISTRICT,LUZ DURAN PARK,340 E TOWNSITE DRIVE,VISTA,CA,92084,BROCK SMITH,760-726-2170 #92401 #9,L,6/6/2016,8/5/2016,SSFO,OPEN
VISTA UNIFIED SCHOOL DISTRICT,MAJOR GENERAL RAYMOND MURRAY HIGH,215 NORTH MELROSE DR.,VISTA,CA,92083-5720,BROCK SMITH,760-726-2170 #92401 #9,L,6/6/2016,6/24/2016,SSFO,OPEN
VISTA UNIFIED SCHOOL DISTRICT,MARYLAND ELEMENTARY,700 NORTH AVE.,VISTA,CA,92084-2906,BROCK SMITH,760-726-2170 #92401 #9,L,6/13/2016,7/15/2016,SSFO,OPEN
VISTA UNIFIED SCHOOL DISTRICT,RANCHO MINERVA MIDDLE,2245 FOOTHILL DR.,VISTA,CA,92084-6035,BROCK SMITH,760-726-2170 #92401 #9,L,6/27/2016,7/22/2016,SSFO,OPEN
VISTA UNIFIED SCHOOL DISTRICT,TEMPLE HEIGHTS ELEMENTARY,1550 TEMPLE HEIGHTS DR.,OCEANSIDE,CA,92056-3066,BROCK SMITH,760-726-2170 #92401 #9,L,6/6/2016,8/5/2016,SSFO,OPEN
VISTA UNIFIED SCHOOL DISTRICT,VISTA ADULT TRANSITION CENTER,325 EAST BOBIER DR.,VISTA,CA,92084-3027,BROCK SMITH,760-726-2170 #92401 #9,L,6/27/2016,7/22/2016,SSFO,OPEN
VISTA UNIFIED SCHOOL DISTRICT,"VISTA MAGNET MIDDLE SCHOOL OF TECHNOLOGY, SCIENCE, AND MATH",151 CIVIC CENTER DR.,VISTA,CA,92084-6035,BROCK SMITH,760-724-2170 #92401 #9,L,6/6/2016,6/17/2016,SSFO,OPEN
"VISTA, CITY OF",BRENGLE TERRACE RECREATION CENTER,1200 VALE TERRACE DRIVE,VISTA,CA,92084,KIMBERLY CRAWFORD,760-643-5275,"B, L",6/6/2016,8/12/2016,SFSP,OPEN
