"county","fnsreportdate","fnssubtype","programcode","programgroupyear","sponsorname","sponsortype","mealgroupcode","mealtypecode","siteqty","daysservedqty","mlsservedfree","mlsservedredc","mlsservedpaid","mlsservedtotal","mlsservedfinal","avgdailymeals","avgdailypartic","academicyear"
"SAN DIEGO",2015-11-01,"Summer Food Service Program (FNS418)","SFSP",2016,"BOYS & GIRLS CLUB OF GREATER SAN DIEGO","PRIVATENONPROFIT","SFSP_CCNSP","SFSP_SNACK_CCNSP_SELFPREP",12,18,22326,0,0,22326,22326,1240.3333,1241,"2015-2016"
"SAN DIEGO",2015-11-01,"Summer Food Service Program (FNS418)","SFSP",2016,"HEAVEN'S WINDOWS","PRIVATENONPROFIT","SFSP_CCNSP","SFSP_SNACK_CCNSP_SELFPREP",3,19,1337,0,0,1337,1337,70.3684,69,"2015-2016"
"SAN DIEGO",2016-06-01,"Summer Food Service Program (FNS418)","SFSP",2016,"ESCONDIDO UNION HIGH SCHOOL DISTRICT","PUBPRIVSCHOOL","SFSP_BREAKFAST","SFSP_BREAKFAST_SELFPREP",6,18,5600,0,0,5600,5600,311.1111,308,"2015-2016"
"SAN DIEGO",2016-06-01,"Summer Food Service Program (FNS418)","SFSP",2016,"ESCONDIDO UNION HIGH SCHOOL DISTRICT","PUBPRIVSCHOOL","SFSP_LUNCH","SFSP_LUNCH_SELFPREP",9,18,17654,0,0,17654,17654,980.7778,972,"2015-2016"
"SAN DIEGO",2016-06-01,"Summer Food Service Program (FNS418)","SFSP",2016,"ESCONDIDO UNION HIGH SCHOOL DISTRICT","PUBPRIVSCHOOL","SFSP_SUPPER","SFSP_SUPPER_SELFPREP",1,5,347,0,0,347,347,69.4,69,"2015-2016"
"SAN DIEGO",2016-06-01,"Summer Food Service Program (FNS418)","SFSP",2016,"SALVATION ARMY-SAN DIEGO A CALIFORNIA CORPORATION","CAMP","SFSP_BREAKFAST","SFSP_BREAKFAST_SELFPREP",1,16,1985,0,0,1985,1985,124.0625,125,"2015-2016"
"SAN DIEGO",2016-06-01,"Summer Food Service Program (FNS418)","SFSP",2016,"SALVATION ARMY-SAN DIEGO A CALIFORNIA CORPORATION","CAMP","SFSP_LUNCH","SFSP_LUNCH_SELFPREP",2,16,4760,0,0,4760,4760,297.5,298,"2015-2016"
"SAN DIEGO",2016-06-01,"Summer Food Service Program (FNS418)","SFSP",2016,"SALVATION ARMY-SAN DIEGO A CALIFORNIA CORPORATION","CAMP","SFSP_SUPPER","SFSP_SUPPER_SELFPREP",1,16,2091,0,0,2091,2091,130.6875,131,"2015-2016"
"SAN DIEGO",2016-06-01,"Summer Food Service Program (FNS418)","SFSP",2016,"BOYS & GIRLS CLUB OF GREATER SAN DIEGO","PRIVATENONPROFIT","SFSP_LUNCH","SFSP_LUNCH_SELFPREP",9,16,338,0,0,338,338,21.125,453,"2015-2016"
"SAN DIEGO",2016-06-01,"Summer Food Service Program (FNS418)","SFSP",2016,"BOYS & GIRLS CLUB OF GREATER SAN DIEGO","PRIVATENONPROFIT","SFSP_LUNCH","SFSP_LUNCH_VENDED",9,16,6982,0,0,6982,6982,436.375,453,"2015-2016"
"SAN DIEGO",2016-06-01,"Summer Food Service Program (FNS418)","SFSP",2016,"BOYS & GIRLS CLUB OF GREATER SAN DIEGO","PRIVATENONPROFIT","SFSP_SNACK_PM","SFSP_SNACK_PM_SELFPREP",10,16,1286,0,0,1286,1286,80.375,562,"2015-2016"
"SAN DIEGO",2016-06-01,"Summer Food Service Program (FNS418)","SFSP",2016,"BOYS & GIRLS CLUB OF GREATER SAN DIEGO","PRIVATENONPROFIT","SFSP_SNACK_PM","SFSP_SNACK_PM_VENDED",10,16,7764,0,0,7764,7764,485.25,562,"2015-2016"
"SAN DIEGO",2016-06-01,"Summer Food Service Program (FNS418)","SFSP",2016,"VISTA, CITY OF","GOVERMENT","SFSP_BREAKFAST","SFSP_BREAKFAST_SELFPREP",1,19,1353,0,0,1353,1353,71.2105,70,"2015-2016"
"SAN DIEGO",2016-06-01,"Summer Food Service Program (FNS418)","SFSP",2016,"VISTA, CITY OF","GOVERMENT","SFSP_LUNCH","SFSP_LUNCH_SELFPREP",1,19,1627,0,0,1627,1627,85.6316,84,"2015-2016"
"SAN DIEGO",2016-06-01,"Summer Food Service Program (FNS418)","SFSP",2016,"FEEDING AMERICA SAN DIEGO","PRIVATENONPROFIT","SFSP_BREAKFAST","SFSP_BREAKFAST_SELFPREP",1,11,393,0,0,393,393,35.7273,35,"2015-2016"
"SAN DIEGO",2016-06-01,"Summer Food Service Program (FNS418)","SFSP",2016,"FEEDING AMERICA SAN DIEGO","PRIVATENONPROFIT","SFSP_LUNCH","SFSP_LUNCH_SELFPREP",9,14,712,0,0,712,712,50.8571,374,"2015-2016"
"SAN DIEGO",2016-06-01,"Summer Food Service Program (FNS418)","SFSP",2016,"FEEDING AMERICA SAN DIEGO","PRIVATENONPROFIT","SFSP_LUNCH","SFSP_LUNCH_VENDED",9,14,4620,0,0,4620,4620,330,374,"2015-2016"
"SAN DIEGO",2016-06-01,"Summer Food Service Program (FNS418)","SFSP",2016,"FEEDING AMERICA SAN DIEGO","PRIVATENONPROFIT","SFSP_SNACK_AM","SFSP_SNACK_AM_VENDED",1,14,1432,0,0,1432,1432,102.2857,100,"2015-2016"
"SAN DIEGO",2016-06-01,"Summer Food Service Program (FNS418)","SFSP",2016,"FEEDING AMERICA SAN DIEGO","PRIVATENONPROFIT","SFSP_SNACK_PM","SFSP_SNACK_PM_VENDED",1,4,800,0,0,800,800,200,200,"2015-2016"
"SAN DIEGO",2016-06-01,"Summer Food Service Program (FNS418)","SFSP",2016,"UNIVERSITY OF CALIFORNIA, SAN DIEGO","CAMP","SFSP_BREAKFAST","SFSP_BREAKFAST_VENDED",1,9,426,0,0,426,426,47.3333,48,"2015-2016"
"SAN DIEGO",2016-06-01,"Summer Food Service Program (FNS418)","SFSP",2016,"UNIVERSITY OF CALIFORNIA, SAN DIEGO","CAMP","SFSP_LUNCH","SFSP_LUNCH_VENDED",1,8,379,0,0,379,379,47.375,48,"2015-2016"
"SAN DIEGO",2016-06-01,"Summer Food Service Program (FNS418)","SFSP",2016,"UNIVERSITY OF CALIFORNIA, SAN DIEGO","CAMP","SFSP_SUPPER","SFSP_SUPPER_VENDED",1,9,415,0,0,415,415,46.1111,47,"2015-2016"
"SAN DIEGO",2016-06-01,"Summer Food Service Program (FNS418)","SFSP",2016,"HEAVEN'S WINDOWS","PRIVATENONPROFIT","SFSP_BREAKFAST","SFSP_BREAKFAST_SELFPREP",1,1,10,0,0,10,10,10,10,"2015-2016"
"SAN DIEGO",2016-06-01,"Summer Food Service Program (FNS418)","SFSP",2016,"HEAVEN'S WINDOWS","PRIVATENONPROFIT","SFSP_LUNCH","SFSP_LUNCH_SELFPREP",7,9,709,0,0,709,709,78.7778,78,"2015-2016"
"SAN DIEGO",2016-06-01,"Summer Food Service Program (FNS418)","SFSP",2016,"HEAVEN'S WINDOWS","PRIVATENONPROFIT","SFSP_SNACK_AM","SFSP_SNACK_AM_SELFPREP",2,9,835,0,0,835,835,92.7778,91,"2015-2016"
"SAN DIEGO",2016-06-01,"Summer Food Service Program (FNS418)","SFSP",2016,"HEAVEN'S WINDOWS","PRIVATENONPROFIT","SFSP_SNACK_PM","SFSP_SNACK_PM_SELFPREP",4,9,649,0,0,649,649,72.1111,71,"2015-2016"
"SAN DIEGO",2016-06-01,"Summer Food Service Program (FNS418)","SFSP",2016,"HEAVEN'S WINDOWS","PRIVATENONPROFIT","SFSP_SUPPER","SFSP_SUPPER_SELFPREP",1,9,347,0,0,347,347,38.5556,38,"2015-2016"
"SAN DIEGO",2016-06-01,"Summer Food Service Program (FNS418)","SFSP",2016,"NAVY REGION SOUTHWEST, CHILD AND YOUTH PROGRAMS","GOVERMENT","SFSP_BREAKFAST","SFSP_BREAKFAST_SELFPREP",3,14,920,0,0,920,920,65.7143,66,"2015-2016"
"SAN DIEGO",2016-06-01,"Summer Food Service Program (FNS418)","SFSP",2016,"NAVY REGION SOUTHWEST, CHILD AND YOUTH PROGRAMS","GOVERMENT","SFSP_LUNCH","SFSP_LUNCH_SELFPREP",3,14,1173,0,0,1173,1173,83.7857,84,"2015-2016"
"SAN DIEGO",2016-07-01,"Summer Food Service Program (FNS418)","SFSP",2016,"FEEDING AMERICA SAN DIEGO","PRIVATENONPROFIT","SFSP_BREAKFAST","SFSP_BREAKFAST_SELFPREP",1,13,337,0,0,337,337,25.9231,26,"2016-2017"
"SAN DIEGO",2016-07-01,"Summer Food Service Program (FNS418)","SFSP",2016,"FEEDING AMERICA SAN DIEGO","PRIVATENONPROFIT","SFSP_LUNCH","SFSP_LUNCH_SELFPREP",9,20,1212,0,0,1212,1212,60.6,287,"2016-2017"
"SAN DIEGO",2016-07-01,"Summer Food Service Program (FNS418)","SFSP",2016,"FEEDING AMERICA SAN DIEGO","PRIVATENONPROFIT","SFSP_LUNCH","SFSP_LUNCH_VENDED",9,20,4634,0,0,4634,4634,231.7,287,"2016-2017"
"SAN DIEGO",2016-07-01,"Summer Food Service Program (FNS418)","SFSP",2016,"FEEDING AMERICA SAN DIEGO","PRIVATENONPROFIT","SFSP_SNACK_AM","SFSP_SNACK_AM_VENDED",1,5,130,0,0,130,130,26,26,"2016-2017"
"SAN DIEGO",2016-07-01,"Summer Food Service Program (FNS418)","SFSP",2016,"FEEDING AMERICA SAN DIEGO","PRIVATENONPROFIT","SFSP_SNACK_PM","SFSP_SNACK_PM_VENDED",1,20,3925,0,0,3925,3925,196.25,197,"2016-2017"
"SAN DIEGO",2016-07-01,"Summer Food Service Program (FNS418)","SFSP",2016,"SAN DIEGO STATE UNIVERSITY RESEARCH FOUNDATION","PRIVATENONPROFIT","SFSP_BREAKFAST","SFSP_BREAKFAST_VENDED",2,17,1269,0,0,1269,1269,74.6471,75,"2016-2017"
"SAN DIEGO",2016-07-01,"Summer Food Service Program (FNS418)","SFSP",2016,"SAN DIEGO STATE UNIVERSITY RESEARCH FOUNDATION","PRIVATENONPROFIT","SFSP_LUNCH","SFSP_LUNCH_VENDED",2,23,1712,0,0,1712,1712,74.4348,75,"2016-2017"
"SAN DIEGO",2016-07-01,"Summer Food Service Program (FNS418)","SFSP",2016,"SAN DIEGO STATE UNIVERSITY RESEARCH FOUNDATION","PRIVATENONPROFIT","SFSP_SUPPER","SFSP_SUPPER_VENDED",2,12,894,0,0,894,894,74.5,75,"2016-2017"
"SAN DIEGO",2016-07-01,"Summer Food Service Program (FNS418)","SFSP",2016,"CAMP OLIVER, INC.","CAMP","SFSP_BREAKFAST","SFSP_BREAKFAST_SELFPREP",1,20,920,0,0,920,920,46,46,"2016-2017"
"SAN DIEGO",2016-07-01,"Summer Food Service Program (FNS418)","SFSP",2016,"CAMP OLIVER, INC.","CAMP","SFSP_LUNCH","SFSP_LUNCH_SELFPREP",1,16,706,0,0,706,706,44.125,45,"2016-2017"
"SAN DIEGO",2016-07-01,"Summer Food Service Program (FNS418)","SFSP",2016,"CAMP OLIVER, INC.","CAMP","SFSP_SUPPER","SFSP_SUPPER_SELFPREP",1,16,739,0,0,739,739,46.1875,47,"2016-2017"
"SAN DIEGO",2016-07-01,"Summer Food Service Program (FNS418)","SFSP",2016,"NAVY REGION SOUTHWEST, CHILD AND YOUTH PROGRAMS","GOVERMENT","SFSP_BREAKFAST","SFSP_BREAKFAST_SELFPREP",3,20,1668,0,0,1668,1668,83.4,84,"2016-2017"
"SAN DIEGO",2016-07-01,"Summer Food Service Program (FNS418)","SFSP",2016,"NAVY REGION SOUTHWEST, CHILD AND YOUTH PROGRAMS","GOVERMENT","SFSP_LUNCH","SFSP_LUNCH_SELFPREP",3,20,1973,0,0,1973,1973,98.65,99,"2016-2017"
"SAN DIEGO",2016-07-01,"Summer Food Service Program (FNS418)","SFSP",2016,"KAREN ORGANIZATION OF SAN DIEGO","PRIVATENONPROFIT","SFSP_SNACK_PM","SFSP_SNACK_PM_SELFPREP",1,6,104,0,0,104,104,17.3333,18,"2016-2017"
"SAN DIEGO",2016-07-01,"Summer Food Service Program (FNS418)","SFSP",2016,"HEAVEN'S WINDOWS","PRIVATENONPROFIT","SFSP_BREAKFAST","SFSP_BREAKFAST_SELFPREP",1,5,59,0,0,59,59,11.8,12,"2016-2017"
"SAN DIEGO",2016-07-01,"Summer Food Service Program (FNS418)","SFSP",2016,"HEAVEN'S WINDOWS","PRIVATENONPROFIT","SFSP_LUNCH","SFSP_LUNCH_SELFPREP",10,20,2501,0,0,2501,2501,125.05,123,"2016-2017"
"SAN DIEGO",2016-07-01,"Summer Food Service Program (FNS418)","SFSP",2016,"HEAVEN'S WINDOWS","PRIVATENONPROFIT","SFSP_SNACK_AM","SFSP_SNACK_AM_SELFPREP",4,15,1356,0,0,1356,1356,90.4,89,"2016-2017"
"SAN DIEGO",2016-07-01,"Summer Food Service Program (FNS418)","SFSP",2016,"HEAVEN'S WINDOWS","PRIVATENONPROFIT","SFSP_SNACK_PM","SFSP_SNACK_PM_SELFPREP",4,21,1642,0,0,1642,1642,78.1905,77,"2016-2017"
"SAN DIEGO",2016-07-01,"Summer Food Service Program (FNS418)","SFSP",2016,"HEAVEN'S WINDOWS","PRIVATENONPROFIT","SFSP_SUPPER","SFSP_SUPPER_SELFPREP",1,16,513,0,0,513,513,32.0625,32,"2016-2017"
"SAN DIEGO",2016-07-01,"Summer Food Service Program (FNS418)","SFSP",2016,"LA JOLLA BAND OF LUISENO","PRIVATENONPROFIT","SFSP_LUNCH","SFSP_LUNCH_SELFPREP",1,10,338,0,0,338,338,33.8,34,"2016-2017"
"SAN DIEGO",2016-07-01,"Summer Food Service Program (FNS418)","SFSP",2016,"LA JOLLA BAND OF LUISENO","PRIVATENONPROFIT","SFSP_SNACK_AM","SFSP_SNACK_AM_SELFPREP",1,5,135,0,0,135,135,27,27,"2016-2017"
"SAN DIEGO",2016-07-01,"Summer Food Service Program (FNS418)","SFSP",2016,"ESCONDIDO UNION HIGH SCHOOL DISTRICT","PUBPRIVSCHOOL","SFSP_BREAKFAST","SFSP_BREAKFAST_SELFPREP",7,14,3250,0,0,3250,3250,232.1429,228,"2016-2017"
"SAN DIEGO",2016-07-01,"Summer Food Service Program (FNS418)","SFSP",2016,"ESCONDIDO UNION HIGH SCHOOL DISTRICT","PUBPRIVSCHOOL","SFSP_LUNCH","SFSP_LUNCH_SELFPREP",10,14,8617,0,0,8617,8617,615.5,604,"2016-2017"
"SAN DIEGO",2016-07-01,"Summer Food Service Program (FNS418)","SFSP",2016,"SALVATION ARMY-SAN DIEGO A CALIFORNIA CORPORATION","CAMP","SFSP_BREAKFAST","SFSP_BREAKFAST_SELFPREP",1,18,2456,0,0,2456,2456,136.4444,137,"2016-2017"
"SAN DIEGO",2016-07-01,"Summer Food Service Program (FNS418)","SFSP",2016,"SALVATION ARMY-SAN DIEGO A CALIFORNIA CORPORATION","CAMP","SFSP_LUNCH","SFSP_LUNCH_SELFPREP",2,20,9991,0,0,9991,9991,499.55,500,"2016-2017"
"SAN DIEGO",2016-07-01,"Summer Food Service Program (FNS418)","SFSP",2016,"SALVATION ARMY-SAN DIEGO A CALIFORNIA CORPORATION","CAMP","SFSP_SUPPER","SFSP_SUPPER_SELFPREP",1,18,2394,0,0,2394,2394,133,133,"2016-2017"
"SAN DIEGO",2016-07-01,"Summer Food Service Program (FNS418)","SFSP",2016,"BOYS & GIRLS CLUB OF GREATER SAN DIEGO","PRIVATENONPROFIT","SFSP_LUNCH","SFSP_LUNCH_SELFPREP",9,20,398,0,0,398,398,19.9,598,"2016-2017"
"SAN DIEGO",2016-07-01,"Summer Food Service Program (FNS418)","SFSP",2016,"BOYS & GIRLS CLUB OF GREATER SAN DIEGO","PRIVATENONPROFIT","SFSP_LUNCH","SFSP_LUNCH_VENDED",9,20,11632,0,0,11632,11632,581.6,598,"2016-2017"
"SAN DIEGO",2016-07-01,"Summer Food Service Program (FNS418)","SFSP",2016,"BOYS & GIRLS CLUB OF GREATER SAN DIEGO","PRIVATENONPROFIT","SFSP_SNACK_PM","SFSP_SNACK_PM_SELFPREP",10,20,1710,0,0,1710,1710,85.5,789,"2016-2017"
"SAN DIEGO",2016-07-01,"Summer Food Service Program (FNS418)","SFSP",2016,"BOYS & GIRLS CLUB OF GREATER SAN DIEGO","PRIVATENONPROFIT","SFSP_SNACK_PM","SFSP_SNACK_PM_VENDED",10,20,14122,0,0,14122,14122,706.1,789,"2016-2017"
"SAN DIEGO",2016-07-01,"Summer Food Service Program (FNS418)","SFSP",2016,"VISTA, CITY OF","GOVERMENT","SFSP_BREAKFAST","SFSP_BREAKFAST_SELFPREP",1,20,1552,0,0,1552,1552,77.6,77,"2016-2017"
"SAN DIEGO",2016-07-01,"Summer Food Service Program (FNS418)","SFSP",2016,"VISTA, CITY OF","GOVERMENT","SFSP_LUNCH","SFSP_LUNCH_SELFPREP",1,20,1632,0,0,1632,1632,81.6,80,"2016-2017"
"SAN DIEGO",2016-07-01,"Summer Food Service Program (FNS418)","SFSP",2016,"UNIVERSITY OF CALIFORNIA, SAN DIEGO","CAMP","SFSP_BREAKFAST","SFSP_BREAKFAST_VENDED",4,15,1184,0,0,1184,1184,78.9333,79,"2016-2017"
"SAN DIEGO",2016-07-01,"Summer Food Service Program (FNS418)","SFSP",2016,"UNIVERSITY OF CALIFORNIA, SAN DIEGO","CAMP","SFSP_LUNCH","SFSP_LUNCH_VENDED",4,15,897,0,0,897,897,59.8,60,"2016-2017"
"SAN DIEGO",2016-07-01,"Summer Food Service Program (FNS418)","SFSP",2016,"UNIVERSITY OF CALIFORNIA, SAN DIEGO","CAMP","SFSP_SUPPER","SFSP_SUPPER_VENDED",4,13,932,0,0,932,932,71.6923,72,"2016-2017"
"SAN DIEGO",2016-07-01,"Summer Food Service Program (FNS418)","SFSP",2016,"UNIVERSITY OF SAN DIEGO TRIO UPWARD BOUND","PRIVATENONPROFIT","SFSP_BREAKFAST","SFSP_BREAKFAST_VENDED",1,20,678,0,0,678,678,33.9,34,"2016-2017"
"SAN DIEGO",2016-07-01,"Summer Food Service Program (FNS418)","SFSP",2016,"UNIVERSITY OF SAN DIEGO TRIO UPWARD BOUND","PRIVATENONPROFIT","SFSP_LUNCH","SFSP_LUNCH_VENDED",1,20,707,0,0,707,707,35.35,36,"2016-2017"
"SAN DIEGO",2016-07-01,"Summer Food Service Program (FNS418)","SFSP",2016,"UNIVERSITY OF SAN DIEGO TRIO UPWARD BOUND","PRIVATENONPROFIT","SFSP_SUPPER","SFSP_SUPPER_VENDED",1,14,530,0,0,530,530,37.8571,38,"2016-2017"
"SAN DIEGO",2015-10-01,"Summer Food Service Program (FNS418)","SFSP",2016,"BOYS & GIRLS CLUB OF GREATER SAN DIEGO","PRIVATENONPROFIT","SFSP_CCNSP","SFSP_SNACK_CCNSP_SELFPREP",11,22,27769,0,0,27769,27769,1262.2273,1263,"2015-2016"
"SAN DIEGO",2015-10-01,"Summer Food Service Program (FNS418)","SFSP",2016,"HEAVEN'S WINDOWS","PRIVATENONPROFIT","SFSP_CCNSP","SFSP_SNACK_CCNSP_SELFPREP",5,31,3029,0,0,3029,3029,97.7097,96,"2015-2016"
"SAN DIEGO",2016-08-01,"Summer Food Service Program (FNS418)","SFSP",2016,"ESCONDIDO UNION HIGH SCHOOL DISTRICT","PUBPRIVSCHOOL","SFSP_BREAKFAST","SFSP_BREAKFAST_SELFPREP",2,4,598,0,0,598,598,149.5,147,"2016-2017"
"SAN DIEGO",2016-08-01,"Summer Food Service Program (FNS418)","SFSP",2016,"ESCONDIDO UNION HIGH SCHOOL DISTRICT","PUBPRIVSCHOOL","SFSP_LUNCH","SFSP_LUNCH_SELFPREP",4,4,984,0,0,984,984,246,242,"2016-2017"
"SAN DIEGO",2016-08-01,"Summer Food Service Program (FNS418)","SFSP",2016,"CSU SAN DIEGO (BEST)","CAMP","SFSP_BREAKFAST","SFSP_BREAKFAST_VENDED",1,9,148,0,0,148,148,16.4444,17,"2016-2017"
"SAN DIEGO",2016-08-01,"Summer Food Service Program (FNS418)","SFSP",2016,"CSU SAN DIEGO (BEST)","CAMP","SFSP_LUNCH","SFSP_LUNCH_VENDED",1,9,525,0,0,525,525,58.3333,59,"2016-2017"
"SAN DIEGO",2016-08-01,"Summer Food Service Program (FNS418)","SFSP",2016,"CSU SAN DIEGO (BEST)","CAMP","SFSP_SUPPER","SFSP_SUPPER_VENDED",1,8,211,0,0,211,211,26.375,27,"2016-2017"
"SAN DIEGO",2016-08-01,"Summer Food Service Program (FNS418)","SFSP",2016,"VISTA, CITY OF","GOVERMENT","SFSP_BREAKFAST","SFSP_BREAKFAST_SELFPREP",1,10,669,0,0,669,669,66.9,66,"2016-2017"
"SAN DIEGO",2016-08-01,"Summer Food Service Program (FNS418)","SFSP",2016,"VISTA, CITY OF","GOVERMENT","SFSP_LUNCH","SFSP_LUNCH_SELFPREP",1,10,1017,0,0,1017,1017,101.7,100,"2016-2017"
"SAN DIEGO",2016-08-01,"Summer Food Service Program (FNS418)","SFSP",2016,"BOYS & GIRLS CLUB OF GREATER SAN DIEGO","PRIVATENONPROFIT","SFSP_LUNCH","SFSP_LUNCH_SELFPREP",9,20,351,0,0,351,351,17.55,407,"2016-2017"
"SAN DIEGO",2016-08-01,"Summer Food Service Program (FNS418)","SFSP",2016,"BOYS & GIRLS CLUB OF GREATER SAN DIEGO","PRIVATENONPROFIT","SFSP_LUNCH","SFSP_LUNCH_VENDED",9,20,7803,0,0,7803,7803,390.15,407,"2016-2017"
"SAN DIEGO",2016-08-01,"Summer Food Service Program (FNS418)","SFSP",2016,"BOYS & GIRLS CLUB OF GREATER SAN DIEGO","PRIVATENONPROFIT","SFSP_SNACK_PM","SFSP_SNACK_PM_SELFPREP",9,20,1243,0,0,1243,1243,62.15,517,"2016-2017"
"SAN DIEGO",2016-08-01,"Summer Food Service Program (FNS418)","SFSP",2016,"BOYS & GIRLS CLUB OF GREATER SAN DIEGO","PRIVATENONPROFIT","SFSP_SNACK_PM","SFSP_SNACK_PM_VENDED",9,20,9100,0,0,9100,9100,455,517,"2016-2017"
"SAN DIEGO",2016-08-01,"Summer Food Service Program (FNS418)","SFSP",2016,"UNIVERSITY OF SAN DIEGO TRIO UPWARD BOUND","PRIVATENONPROFIT","SFSP_BREAKFAST","SFSP_BREAKFAST_VENDED",1,6,169,0,0,169,169,28.1667,29,"2016-2017"
"SAN DIEGO",2016-08-01,"Summer Food Service Program (FNS418)","SFSP",2016,"UNIVERSITY OF SAN DIEGO TRIO UPWARD BOUND","PRIVATENONPROFIT","SFSP_LUNCH","SFSP_LUNCH_VENDED",1,2,70,0,0,70,70,35,35,"2016-2017"
"SAN DIEGO",2016-08-01,"Summer Food Service Program (FNS418)","SFSP",2016,"UNIVERSITY OF SAN DIEGO TRIO UPWARD BOUND","PRIVATENONPROFIT","SFSP_SUPPER","SFSP_SUPPER_VENDED",1,5,148,0,0,148,148,29.6,30,"2016-2017"
"SAN DIEGO",2016-08-01,"Summer Food Service Program (FNS418)","SFSP",2016,"SALVATION ARMY-SAN DIEGO A CALIFORNIA CORPORATION","CAMP","SFSP_BREAKFAST","SFSP_BREAKFAST_SELFPREP",1,2,63,0,0,63,63,31.5,32,"2016-2017"
"SAN DIEGO",2016-08-01,"Summer Food Service Program (FNS418)","SFSP",2016,"SALVATION ARMY-SAN DIEGO A CALIFORNIA CORPORATION","CAMP","SFSP_LUNCH","SFSP_LUNCH_SELFPREP",2,20,6215,0,0,6215,6215,310.75,311,"2016-2017"
"SAN DIEGO",2016-08-01,"Summer Food Service Program (FNS418)","SFSP",2016,"SALVATION ARMY-SAN DIEGO A CALIFORNIA CORPORATION","CAMP","SFSP_SUPPER","SFSP_SUPPER_SELFPREP",1,2,63,0,0,63,63,31.5,32,"2016-2017"
"SAN DIEGO",2016-08-01,"Summer Food Service Program (FNS418)","SFSP",2016,"FEEDING AMERICA SAN DIEGO","PRIVATENONPROFIT","SFSP_LUNCH","SFSP_LUNCH_SELFPREP",6,15,358,0,0,358,358,23.8667,88,"2016-2017"
"SAN DIEGO",2016-08-01,"Summer Food Service Program (FNS418)","SFSP",2016,"FEEDING AMERICA SAN DIEGO","PRIVATENONPROFIT","SFSP_LUNCH","SFSP_LUNCH_VENDED",6,15,988,0,0,988,988,65.8667,88,"2016-2017"
"SAN DIEGO",2016-08-01,"Summer Food Service Program (FNS418)","SFSP",2016,"FEEDING AMERICA SAN DIEGO","PRIVATENONPROFIT","SFSP_SNACK_PM","SFSP_SNACK_PM_VENDED",1,20,4000,0,0,4000,4000,200,200,"2016-2017"
"SAN DIEGO",2016-08-01,"Summer Food Service Program (FNS418)","SFSP",2016,"NAVY REGION SOUTHWEST, CHILD AND YOUTH PROGRAMS","GOVERMENT","SFSP_BREAKFAST","SFSP_BREAKFAST_SELFPREP",3,17,1258,0,0,1258,1258,74,74,"2016-2017"
"SAN DIEGO",2016-08-01,"Summer Food Service Program (FNS418)","SFSP",2016,"NAVY REGION SOUTHWEST, CHILD AND YOUTH PROGRAMS","GOVERMENT","SFSP_LUNCH","SFSP_LUNCH_SELFPREP",3,17,1394,0,0,1394,1394,82,82,"2016-2017"
"SAN DIEGO",2016-08-01,"Summer Food Service Program (FNS418)","SFSP",2016,"LA JOLLA BAND OF LUISENO","PRIVATENONPROFIT","SFSP_LUNCH","SFSP_LUNCH_SELFPREP",1,2,57,0,0,57,57,28.5,28,"2016-2017"
"SAN DIEGO",2016-08-01,"Summer Food Service Program (FNS418)","SFSP",2016,"LA JOLLA BAND OF LUISENO","PRIVATENONPROFIT","SFSP_SNACK_AM","SFSP_SNACK_AM_SELFPREP",1,2,57,0,0,57,57,28.5,28,"2016-2017"
"SAN DIEGO",2016-08-01,"Summer Food Service Program (FNS418)","SFSP",2016,"KAREN ORGANIZATION OF SAN DIEGO","PRIVATENONPROFIT","SFSP_SNACK_PM","SFSP_SNACK_PM_SELFPREP",1,9,304,0,0,304,304,33.7778,34,"2016-2017"
"SAN DIEGO",2016-08-01,"Summer Food Service Program (FNS418)","SFSP",2016,"HEAVEN'S WINDOWS","PRIVATENONPROFIT","SFSP_BREAKFAST","SFSP_BREAKFAST_SELFPREP",1,10,66,0,0,66,66,6.6,7,"2016-2017"
"SAN DIEGO",2016-08-01,"Summer Food Service Program (FNS418)","SFSP",2016,"HEAVEN'S WINDOWS","PRIVATENONPROFIT","SFSP_LUNCH","SFSP_LUNCH_SELFPREP",7,19,1224,0,0,1224,1224,64.4211,64,"2016-2017"
"SAN DIEGO",2016-08-01,"Summer Food Service Program (FNS418)","SFSP",2016,"HEAVEN'S WINDOWS","PRIVATENONPROFIT","SFSP_SNACK_AM","SFSP_SNACK_AM_SELFPREP",4,20,1239,0,0,1239,1239,61.95,61,"2016-2017"
"SAN DIEGO",2016-08-01,"Summer Food Service Program (FNS418)","SFSP",2016,"HEAVEN'S WINDOWS","PRIVATENONPROFIT","SFSP_SNACK_PM","SFSP_SNACK_PM_SELFPREP",4,19,1377,0,0,1377,1377,72.4737,72,"2016-2017"
"SAN DIEGO",2016-08-01,"Summer Food Service Program (FNS418)","SFSP",2016,"HEAVEN'S WINDOWS","PRIVATENONPROFIT","SFSP_SUPPER","SFSP_SUPPER_SELFPREP",3,10,980,0,0,980,980,98,97,"2016-2017"
"SAN DIEGO",2015-12-01,"Summer Food Service Program (FNS418)","SFSP",2016,"BOYS & GIRLS CLUB OF GREATER SAN DIEGO","PRIVATENONPROFIT","SFSP_CCNSP","SFSP_SNACK_CCNSP_SELFPREP",12,18,20018,0,0,20018,20018,1112.1111,1112,"2015-2016"
"SAN DIEGO",2015-12-01,"Summer Food Service Program (FNS418)","SFSP",2016,"HEAVEN'S WINDOWS","PRIVATENONPROFIT","SFSP_CCNSP","SFSP_SNACK_CCNSP_SELFPREP",3,14,1148,0,0,1148,1148,82,81,"2015-2016"
"SAN DIEGO",2014-10-01,"Summer Food Service Program (FNS418)","SFSP",2015,"BOYS & GIRLS CLUB OF GREATER SAN DIEGO","PRIVATENONPROFIT","SFSP_CCNSP","SFSP_SNACK_CCNSP_SELFPREP",11,23,28564,0,0,28564,28564,1241.913,1235,"2014-2015"
"SAN DIEGO",2014-10-01,"Summer Food Service Program (FNS418)","SFSP",2015,"HEAVEN'S WINDOWS","PRIVATENONPROFIT","SFSP_CCNSP","SFSP_SNACK_CCNSP_SELFPREP",7,23,4935,0,0,4935,4935,214.5652,211,"2014-2015"
"SAN DIEGO",2014-10-01,"Summer Food Service Program (FNS418)","SFSP",2015,"KAREN ORGANIZATION OF SAN DIEGO","PRIVATENONPROFIT","SFSP_CCNSP","SFSP_SNACK_CCNSP_SELFPREP",1,3,50,0,0,50,50,16.6667,17,"2014-2015"
"SAN DIEGO",2014-11-01,"Summer Food Service Program (FNS418)","SFSP",2015,"BOYS & GIRLS CLUB OF GREATER SAN DIEGO","PRIVATENONPROFIT","SFSP_CCNSP","SFSP_SNACK_CCNSP_SELFPREP",11,17,19547,0,0,19547,19547,1149.8235,1149,"2014-2015"
"SAN DIEGO",2014-11-01,"Summer Food Service Program (FNS418)","SFSP",2015,"KAREN ORGANIZATION OF SAN DIEGO","PRIVATENONPROFIT","SFSP_CCNSP","SFSP_SNACK_CCNSP_SELFPREP",1,4,70,0,0,70,70,17.5,18,"2014-2015"
"SAN DIEGO",2014-11-01,"Summer Food Service Program (FNS418)","SFSP",2015,"HEAVEN'S WINDOWS","PRIVATENONPROFIT","SFSP_CCNSP","SFSP_SNACK_CCNSP_SELFPREP",7,18,5248,0,0,5248,5248,291.5556,286,"2014-2015"
"SAN DIEGO",2015-01-01,"Summer Food Service Program (FNS418)","SFSP",2015,"BOYS & GIRLS CLUB OF GREATER SAN DIEGO","PRIVATENONPROFIT","SFSP_CCNSP","SFSP_SNACK_CCNSP_SELFPREP",11,19,22223,0,0,22223,22223,1169.6316,1164,"2014-2015"
"SAN DIEGO",2015-01-01,"Summer Food Service Program (FNS418)","SFSP",2015,"HEAVEN'S WINDOWS","PRIVATENONPROFIT","SFSP_CCNSP","SFSP_SNACK_CCNSP_SELFPREP",7,21,4937,0,0,4937,4937,235.0952,231,"2014-2015"
"SAN DIEGO",2014-12-01,"Summer Food Service Program (FNS418)","SFSP",2015,"BOYS & GIRLS CLUB OF GREATER SAN DIEGO","PRIVATENONPROFIT","SFSP_CCNSP","SFSP_SNACK_CCNSP_SELFPREP",11,18,19622,0,0,19622,19622,1090.1111,1087,"2014-2015"
"SAN DIEGO",2014-12-01,"Summer Food Service Program (FNS418)","SFSP",2015,"HEAVEN'S WINDOWS","PRIVATENONPROFIT","SFSP_CCNSP","SFSP_SNACK_CCNSP_SELFPREP",7,24,4678,0,0,4678,4678,194.9167,192,"2014-2015"
"SAN DIEGO",2014-12-01,"Summer Food Service Program (FNS418)","SFSP",2015,"KAREN ORGANIZATION OF SAN DIEGO","PRIVATENONPROFIT","SFSP_CCNSP","SFSP_SNACK_CCNSP_SELFPREP",1,3,48,0,0,48,48,16,16,"2014-2015"
"SAN DIEGO",2015-03-01,"Summer Food Service Program (FNS418)","SFSP",2015,"BOYS & GIRLS CLUB OF GREATER SAN DIEGO","PRIVATENONPROFIT","SFSP_CCNSP","SFSP_SNACK_CCNSP_SELFPREP",11,17,25937,0,0,25937,25937,1525.7059,1525,"2014-2015"
"SAN DIEGO",2015-02-01,"Summer Food Service Program (FNS418)","SFSP",2015,"BOYS & GIRLS CLUB OF GREATER SAN DIEGO","PRIVATENONPROFIT","SFSP_CCNSP","SFSP_SNACK_CCNSP_SELFPREP",11,20,22782,0,0,22782,22782,1139.1,1139,"2014-2015"
"SAN DIEGO",2015-02-01,"Summer Food Service Program (FNS418)","SFSP",2015,"KAREN ORGANIZATION OF SAN DIEGO","PRIVATENONPROFIT","SFSP_CCNSP","SFSP_SNACK_CCNSP_SELFPREP",1,5,68,0,0,68,68,13.6,14,"2014-2015"
"SAN DIEGO",2015-02-01,"Summer Food Service Program (FNS418)","SFSP",2015,"HEAVEN'S WINDOWS","PRIVATENONPROFIT","SFSP_CCNSP","SFSP_SNACK_CCNSP_SELFPREP",7,21,4950,0,0,4950,4950,235.7143,232,"2014-2015"
"SAN DIEGO",2015-05-01,"Summer Food Service Program (FNS418)","SFSP",2015,"BOYS & GIRLS CLUB OF GREATER SAN DIEGO","PRIVATENONPROFIT","SFSP_CCNSP","SFSP_SNACK_CCNSP_SELFPREP",11,20,23704,0,0,23704,23704,1185.2,1186,"2014-2015"
"SAN DIEGO",2015-03-01,"Summer Food Service Program (FNS418)","SFSP",2015,"HEAVEN'S WINDOWS","PRIVATENONPROFIT","SFSP_CCNSP","SFSP_SNACK_CCNSP_SELFPREP",8,23,5609,0,0,5609,5609,243.8696,240,"2014-2015"
"SAN DIEGO",2015-03-01,"Summer Food Service Program (FNS418)","SFSP",2015,"KAREN ORGANIZATION OF SAN DIEGO","PRIVATENONPROFIT","SFSP_CCNSP","SFSP_SNACK_CCNSP_SELFPREP",1,7,90,0,0,90,90,12.8571,13,"2014-2015"
"SAN DIEGO",2015-04-01,"Summer Food Service Program (FNS418)","SFSP",2015,"BOYS & GIRLS CLUB OF GREATER SAN DIEGO","PRIVATENONPROFIT","SFSP_CCNSP","SFSP_SNACK_CCNSP_SELFPREP",11,22,22579,0,0,22579,22579,1026.3182,1026,"2014-2015"
"SAN DIEGO",2015-04-01,"Summer Food Service Program (FNS418)","SFSP",2015,"HEAVEN'S WINDOWS","PRIVATENONPROFIT","SFSP_CCNSP","SFSP_SNACK_CCNSP_SELFPREP",8,30,5607,0,0,5607,5607,186.9,184,"2014-2015"
"SAN DIEGO",2015-04-01,"Summer Food Service Program (FNS418)","SFSP",2015,"KAREN ORGANIZATION OF SAN DIEGO","PRIVATENONPROFIT","SFSP_CCNSP","SFSP_SNACK_CCNSP_SELFPREP",1,5,55,0,0,55,55,11,11,"2014-2015"
"SAN DIEGO",2015-05-01,"Summer Food Service Program (FNS418)","SFSP",2015,"HEAVEN'S WINDOWS","PRIVATENONPROFIT","SFSP_CCNSP","SFSP_SNACK_CCNSP_SELFPREP",8,21,5914,0,0,5914,5914,281.619,277,"2014-2015"
"SAN DIEGO",2015-05-01,"Summer Food Service Program (FNS418)","SFSP",2015,"KAREN ORGANIZATION OF SAN DIEGO","PRIVATENONPROFIT","SFSP_CCNSP","SFSP_SNACK_CCNSP_SELFPREP",1,2,34,0,0,34,34,17,17,"2014-2015"
"SAN DIEGO",2015-06-01,"Summer Food Service Program (FNS418)","SFSP",2015,"KAREN ORGANIZATION OF SAN DIEGO","PRIVATENONPROFIT","SFSP_CCNSP","SFSP_SNACK_CCNSP_SELFPREP",1,3,45,0,0,45,45,15,15,"2014-2015"
"SAN DIEGO",2015-06-01,"Summer Food Service Program (FNS418)","SFSP",2015,"HEAVEN'S WINDOWS","PRIVATENONPROFIT","SFSP_LUNCH","SFSP_LUNCH_SELFPREP",7,7,563,0,0,563,563,80.4286,100,"2014-2015"
"SAN DIEGO",2015-06-01,"Summer Food Service Program (FNS418)","SFSP",2015,"HEAVEN'S WINDOWS","PRIVATENONPROFIT","SFSP_LUNCH","SFSP_LUNCH_VENDED",7,7,148,0,0,148,148,21.1429,100,"2014-2015"
"SAN DIEGO",2015-06-01,"Summer Food Service Program (FNS418)","SFSP",2015,"HEAVEN'S WINDOWS","PRIVATENONPROFIT","SFSP_CCNSP","SFSP_SNACK_CCNSP_SELFPREP",5,17,2458,0,0,2458,2458,144.5882,142,"2014-2015"
"SAN DIEGO",2015-06-01,"Summer Food Service Program (FNS418)","SFSP",2015,"HEAVEN'S WINDOWS","PRIVATENONPROFIT","SFSP_SNACK_PM","SFSP_SNACK_PM_SELFPREP",3,7,716,0,0,716,716,102.2857,101,"2014-2015"
"SAN DIEGO",2015-06-01,"Summer Food Service Program (FNS418)","SFSP",2015,"HEAVEN'S WINDOWS","PRIVATENONPROFIT","SFSP_SUPPER","SFSP_SUPPER_SELFPREP",1,6,342,0,0,342,342,57,56,"2014-2015"
"SAN DIEGO",2015-06-01,"Summer Food Service Program (FNS418)","SFSP",2015,"ESCONDIDO UNION HIGH SCHOOL DISTRICT","PUBPRIVSCHOOL","SFSP_BREAKFAST","SFSP_BREAKFAST_SELFPREP",7,16,5730,0,0,5730,5730,358.125,358,"2014-2015"
"SAN DIEGO",2015-06-01,"Summer Food Service Program (FNS418)","SFSP",2015,"ESCONDIDO UNION HIGH SCHOOL DISTRICT","PUBPRIVSCHOOL","SFSP_LUNCH","SFSP_LUNCH_SELFPREP",9,16,15985,0,0,15985,15985,999.0625,993,"2014-2015"
"SAN DIEGO",2015-06-01,"Summer Food Service Program (FNS418)","SFSP",2015,"UNIVERSITY OF CALIFORNIA, SAN DIEGO","CAMP","SFSP_BREAKFAST","SFSP_BREAKFAST_VENDED",1,6,232,0,0,232,232,38.6667,39,"2014-2015"
"SAN DIEGO",2015-06-01,"Summer Food Service Program (FNS418)","SFSP",2015,"UNIVERSITY OF CALIFORNIA, SAN DIEGO","CAMP","SFSP_LUNCH","SFSP_LUNCH_VENDED",3,6,233,0,0,233,233,38.8333,39,"2014-2015"
"SAN DIEGO",2015-06-01,"Summer Food Service Program (FNS418)","SFSP",2015,"UNIVERSITY OF CALIFORNIA, SAN DIEGO","CAMP","SFSP_SUPPER","SFSP_SUPPER_VENDED",1,8,308,0,0,308,308,38.5,39,"2014-2015"
"SAN DIEGO",2015-06-01,"Summer Food Service Program (FNS418)","SFSP",2015,"FEEDING AMERICA SAN DIEGO","PRIVATENONPROFIT","SFSP_BREAKFAST","SFSP_BREAKFAST_SELFPREP",1,16,733,0,0,733,733,45.8125,45,"2014-2015"
"SAN DIEGO",2015-06-01,"Summer Food Service Program (FNS418)","SFSP",2015,"FEEDING AMERICA SAN DIEGO","PRIVATENONPROFIT","SFSP_LUNCH","SFSP_LUNCH_SELFPREP",9,16,1625,0,0,1625,1625,101.5625,344,"2014-2015"
"SAN DIEGO",2015-06-01,"Summer Food Service Program (FNS418)","SFSP",2015,"FEEDING AMERICA SAN DIEGO","PRIVATENONPROFIT","SFSP_LUNCH","SFSP_LUNCH_VENDED",9,16,3974,0,0,3974,3974,248.375,344,"2014-2015"
"SAN DIEGO",2015-06-01,"Summer Food Service Program (FNS418)","SFSP",2015,"FEEDING AMERICA SAN DIEGO","PRIVATENONPROFIT","SFSP_SNACK_AM","SFSP_SNACK_AM_VENDED",1,12,859,0,0,859,859,71.5833,71,"2014-2015"
"SAN DIEGO",2015-06-01,"Summer Food Service Program (FNS418)","SFSP",2015,"FEEDING AMERICA SAN DIEGO","PRIVATENONPROFIT","SFSP_SNACK_PM","SFSP_SNACK_PM_SELFPREP",3,12,235,0,0,235,235,19.5833,80,"2014-2015"
"SAN DIEGO",2015-06-01,"Summer Food Service Program (FNS418)","SFSP",2015,"FEEDING AMERICA SAN DIEGO","PRIVATENONPROFIT","SFSP_SNACK_PM","SFSP_SNACK_PM_VENDED",3,12,736,0,0,736,736,61.3333,80,"2014-2015"
"SAN DIEGO",2015-06-01,"Summer Food Service Program (FNS418)","SFSP",2015,"NAVY REGION SOUTHWEST, CHILD AND YOUTH PROGRAMS","GOVERMENT","SFSP_BREAKFAST","SFSP_BREAKFAST_SELFPREP",3,12,649,0,0,649,649,54.0833,55,"2014-2015"
"SAN DIEGO",2015-06-01,"Summer Food Service Program (FNS418)","SFSP",2015,"NAVY REGION SOUTHWEST, CHILD AND YOUTH PROGRAMS","GOVERMENT","SFSP_LUNCH","SFSP_LUNCH_SELFPREP",3,12,820,0,0,820,820,68.3333,69,"2014-2015"
"SAN DIEGO",2015-08-01,"Summer Food Service Program (FNS418)","SFSP",2015,"ESCONDIDO UNION HIGH SCHOOL DISTRICT","PUBPRIVSCHOOL","SFSP_BREAKFAST","SFSP_BREAKFAST_SELFPREP",1,5,532,0,0,532,532,106.4,107,"2015-2016"
"SAN DIEGO",2015-08-01,"Summer Food Service Program (FNS418)","SFSP",2015,"ESCONDIDO UNION HIGH SCHOOL DISTRICT","PUBPRIVSCHOOL","SFSP_LUNCH","SFSP_LUNCH_SELFPREP",3,5,1216,0,0,1216,1216,243.2,240,"2015-2016"
"SAN DIEGO",2015-07-01,"Summer Food Service Program (FNS418)","SFSP",2015,"KAREN ORGANIZATION OF SAN DIEGO","PRIVATENONPROFIT","SFSP_LUNCH","SFSP_LUNCH_VENDED",1,5,195,0,0,195,195,39,39,"2015-2016"
"SAN DIEGO",2015-07-01,"Summer Food Service Program (FNS418)","SFSP",2015,"KAREN ORGANIZATION OF SAN DIEGO","PRIVATENONPROFIT","SFSP_SNACK_PM","SFSP_SNACK_PM_SELFPREP",1,5,126,0,0,126,126,25.2,26,"2015-2016"
"SAN DIEGO",2015-07-01,"Summer Food Service Program (FNS418)","SFSP",2015,"LA JOLLA BAND OF LUISENO","PRIVATENONPROFIT","SFSP_LUNCH","SFSP_LUNCH_SELFPREP",1,12,363,0,0,363,363,30.25,30,"2015-2016"
"SAN DIEGO",2015-07-01,"Summer Food Service Program (FNS418)","SFSP",2015,"LA JOLLA BAND OF LUISENO","PRIVATENONPROFIT","SFSP_SNACK_AM","SFSP_SNACK_AM_SELFPREP",1,2,295,0,0,295,295,147.5,145,"2015-2016"
"SAN DIEGO",2015-07-01,"Summer Food Service Program (FNS418)","SFSP",2015,"HEAVEN'S WINDOWS","PRIVATENONPROFIT","SFSP_LUNCH","SFSP_LUNCH_SELFPREP",7,22,2289,0,0,2289,2289,104.0455,125,"2015-2016"
"SAN DIEGO",2015-07-01,"Summer Food Service Program (FNS418)","SFSP",2015,"HEAVEN'S WINDOWS","PRIVATENONPROFIT","SFSP_LUNCH","SFSP_LUNCH_VENDED",7,22,513,0,0,513,513,23.3182,125,"2015-2016"
"SAN DIEGO",2015-07-01,"Summer Food Service Program (FNS418)","SFSP",2015,"HEAVEN'S WINDOWS","PRIVATENONPROFIT","SFSP_SNACK_AM","SFSP_SNACK_AM_SELFPREP",1,4,135,0,0,135,135,33.75,34,"2015-2016"
"SAN DIEGO",2015-07-01,"Summer Food Service Program (FNS418)","SFSP",2015,"HEAVEN'S WINDOWS","PRIVATENONPROFIT","SFSP_SNACK_PM","SFSP_SNACK_PM_SELFPREP",3,22,2511,0,0,2511,2511,114.1364,112,"2015-2016"
"SAN DIEGO",2015-07-01,"Summer Food Service Program (FNS418)","SFSP",2015,"HEAVEN'S WINDOWS","PRIVATENONPROFIT","SFSP_SUPPER","SFSP_SUPPER_SELFPREP",1,22,918,0,0,918,918,41.7273,41,"2015-2016"
"SAN DIEGO",2015-07-01,"Summer Food Service Program (FNS418)","SFSP",2015,"FEEDING AMERICA SAN DIEGO","PRIVATENONPROFIT","SFSP_BREAKFAST","SFSP_BREAKFAST_SELFPREP",1,12,551,0,0,551,551,45.9167,45,"2015-2016"
"SAN DIEGO",2015-07-01,"Summer Food Service Program (FNS418)","SFSP",2015,"FEEDING AMERICA SAN DIEGO","PRIVATENONPROFIT","SFSP_LUNCH","SFSP_LUNCH_SELFPREP",9,26,2043,0,0,2043,2043,78.5769,272,"2015-2016"
"SAN DIEGO",2015-07-01,"Summer Food Service Program (FNS418)","SFSP",2015,"FEEDING AMERICA SAN DIEGO","PRIVATENONPROFIT","SFSP_LUNCH","SFSP_LUNCH_VENDED",9,26,5151,0,0,5151,5151,198.1154,272,"2015-2016"
"SAN DIEGO",2015-07-01,"Summer Food Service Program (FNS418)","SFSP",2015,"FEEDING AMERICA SAN DIEGO","PRIVATENONPROFIT","SFSP_SNACK_AM","SFSP_SNACK_AM_VENDED",1,12,568,0,0,568,568,47.3333,47,"2015-2016"
"SAN DIEGO",2015-07-01,"Summer Food Service Program (FNS418)","SFSP",2015,"FEEDING AMERICA SAN DIEGO","PRIVATENONPROFIT","SFSP_SNACK_PM","SFSP_SNACK_PM_SELFPREP",3,26,360,0,0,360,360,13.8462,65,"2015-2016"
"SAN DIEGO",2015-07-01,"Summer Food Service Program (FNS418)","SFSP",2015,"FEEDING AMERICA SAN DIEGO","PRIVATENONPROFIT","SFSP_SNACK_PM","SFSP_SNACK_PM_VENDED",3,26,1357,0,0,1357,1357,52.1923,65,"2015-2016"
"SAN DIEGO",2015-07-01,"Summer Food Service Program (FNS418)","SFSP",2015,"CAMP OLIVER, INC.","CAMP","SFSP_BREAKFAST","SFSP_BREAKFAST_SELFPREP",1,25,952,0,0,952,952,38.08,39,"2015-2016"
"SAN DIEGO",2015-07-01,"Summer Food Service Program (FNS418)","SFSP",2015,"CAMP OLIVER, INC.","CAMP","SFSP_LUNCH","SFSP_LUNCH_SELFPREP",1,20,771,0,0,771,771,38.55,39,"2015-2016"
"SAN DIEGO",2015-07-01,"Summer Food Service Program (FNS418)","SFSP",2015,"CAMP OLIVER, INC.","CAMP","SFSP_SUPPER","SFSP_SUPPER_SELFPREP",1,25,962,0,0,962,962,38.48,39,"2015-2016"
"SAN DIEGO",2015-07-01,"Summer Food Service Program (FNS418)","SFSP",2015,"SAN DIEGO STATE UNIVERSITY RESEARCH FOUNDATION","PRIVATENONPROFIT","SFSP_BREAKFAST","SFSP_BREAKFAST_VENDED",2,18,1460,0,0,1460,1460,81.1111,82,"2015-2016"
"SAN DIEGO",2015-07-01,"Summer Food Service Program (FNS418)","SFSP",2015,"SAN DIEGO STATE UNIVERSITY RESEARCH FOUNDATION","PRIVATENONPROFIT","SFSP_LUNCH","SFSP_LUNCH_VENDED",2,22,1440,0,0,1440,1440,65.4545,66,"2015-2016"
"SAN DIEGO",2015-07-01,"Summer Food Service Program (FNS418)","SFSP",2015,"SAN DIEGO STATE UNIVERSITY RESEARCH FOUNDATION","PRIVATENONPROFIT","SFSP_SUPPER","SFSP_SUPPER_VENDED",2,13,1126,0,0,1126,1126,86.6154,87,"2015-2016"
"SAN DIEGO",2015-07-01,"Summer Food Service Program (FNS418)","SFSP",2015,"NAVY REGION SOUTHWEST, CHILD AND YOUTH PROGRAMS","GOVERMENT","SFSP_BREAKFAST","SFSP_BREAKFAST_SELFPREP",3,22,1721,0,0,1721,1721,78.2273,79,"2015-2016"
"SAN DIEGO",2015-07-01,"Summer Food Service Program (FNS418)","SFSP",2015,"NAVY REGION SOUTHWEST, CHILD AND YOUTH PROGRAMS","GOVERMENT","SFSP_LUNCH","SFSP_LUNCH_SELFPREP",3,22,2194,0,0,2194,2194,99.7273,100,"2015-2016"
"SAN DIEGO",2015-07-01,"Summer Food Service Program (FNS418)","SFSP",2015,"ESCONDIDO UNION HIGH SCHOOL DISTRICT","PUBPRIVSCHOOL","SFSP_BREAKFAST","SFSP_BREAKFAST_SELFPREP",7,13,6042,0,0,6042,6042,464.7692,464,"2015-2016"
"SAN DIEGO",2015-07-01,"Summer Food Service Program (FNS418)","SFSP",2015,"ESCONDIDO UNION HIGH SCHOOL DISTRICT","PUBPRIVSCHOOL","SFSP_LUNCH","SFSP_LUNCH_SELFPREP",9,13,16257,0,0,16257,16257,1250.5385,1231,"2015-2016"
"SAN DIEGO",2015-07-01,"Summer Food Service Program (FNS418)","SFSP",2015,"UNIVERSITY OF CALIFORNIA, SAN DIEGO","CAMP","SFSP_BREAKFAST","SFSP_BREAKFAST_VENDED",3,16,942,0,0,942,942,58.875,59,"2015-2016"
"SAN DIEGO",2015-07-01,"Summer Food Service Program (FNS418)","SFSP",2015,"UNIVERSITY OF CALIFORNIA, SAN DIEGO","CAMP","SFSP_LUNCH","SFSP_LUNCH_VENDED",3,14,1009,0,0,1009,1009,72.0714,73,"2015-2016"
"SAN DIEGO",2015-07-01,"Summer Food Service Program (FNS418)","SFSP",2015,"UNIVERSITY OF CALIFORNIA, SAN DIEGO","CAMP","SFSP_SUPPER","SFSP_SUPPER_VENDED",3,13,721,0,0,721,721,55.4615,56,"2015-2016"
"SAN DIEGO",2015-07-01,"Summer Food Service Program (FNS418)","SFSP",2015,"BOYS & GIRLS CLUB OF GREATER SAN DIEGO","PRIVATENONPROFIT","SFSP_LUNCH","SFSP_LUNCH_VENDED",7,22,11939,0,0,11939,11939,542.6818,535,"2015-2016"
"SAN DIEGO",2015-07-01,"Summer Food Service Program (FNS418)","SFSP",2015,"BOYS & GIRLS CLUB OF GREATER SAN DIEGO","PRIVATENONPROFIT","SFSP_CCNSP","SFSP_SNACK_CCNSP_SELFPREP",1,5,795,0,0,795,795,159,159,"2015-2016"
"SAN DIEGO",2015-07-01,"Summer Food Service Program (FNS418)","SFSP",2015,"BOYS & GIRLS CLUB OF GREATER SAN DIEGO","PRIVATENONPROFIT","SFSP_SNACK_PM","SFSP_SNACK_PM_SELFPREP",8,22,1809,0,0,1809,1809,82.2273,798,"2015-2016"
"SAN DIEGO",2015-07-01,"Summer Food Service Program (FNS418)","SFSP",2015,"BOYS & GIRLS CLUB OF GREATER SAN DIEGO","PRIVATENONPROFIT","SFSP_SNACK_PM","SFSP_SNACK_PM_VENDED",8,22,15862,0,0,15862,15862,721,798,"2015-2016"
"SAN DIEGO",2015-07-01,"Summer Food Service Program (FNS418)","SFSP",2015,"VISTA, CITY OF","GOVERMENT","SFSP_BREAKFAST","SFSP_BREAKFAST_SELFPREP",1,23,1628,0,0,1628,1628,70.7826,70,"2015-2016"
"SAN DIEGO",2015-07-01,"Summer Food Service Program (FNS418)","SFSP",2015,"VISTA, CITY OF","GOVERMENT","SFSP_LUNCH","SFSP_LUNCH_SELFPREP",1,23,2070,0,0,2070,2070,90,89,"2015-2016"
"SAN DIEGO",2015-07-01,"Summer Food Service Program (FNS418)","SFSP",2015,"CSU SAN DIEGO (BEST)","CAMP","SFSP_BREAKFAST","SFSP_BREAKFAST_VENDED",1,26,619,0,0,619,619,23.8077,24,"2015-2016"
"SAN DIEGO",2015-07-01,"Summer Food Service Program (FNS418)","SFSP",2015,"CSU SAN DIEGO (BEST)","CAMP","SFSP_LUNCH","SFSP_LUNCH_VENDED",1,26,1569,0,0,1569,1569,60.3462,61,"2015-2016"
"SAN DIEGO",2015-07-01,"Summer Food Service Program (FNS418)","SFSP",2015,"CSU SAN DIEGO (BEST)","CAMP","SFSP_SUPPER","SFSP_SUPPER_VENDED",1,27,930,0,0,930,930,34.4444,35,"2015-2016"
"SAN DIEGO",2015-07-01,"Summer Food Service Program (FNS418)","SFSP",2015,"UNIVERSITY OF SAN DIEGO TRIO UPWARD BOUND","PRIVATENONPROFIT","SFSP_BREAKFAST","SFSP_BREAKFAST_VENDED",1,23,820,0,0,820,820,35.6522,36,"2015-2016"
"SAN DIEGO",2015-07-01,"Summer Food Service Program (FNS418)","SFSP",2015,"UNIVERSITY OF SAN DIEGO TRIO UPWARD BOUND","PRIVATENONPROFIT","SFSP_LUNCH","SFSP_LUNCH_VENDED",1,24,852,0,0,852,852,35.5,36,"2015-2016"
"SAN DIEGO",2015-07-01,"Summer Food Service Program (FNS418)","SFSP",2015,"UNIVERSITY OF SAN DIEGO TRIO UPWARD BOUND","PRIVATENONPROFIT","SFSP_SUPPER","SFSP_SUPPER_VENDED",1,18,669,0,0,669,669,37.1667,38,"2015-2016"
"SAN DIEGO",2015-07-01,"Summer Food Service Program (FNS418)","SFSP",2015,"SALVATION ARMY-SAN DIEGO A CALIFORNIA CORPORATION","CAMP","SFSP_BREAKFAST","SFSP_BREAKFAST_SELFPREP",1,23,1906,0,0,1906,1906,82.8696,83,"2015-2016"
"SAN DIEGO",2015-07-01,"Summer Food Service Program (FNS418)","SFSP",2015,"SALVATION ARMY-SAN DIEGO A CALIFORNIA CORPORATION","CAMP","SFSP_LUNCH","SFSP_LUNCH_SELFPREP",2,23,10348,0,0,10348,10348,449.913,450,"2015-2016"
"SAN DIEGO",2015-07-01,"Summer Food Service Program (FNS418)","SFSP",2015,"SALVATION ARMY-SAN DIEGO A CALIFORNIA CORPORATION","CAMP","SFSP_SUPPER","SFSP_SUPPER_SELFPREP",1,23,1914,0,0,1914,1914,83.2174,84,"2015-2016"
"SAN DIEGO",2015-09-01,"Summer Food Service Program (FNS418)","SFSP",2015,"BOYS & GIRLS CLUB OF GREATER SAN DIEGO","PRIVATENONPROFIT","SFSP_LUNCH","SFSP_LUNCH_VENDED",4,4,1074,0,0,1074,1074,268.5,268,"2015-2016"
"SAN DIEGO",2015-09-01,"Summer Food Service Program (FNS418)","SFSP",2015,"SALVATION ARMY-SAN DIEGO A CALIFORNIA CORPORATION","CAMP","SFSP_LUNCH","SFSP_LUNCH_SELFPREP",1,4,613,0,0,613,613,153.25,154,"2015-2016"
"SAN DIEGO",2015-08-01,"Summer Food Service Program (FNS418)","SFSP",2015,"CSU SAN DIEGO (BEST)","CAMP","SFSP_BREAKFAST","SFSP_BREAKFAST_VENDED",1,7,109,0,0,109,109,15.5714,16,"2015-2016"
"SAN DIEGO",2015-08-01,"Summer Food Service Program (FNS418)","SFSP",2015,"CSU SAN DIEGO (BEST)","CAMP","SFSP_LUNCH","SFSP_LUNCH_VENDED",1,7,404,0,0,404,404,57.7143,58,"2015-2016"
"SAN DIEGO",2015-08-01,"Summer Food Service Program (FNS418)","SFSP",2015,"CSU SAN DIEGO (BEST)","CAMP","SFSP_SUPPER","SFSP_SUPPER_VENDED",1,6,138,0,0,138,138,23,23,"2015-2016"
"SAN DIEGO",2015-08-01,"Summer Food Service Program (FNS418)","SFSP",2015,"BOYS & GIRLS CLUB OF GREATER SAN DIEGO","PRIVATENONPROFIT","SFSP_LUNCH","SFSP_LUNCH_VENDED",6,21,8246,0,0,8246,8246,392.6667,391,"2015-2016"
"SAN DIEGO",2015-08-01,"Summer Food Service Program (FNS418)","SFSP",2015,"BOYS & GIRLS CLUB OF GREATER SAN DIEGO","PRIVATENONPROFIT","SFSP_CCNSP","SFSP_SNACK_CCNSP_SELFPREP",7,21,9898,0,0,9898,9898,471.3333,472,"2015-2016"
"SAN DIEGO",2015-08-01,"Summer Food Service Program (FNS418)","SFSP",2015,"BOYS & GIRLS CLUB OF GREATER SAN DIEGO","PRIVATENONPROFIT","SFSP_SNACK_PM","SFSP_SNACK_PM_SELFPREP",6,21,1152,0,0,1152,1152,54.8571,539,"2015-2016"
"SAN DIEGO",2015-08-01,"Summer Food Service Program (FNS418)","SFSP",2015,"BOYS & GIRLS CLUB OF GREATER SAN DIEGO","PRIVATENONPROFIT","SFSP_SNACK_PM","SFSP_SNACK_PM_VENDED",6,21,10195,0,0,10195,10195,485.4762,539,"2015-2016"
"SAN DIEGO",2015-08-01,"Summer Food Service Program (FNS418)","SFSP",2015,"UNIVERSITY OF SAN DIEGO TRIO UPWARD BOUND","PRIVATENONPROFIT","SFSP_BREAKFAST","SFSP_BREAKFAST_VENDED",1,6,53,0,0,53,53,8.8333,9,"2015-2016"
"SAN DIEGO",2015-08-01,"Summer Food Service Program (FNS418)","SFSP",2015,"UNIVERSITY OF SAN DIEGO TRIO UPWARD BOUND","PRIVATENONPROFIT","SFSP_LUNCH","SFSP_LUNCH_VENDED",1,4,123,0,0,123,123,30.75,31,"2015-2016"
"SAN DIEGO",2015-08-01,"Summer Food Service Program (FNS418)","SFSP",2015,"UNIVERSITY OF SAN DIEGO TRIO UPWARD BOUND","PRIVATENONPROFIT","SFSP_SUPPER","SFSP_SUPPER_VENDED",1,5,145,0,0,145,145,29,29,"2015-2016"
"SAN DIEGO",2015-08-01,"Summer Food Service Program (FNS418)","SFSP",2015,"VISTA, CITY OF","GOVERMENT","SFSP_BREAKFAST","SFSP_BREAKFAST_SELFPREP",1,10,641,0,0,641,641,64.1,63,"2015-2016"
"SAN DIEGO",2015-08-01,"Summer Food Service Program (FNS418)","SFSP",2015,"VISTA, CITY OF","GOVERMENT","SFSP_LUNCH","SFSP_LUNCH_SELFPREP",1,10,784,0,0,784,784,78.4,77,"2015-2016"
"SAN DIEGO",2015-08-01,"Summer Food Service Program (FNS418)","SFSP",2015,"SALVATION ARMY-SAN DIEGO A CALIFORNIA CORPORATION","CAMP","SFSP_BREAKFAST","SFSP_BREAKFAST_SELFPREP",1,1,128,0,0,128,128,128,128,"2015-2016"
"SAN DIEGO",2015-08-01,"Summer Food Service Program (FNS418)","SFSP",2015,"SALVATION ARMY-SAN DIEGO A CALIFORNIA CORPORATION","CAMP","SFSP_LUNCH","SFSP_LUNCH_SELFPREP",2,22,6261,0,0,6261,6261,284.5909,285,"2015-2016"
"SAN DIEGO",2015-08-01,"Summer Food Service Program (FNS418)","SFSP",2015,"SALVATION ARMY-SAN DIEGO A CALIFORNIA CORPORATION","CAMP","SFSP_SUPPER","SFSP_SUPPER_SELFPREP",1,1,128,0,0,128,128,128,128,"2015-2016"
"SAN DIEGO",2015-08-01,"Summer Food Service Program (FNS418)","SFSP",2015,"FEEDING AMERICA SAN DIEGO","PRIVATENONPROFIT","SFSP_LUNCH","SFSP_LUNCH_SELFPREP",7,31,610,0,0,610,610,19.6774,129,"2015-2016"
"SAN DIEGO",2015-08-01,"Summer Food Service Program (FNS418)","SFSP",2015,"FEEDING AMERICA SAN DIEGO","PRIVATENONPROFIT","SFSP_LUNCH","SFSP_LUNCH_VENDED",7,31,3441,0,0,3441,3441,111,129,"2015-2016"
"SAN DIEGO",2015-08-01,"Summer Food Service Program (FNS418)","SFSP",2015,"FEEDING AMERICA SAN DIEGO","PRIVATENONPROFIT","SFSP_SNACK_PM","SFSP_SNACK_PM_SELFPREP",3,31,129,0,0,129,129,4.1613,92,"2015-2016"
"SAN DIEGO",2015-08-01,"Summer Food Service Program (FNS418)","SFSP",2015,"FEEDING AMERICA SAN DIEGO","PRIVATENONPROFIT","SFSP_SNACK_PM","SFSP_SNACK_PM_VENDED",3,31,2751,0,0,2751,2751,88.7419,92,"2015-2016"
"SAN DIEGO",2015-08-01,"Summer Food Service Program (FNS418)","SFSP",2015,"NAVY REGION SOUTHWEST, CHILD AND YOUTH PROGRAMS","GOVERMENT","SFSP_BREAKFAST","SFSP_BREAKFAST_SELFPREP",3,16,1200,0,0,1200,1200,75,75,"2015-2016"
"SAN DIEGO",2015-08-01,"Summer Food Service Program (FNS418)","SFSP",2015,"NAVY REGION SOUTHWEST, CHILD AND YOUTH PROGRAMS","GOVERMENT","SFSP_LUNCH","SFSP_LUNCH_SELFPREP",3,16,1442,0,0,1442,1442,90.125,91,"2015-2016"
"SAN DIEGO",2015-08-01,"Summer Food Service Program (FNS418)","SFSP",2015,"LA JOLLA BAND OF LUISENO","PRIVATENONPROFIT","SFSP_LUNCH","SFSP_LUNCH_SELFPREP",1,2,59,0,0,59,59,29.5,29,"2015-2016"
"SAN DIEGO",2015-08-01,"Summer Food Service Program (FNS418)","SFSP",2015,"LA JOLLA BAND OF LUISENO","PRIVATENONPROFIT","SFSP_SNACK_AM","SFSP_SNACK_AM_SELFPREP",1,2,54,0,0,54,54,27,27,"2015-2016"
"SAN DIEGO",2015-08-01,"Summer Food Service Program (FNS418)","SFSP",2015,"KAREN ORGANIZATION OF SAN DIEGO","PRIVATENONPROFIT","SFSP_LUNCH","SFSP_LUNCH_VENDED",1,19,633,0,0,633,633,33.3158,34,"2015-2016"
"SAN DIEGO",2015-08-01,"Summer Food Service Program (FNS418)","SFSP",2015,"KAREN ORGANIZATION OF SAN DIEGO","PRIVATENONPROFIT","SFSP_SNACK_PM","SFSP_SNACK_PM_SELFPREP",1,14,313,0,0,313,313,22.3571,23,"2015-2016"
"SAN DIEGO",2015-08-01,"Summer Food Service Program (FNS418)","SFSP",2015,"HEAVEN'S WINDOWS","PRIVATENONPROFIT","SFSP_LUNCH","SFSP_LUNCH_SELFPREP",6,19,517,0,0,517,517,27.2105,30,"2015-2016"
"SAN DIEGO",2015-08-01,"Summer Food Service Program (FNS418)","SFSP",2015,"HEAVEN'S WINDOWS","PRIVATENONPROFIT","SFSP_LUNCH","SFSP_LUNCH_VENDED",6,19,53,0,0,53,53,2.7895,30,"2015-2016"
"SAN DIEGO",2015-08-01,"Summer Food Service Program (FNS418)","SFSP",2015,"HEAVEN'S WINDOWS","PRIVATENONPROFIT","SFSP_SNACK_AM","SFSP_SNACK_AM_SELFPREP",1,1,384,0,0,384,384,384,376,"2015-2016"
"SAN DIEGO",2015-08-01,"Summer Food Service Program (FNS418)","SFSP",2015,"HEAVEN'S WINDOWS","PRIVATENONPROFIT","SFSP_CCNSP","SFSP_SNACK_CCNSP_SELFPREP",2,11,388,0,0,388,388,35.2727,35,"2015-2016"
"SAN DIEGO",2015-08-01,"Summer Food Service Program (FNS418)","SFSP",2015,"HEAVEN'S WINDOWS","PRIVATENONPROFIT","SFSP_SNACK_PM","SFSP_SNACK_PM_SELFPREP",5,6,1063,0,0,1063,1063,177.1667,174,"2015-2016"
"SAN DIEGO",2015-08-01,"Summer Food Service Program (FNS418)","SFSP",2015,"HEAVEN'S WINDOWS","PRIVATENONPROFIT","SFSP_SUPPER","SFSP_SUPPER_SELFPREP",1,6,132,0,0,132,132,22,22,"2015-2016"
"SAN DIEGO",2015-09-01,"Summer Food Service Program (FNS418)","SFSP",2015,"BOYS & GIRLS CLUB OF GREATER SAN DIEGO","PRIVATENONPROFIT","SFSP_CCNSP","SFSP_SNACK_CCNSP_SELFPREP",11,21,25564,0,0,25564,25564,1217.3333,1218,"2015-2016"
"SAN DIEGO",2015-09-01,"Summer Food Service Program (FNS418)","SFSP",2015,"BOYS & GIRLS CLUB OF GREATER SAN DIEGO","PRIVATENONPROFIT","SFSP_SNACK_PM","SFSP_SNACK_PM_VENDED",4,4,1191,0,0,1191,1191,297.75,298,"2015-2016"
"SAN DIEGO",2015-09-01,"Summer Food Service Program (FNS418)","SFSP",2015,"HEAVEN'S WINDOWS","PRIVATENONPROFIT","SFSP_CCNSP","SFSP_SNACK_CCNSP_SELFPREP",5,27,3959,0,0,3959,3959,146.6296,144,"2015-2016"
"SAN DIEGO",2015-06-01,"Summer Food Service Program (FNS418)","SFSP",2015,"SALVATION ARMY-SAN DIEGO A CALIFORNIA CORPORATION","CAMP","SFSP_BREAKFAST","SFSP_BREAKFAST_SELFPREP",1,14,1191,0,0,1191,1191,85.0714,86,"2014-2015"
"SAN DIEGO",2015-06-01,"Summer Food Service Program (FNS418)","SFSP",2015,"SALVATION ARMY-SAN DIEGO A CALIFORNIA CORPORATION","CAMP","SFSP_LUNCH","SFSP_LUNCH_SELFPREP",2,14,4280,0,0,4280,4280,305.7143,306,"2014-2015"
"SAN DIEGO",2015-06-01,"Summer Food Service Program (FNS418)","SFSP",2015,"SALVATION ARMY-SAN DIEGO A CALIFORNIA CORPORATION","CAMP","SFSP_SUPPER","SFSP_SUPPER_SELFPREP",1,14,1192,0,0,1192,1192,85.1429,86,"2014-2015"
"SAN DIEGO",2015-06-01,"Summer Food Service Program (FNS418)","SFSP",2015,"BOYS & GIRLS CLUB OF GREATER SAN DIEGO","PRIVATENONPROFIT","SFSP_LUNCH","SFSP_LUNCH_VENDED",7,17,6679,0,0,6679,6679,392.8824,386,"2014-2015"
"SAN DIEGO",2015-06-01,"Summer Food Service Program (FNS418)","SFSP",2015,"BOYS & GIRLS CLUB OF GREATER SAN DIEGO","PRIVATENONPROFIT","SFSP_CCNSP","SFSP_SNACK_CCNSP_SELFPREP",11,11,10757,0,0,10757,10757,977.9091,978,"2014-2015"
"SAN DIEGO",2015-06-01,"Summer Food Service Program (FNS418)","SFSP",2015,"BOYS & GIRLS CLUB OF GREATER SAN DIEGO","PRIVATENONPROFIT","SFSP_SNACK_PM","SFSP_SNACK_PM_SELFPREP",8,17,1138,0,0,1138,1138,66.9412,597,"2014-2015"
"SAN DIEGO",2015-06-01,"Summer Food Service Program (FNS418)","SFSP",2015,"BOYS & GIRLS CLUB OF GREATER SAN DIEGO","PRIVATENONPROFIT","SFSP_SNACK_PM","SFSP_SNACK_PM_VENDED",8,17,9088,0,0,9088,9088,534.5882,597,"2014-2015"
"SAN DIEGO",2015-06-01,"Summer Food Service Program (FNS418)","SFSP",2015,"VISTA, CITY OF","GOVERMENT","SFSP_BREAKFAST","SFSP_BREAKFAST_SELFPREP",1,17,1372,0,0,1372,1372,80.7059,80,"2014-2015"
"SAN DIEGO",2015-06-01,"Summer Food Service Program (FNS418)","SFSP",2015,"VISTA, CITY OF","GOVERMENT","SFSP_LUNCH","SFSP_LUNCH_SELFPREP",1,17,1630,0,0,1630,1630,95.8824,94,"2014-2015"
"SAN DIEGO",2014-02-01,"Summer Food Service Program (FNS418)","SFSP",2014,"KAREN ORGANIZATION OF SAN DIEGO","PRIVATENONPROFIT","SFSP_CCNSP","SFSP_SNACK_CCNSP_SELFPREP",1,8,137,0,0,137,137,17.125,18,"2013-2014"
"SAN DIEGO",2014-02-01,"Summer Food Service Program (FNS418)","SFSP",2014,"BOYS & GIRLS CLUB OF GREATER SAN DIEGO","PRIVATENONPROFIT","SFSP_CCNSP","SFSP_SNACK_CCNSP_SELFPREP",11,20,23565,0,0,23565,23565,1178.25,1179,"2013-2014"
"SAN DIEGO",2014-06-01,"Summer Food Service Program (FNS418)","SFSP",2014,"VISTA, CITY OF","GOVERMENT","SFSP_BREAKFAST","SFSP_BREAKFAST_SELFPREP",1,16,1159,0,0,1159,1159,72.4375,71,"2013-2014"
"SAN DIEGO",2014-06-01,"Summer Food Service Program (FNS418)","SFSP",2014,"VISTA, CITY OF","GOVERMENT","SFSP_LUNCH","SFSP_LUNCH_SELFPREP",1,16,1345,0,0,1345,1345,84.0625,83,"2013-2014"
"SAN DIEGO",2014-06-01,"Summer Food Service Program (FNS418)","SFSP",2014,"ESCONDIDO UNION HIGH SCHOOL DISTRICT","PUBPRIVSCHOOL","SFSP_LUNCH","SFSP_LUNCH_SELFPREP",11,18,17262,0,0,17262,17262,959,952,"2013-2014"
"SAN DIEGO",2013-10-01,"Summer Food Service Program (FNS418)","SFSP",2014,"BOYS & GIRLS CLUB OF GREATER SAN DIEGO","PRIVATENONPROFIT","SFSP_CCNSP","SFSP_SNACK_CCNSP_SELFPREP",11,23,30169,0,0,30169,30169,1311.6957,1312,"2013-2014"
"SAN DIEGO",2013-10-01,"Summer Food Service Program (FNS418)","SFSP",2014,"A B VINES MINISTRIES","PRIVATENONPROFIT","SFSP_CCNSP","SFSP_SNACK_CCNSP_SELFPREP",8,30,9086,0,0,9086,9086,302.8667,300,"2013-2014"
"SAN DIEGO",2013-10-01,"Summer Food Service Program (FNS418)","SFSP",2014,"KAREN ORGANIZATION OF SAN DIEGO","PRIVATENONPROFIT","SFSP_CCNSP","SFSP_SNACK_CCNSP_SELFPREP",1,6,83,0,0,83,83,13.8333,14,"2013-2014"
"SAN DIEGO",2013-12-01,"Summer Food Service Program (FNS418)","SFSP",2014,"BOYS & GIRLS CLUB OF GREATER SAN DIEGO","PRIVATENONPROFIT","SFSP_CCNSP","SFSP_SNACK_CCNSP_SELFPREP",11,17,19687,0,0,19687,19687,1158.0588,1159,"2013-2014"
"SAN DIEGO",2013-11-01,"Summer Food Service Program (FNS418)","SFSP",2014,"BOYS & GIRLS CLUB OF GREATER SAN DIEGO","PRIVATENONPROFIT","SFSP_CCNSP","SFSP_SNACK_CCNSP_SELFPREP",11,18,21412,0,0,21412,21412,1189.5556,1190,"2013-2014"
"SAN DIEGO",2013-11-01,"Summer Food Service Program (FNS418)","SFSP",2014,"A B VINES MINISTRIES","PRIVATENONPROFIT","SFSP_CCNSP","SFSP_SNACK_CCNSP_SELFPREP",9,29,7882,0,0,7882,7882,271.7931,267,"2013-2014"
"SAN DIEGO",2013-11-01,"Summer Food Service Program (FNS418)","SFSP",2014,"KAREN ORGANIZATION OF SAN DIEGO","PRIVATENONPROFIT","SFSP_CCNSP","SFSP_SNACK_CCNSP_SELFPREP",1,4,47,0,0,47,47,11.75,12,"2013-2014"
"SAN DIEGO",2013-12-01,"Summer Food Service Program (FNS418)","SFSP",2014,"A B VINES MINISTRIES","PRIVATENONPROFIT","SFSP_CCNSP","SFSP_SNACK_CCNSP_SELFPREP",10,24,6883,0,0,6883,6883,286.7917,282,"2013-2014"
"SAN DIEGO",2013-12-01,"Summer Food Service Program (FNS418)","SFSP",2014,"KAREN ORGANIZATION OF SAN DIEGO","PRIVATENONPROFIT","SFSP_CCNSP","SFSP_SNACK_CCNSP_SELFPREP",1,5,84,0,0,84,84,16.8,17,"2013-2014"
"SAN DIEGO",2014-03-01,"Summer Food Service Program (FNS418)","SFSP",2014,"BOYS & GIRLS CLUB OF GREATER SAN DIEGO","PRIVATENONPROFIT","SFSP_CCNSP","SFSP_SNACK_CCNSP_SELFPREP",11,21,26761,0,0,26761,26761,1274.3333,1275,"2013-2014"
"SAN DIEGO",2014-01-01,"Summer Food Service Program (FNS418)","SFSP",2014,"BOYS & GIRLS CLUB OF GREATER SAN DIEGO","PRIVATENONPROFIT","SFSP_CCNSP","SFSP_SNACK_CCNSP_SELFPREP",11,21,24365,0,0,24365,24365,1160.2381,1161,"2013-2014"
"SAN DIEGO",2014-01-01,"Summer Food Service Program (FNS418)","SFSP",2014,"A B VINES MINISTRIES","PRIVATENONPROFIT","SFSP_CCNSP","SFSP_SNACK_CCNSP_SELFPREP",10,29,7831,0,0,7831,7831,270.0345,265,"2013-2014"
"SAN DIEGO",2014-01-01,"Summer Food Service Program (FNS418)","SFSP",2014,"KAREN ORGANIZATION OF SAN DIEGO","PRIVATENONPROFIT","SFSP_CCNSP","SFSP_SNACK_CCNSP_SELFPREP",1,4,38,0,0,38,38,9.5,10,"2013-2014"
"SAN DIEGO",2014-03-01,"Summer Food Service Program (FNS418)","SFSP",2014,"A B VINES MINISTRIES","PRIVATENONPROFIT","SFSP_CCNSP","SFSP_SNACK_CCNSP_SELFPREP",8,26,5358,0,0,5358,5358,206.0769,203,"2013-2014"
"SAN DIEGO",2014-03-01,"Summer Food Service Program (FNS418)","SFSP",2014,"KAREN ORGANIZATION OF SAN DIEGO","PRIVATENONPROFIT","SFSP_CCNSP","SFSP_SNACK_CCNSP_SELFPREP",1,6,99,0,0,99,99,16.5,17,"2013-2014"
"SAN DIEGO",2014-04-01,"Summer Food Service Program (FNS418)","SFSP",2014,"BOYS & GIRLS CLUB OF GREATER SAN DIEGO","PRIVATENONPROFIT","SFSP_CCNSP","SFSP_SNACK_CCNSP_SELFPREP",11,22,20827,0,0,20827,20827,946.6818,947,"2013-2014"
"SAN DIEGO",2014-04-01,"Summer Food Service Program (FNS418)","SFSP",2014,"A B VINES MINISTRIES","PRIVATENONPROFIT","SFSP_CCNSP","SFSP_SNACK_CCNSP_SELFPREP",8,22,5183,0,0,5183,5183,235.5909,231,"2013-2014"
"SAN DIEGO",2014-04-01,"Summer Food Service Program (FNS418)","SFSP",2014,"KAREN ORGANIZATION OF SAN DIEGO","PRIVATENONPROFIT","SFSP_CCNSP","SFSP_SNACK_CCNSP_SELFPREP",1,4,72,0,0,72,72,18,18,"2013-2014"
"SAN DIEGO",2014-05-01,"Summer Food Service Program (FNS418)","SFSP",2014,"BOYS & GIRLS CLUB OF GREATER SAN DIEGO","PRIVATENONPROFIT","SFSP_CCNSP","SFSP_SNACK_CCNSP_SELFPREP",11,21,24032,0,0,24032,24032,1144.381,1145,"2013-2014"
"SAN DIEGO",2014-05-01,"Summer Food Service Program (FNS418)","SFSP",2014,"A B VINES MINISTRIES","PRIVATENONPROFIT","SFSP_CCNSP","SFSP_SNACK_CCNSP_SELFPREP",8,25,6715,0,0,6715,6715,268.6,264,"2013-2014"
"SAN DIEGO",2014-05-01,"Summer Food Service Program (FNS418)","SFSP",2014,"KAREN ORGANIZATION OF SAN DIEGO","PRIVATENONPROFIT","SFSP_CCNSP","SFSP_SNACK_CCNSP_SELFPREP",1,4,68,0,0,68,68,17,17,"2013-2014"
"SAN DIEGO",2014-06-01,"Summer Food Service Program (FNS418)","SFSP",2014,"ESCONDIDO UNION HIGH SCHOOL DISTRICT","PUBPRIVSCHOOL","SFSP_BREAKFAST","SFSP_BREAKFAST_SELFPREP",8,18,7384,0,0,7384,7384,410.2222,408,"2013-2014"
"SAN DIEGO",2014-06-01,"Summer Food Service Program (FNS418)","SFSP",2014,"BOYS & GIRLS CLUB OF GREATER SAN DIEGO","PRIVATENONPROFIT","SFSP_LUNCH","SFSP_LUNCH_VENDED",6,13,6330,0,0,6330,6330,486.9231,483,"2013-2014"
"SAN DIEGO",2014-06-01,"Summer Food Service Program (FNS418)","SFSP",2014,"BOYS & GIRLS CLUB OF GREATER SAN DIEGO","PRIVATENONPROFIT","SFSP_CCNSP","SFSP_SNACK_CCNSP_SELFPREP",11,10,8796,0,0,8796,8796,879.6,880,"2013-2014"
"SAN DIEGO",2014-06-01,"Summer Food Service Program (FNS418)","SFSP",2014,"BOYS & GIRLS CLUB OF GREATER SAN DIEGO","PRIVATENONPROFIT","SFSP_SNACK_PM","SFSP_SNACK_PM_SELFPREP",7,18,3875,0,0,3875,3875,215.2778,542,"2013-2014"
"SAN DIEGO",2014-06-01,"Summer Food Service Program (FNS418)","SFSP",2014,"BOYS & GIRLS CLUB OF GREATER SAN DIEGO","PRIVATENONPROFIT","SFSP_SNACK_PM","SFSP_SNACK_PM_VENDED",7,18,5893,0,0,5893,5893,327.3889,542,"2013-2014"
"SAN DIEGO",2014-06-01,"Summer Food Service Program (FNS418)","SFSP",2014,"UNIVERSITY OF SAN DIEGO TRIO UPWARD BOUND","PRIVATENONPROFIT","SFSP_BREAKFAST","SFSP_BREAKFAST_VENDED",1,7,289,0,0,289,289,41.2857,42,"2013-2014"
"SAN DIEGO",2014-06-01,"Summer Food Service Program (FNS418)","SFSP",2014,"UNIVERSITY OF SAN DIEGO TRIO UPWARD BOUND","PRIVATENONPROFIT","SFSP_LUNCH","SFSP_LUNCH_VENDED",1,8,329,0,0,329,329,41.125,42,"2013-2014"
"SAN DIEGO",2014-06-01,"Summer Food Service Program (FNS418)","SFSP",2014,"UNIVERSITY OF SAN DIEGO TRIO UPWARD BOUND","PRIVATENONPROFIT","SFSP_SUPPER","SFSP_SUPPER_VENDED",1,5,206,0,0,206,206,41.2,42,"2013-2014"
"SAN DIEGO",2014-06-01,"Summer Food Service Program (FNS418)","SFSP",2014,"FEEDING AMERICA SAN DIEGO","PRIVATENONPROFIT","SFSP_LUNCH","SFSP_LUNCH_SELFPREP",6,21,1747,0,0,1747,1747,83.1905,251,"2013-2014"
"SAN DIEGO",2014-06-01,"Summer Food Service Program (FNS418)","SFSP",2014,"FEEDING AMERICA SAN DIEGO","PRIVATENONPROFIT","SFSP_LUNCH","SFSP_LUNCH_VENDED",6,21,3559,0,0,3559,3559,169.4762,251,"2013-2014"
"SAN DIEGO",2014-06-01,"Summer Food Service Program (FNS418)","SFSP",2014,"FEEDING AMERICA SAN DIEGO","PRIVATENONPROFIT","SFSP_SNACK_PM","SFSP_SNACK_PM_SELFPREP",3,24,1831,0,0,1831,1831,76.2917,189,"2013-2014"
"SAN DIEGO",2014-06-01,"Summer Food Service Program (FNS418)","SFSP",2014,"FEEDING AMERICA SAN DIEGO","PRIVATENONPROFIT","SFSP_SNACK_PM","SFSP_SNACK_PM_VENDED",3,24,2714,0,0,2714,2714,113.0833,189,"2013-2014"
"SAN DIEGO",2014-06-01,"Summer Food Service Program (FNS418)","SFSP",2014,"KAREN ORGANIZATION OF SAN DIEGO","PRIVATENONPROFIT","SFSP_CCNSP","SFSP_SNACK_CCNSP_SELFPREP",1,4,72,0,0,72,72,18,18,"2013-2014"
"SAN DIEGO",2014-06-01,"Summer Food Service Program (FNS418)","SFSP",2014,"WAHUPA EDUCATIONAL ENTERPRISES, INC","PRIVATENONPROFIT","SFSP_BREAKFAST","SFSP_BREAKFAST_VENDED",2,1,50,0,0,50,50,50,50,"2013-2014"
"SAN DIEGO",2014-06-01,"Summer Food Service Program (FNS418)","SFSP",2014,"WAHUPA EDUCATIONAL ENTERPRISES, INC","PRIVATENONPROFIT","SFSP_LUNCH","SFSP_LUNCH_VENDED",2,1,50,0,0,50,50,50,50,"2013-2014"
"SAN DIEGO",2014-06-01,"Summer Food Service Program (FNS418)","SFSP",2014,"WAHUPA EDUCATIONAL ENTERPRISES, INC","PRIVATENONPROFIT","SFSP_SUPPER","SFSP_SUPPER_VENDED",2,2,97,0,0,97,97,48.5,49,"2013-2014"
"SAN DIEGO",2014-06-01,"Summer Food Service Program (FNS418)","SFSP",2014,"SALVATION ARMY-SAN DIEGO A CALIFORNIA CORPORATION","CAMP","SFSP_BREAKFAST","SFSP_BREAKFAST_SELFPREP",1,15,1284,0,0,1284,1284,85.6,86,"2013-2014"
"SAN DIEGO",2014-06-01,"Summer Food Service Program (FNS418)","SFSP",2014,"SALVATION ARMY-SAN DIEGO A CALIFORNIA CORPORATION","CAMP","SFSP_LUNCH","SFSP_LUNCH_SELFPREP",2,15,4091,0,0,4091,4091,272.7333,273,"2013-2014"
"SAN DIEGO",2014-06-01,"Summer Food Service Program (FNS418)","SFSP",2014,"SALVATION ARMY-SAN DIEGO A CALIFORNIA CORPORATION","CAMP","SFSP_SUPPER","SFSP_SUPPER_SELFPREP",1,15,1288,0,0,1288,1288,85.8667,86,"2013-2014"
"SAN DIEGO",2014-06-01,"Summer Food Service Program (FNS418)","SFSP",2014,"A B VINES MINISTRIES","PRIVATENONPROFIT","SFSP_CCNSP","SFSP_SNACK_CCNSP_SELFPREP",7,13,2329,0,0,2329,2329,179.1538,176,"2013-2014"
"SAN DIEGO",2014-07-01,"Summer Food Service Program (FNS418)","SFSP",2014,"ESCONDIDO UNION HIGH SCHOOL DISTRICT","PUBPRIVSCHOOL","SFSP_BREAKFAST","SFSP_BREAKFAST_SELFPREP",7,22,5273,0,0,5273,5273,239.6818,236,"2014-2015"
"SAN DIEGO",2014-07-01,"Summer Food Service Program (FNS418)","SFSP",2014,"ESCONDIDO UNION HIGH SCHOOL DISTRICT","PUBPRIVSCHOOL","SFSP_LUNCH","SFSP_LUNCH_SELFPREP",10,22,11986,0,0,11986,11986,544.8182,535,"2014-2015"
"SAN DIEGO",2014-07-01,"Summer Food Service Program (FNS418)","SFSP",2014,"VISTA, CITY OF","GOVERMENT","SFSP_BREAKFAST","SFSP_BREAKFAST_SELFPREP",1,22,1630,0,0,1630,1630,74.0909,73,"2014-2015"
"SAN DIEGO",2014-07-01,"Summer Food Service Program (FNS418)","SFSP",2014,"VISTA, CITY OF","GOVERMENT","SFSP_LUNCH","SFSP_LUNCH_SELFPREP",1,22,2112,0,0,2112,2112,96,95,"2014-2015"
"SAN DIEGO",2014-07-01,"Summer Food Service Program (FNS418)","SFSP",2014,"KAREN ORGANIZATION OF SAN DIEGO","PRIVATENONPROFIT","SFSP_LUNCH","SFSP_LUNCH_VENDED",1,16,543,0,0,543,543,33.9375,34,"2014-2015"
"SAN DIEGO",2014-07-01,"Summer Food Service Program (FNS418)","SFSP",2014,"KAREN ORGANIZATION OF SAN DIEGO","PRIVATENONPROFIT","SFSP_CCNSP","SFSP_SNACK_CCNSP_SELFPREP",1,1,16,0,0,16,16,16,16,"2014-2015"
"SAN DIEGO",2014-07-01,"Summer Food Service Program (FNS418)","SFSP",2014,"KAREN ORGANIZATION OF SAN DIEGO","PRIVATENONPROFIT","SFSP_SNACK_PM","SFSP_SNACK_PM_SELFPREP",1,16,308,0,0,308,308,19.25,20,"2014-2015"
"SAN DIEGO",2014-07-01,"Summer Food Service Program (FNS418)","SFSP",2014,"BOYS & GIRLS CLUB OF GREATER SAN DIEGO","PRIVATENONPROFIT","SFSP_LUNCH","SFSP_LUNCH_VENDED",6,22,10402,0,0,10402,10402,472.8182,467,"2014-2015"
"SAN DIEGO",2014-07-01,"Summer Food Service Program (FNS418)","SFSP",2014,"BOYS & GIRLS CLUB OF GREATER SAN DIEGO","PRIVATENONPROFIT","SFSP_CCNSP","SFSP_SNACK_CCNSP_SELFPREP",1,7,1214,0,0,1214,1214,173.4286,174,"2014-2015"
"SAN DIEGO",2014-07-01,"Summer Food Service Program (FNS418)","SFSP",2014,"BOYS & GIRLS CLUB OF GREATER SAN DIEGO","PRIVATENONPROFIT","SFSP_SNACK_PM","SFSP_SNACK_PM_SELFPREP",7,22,5562,0,0,5562,5562,252.8182,741,"2014-2015"
"SAN DIEGO",2014-07-01,"Summer Food Service Program (FNS418)","SFSP",2014,"BOYS & GIRLS CLUB OF GREATER SAN DIEGO","PRIVATENONPROFIT","SFSP_SNACK_PM","SFSP_SNACK_PM_VENDED",7,22,10897,0,0,10897,10897,495.3182,741,"2014-2015"
"SAN DIEGO",2014-07-01,"Summer Food Service Program (FNS418)","SFSP",2014,"UNIVERSITY OF SAN DIEGO TRIO UPWARD BOUND","PRIVATENONPROFIT","SFSP_BREAKFAST","SFSP_BREAKFAST_VENDED",1,16,674,0,0,674,674,42.125,43,"2014-2015"
"SAN DIEGO",2014-07-01,"Summer Food Service Program (FNS418)","SFSP",2014,"UNIVERSITY OF SAN DIEGO TRIO UPWARD BOUND","PRIVATENONPROFIT","SFSP_LUNCH","SFSP_LUNCH_VENDED",1,16,663,0,0,663,663,41.4375,42,"2014-2015"
"SAN DIEGO",2014-07-01,"Summer Food Service Program (FNS418)","SFSP",2014,"UNIVERSITY OF SAN DIEGO TRIO UPWARD BOUND","PRIVATENONPROFIT","SFSP_SUPPER","SFSP_SUPPER_VENDED",1,12,490,0,0,490,490,40.8333,41,"2014-2015"
"SAN DIEGO",2014-07-01,"Summer Food Service Program (FNS418)","SFSP",2014,"SALVATION ARMY-SAN DIEGO A CALIFORNIA CORPORATION","CAMP","SFSP_BREAKFAST","SFSP_BREAKFAST_SELFPREP",1,15,1758,0,0,1758,1758,117.2,118,"2014-2015"
"SAN DIEGO",2014-07-01,"Summer Food Service Program (FNS418)","SFSP",2014,"SALVATION ARMY-SAN DIEGO A CALIFORNIA CORPORATION","CAMP","SFSP_LUNCH","SFSP_LUNCH_SELFPREP",2,22,9940,0,0,9940,9940,451.8182,452,"2014-2015"
"SAN DIEGO",2014-07-01,"Summer Food Service Program (FNS418)","SFSP",2014,"SALVATION ARMY-SAN DIEGO A CALIFORNIA CORPORATION","CAMP","SFSP_SUPPER","SFSP_SUPPER_SELFPREP",1,16,1869,0,0,1869,1869,116.8125,117,"2014-2015"
"SAN DIEGO",2014-07-01,"Summer Food Service Program (FNS418)","SFSP",2014,"LA JOLLA BAND OF LUISENO","PRIVATENONPROFIT","SFSP_LUNCH","SFSP_LUNCH_SELFPREP",1,20,324,0,0,324,324,16.2,17,"2014-2015"
"SAN DIEGO",2014-07-01,"Summer Food Service Program (FNS418)","SFSP",2014,"LA JOLLA BAND OF LUISENO","PRIVATENONPROFIT","SFSP_SNACK_AM","SFSP_SNACK_AM_SELFPREP",1,20,392,0,0,392,392,19.6,20,"2014-2015"
"SAN DIEGO",2014-07-01,"Summer Food Service Program (FNS418)","SFSP",2014,"CSU SAN DIEGO (BEST)","CAMP","SFSP_BREAKFAST","SFSP_BREAKFAST_VENDED",1,25,676,0,0,676,676,27.04,28,"2014-2015"
"SAN DIEGO",2014-07-01,"Summer Food Service Program (FNS418)","SFSP",2014,"CSU SAN DIEGO (BEST)","CAMP","SFSP_LUNCH","SFSP_LUNCH_VENDED",1,25,1365,0,0,1365,1365,54.6,55,"2014-2015"
"SAN DIEGO",2014-07-01,"Summer Food Service Program (FNS418)","SFSP",2014,"CSU SAN DIEGO (BEST)","CAMP","SFSP_SUPPER","SFSP_SUPPER_VENDED",1,26,802,0,0,802,802,30.8462,31,"2014-2015"
"SAN DIEGO",2014-07-01,"Summer Food Service Program (FNS418)","SFSP",2014,"HEAVEN'S WINDOWS","PRIVATENONPROFIT","SFSP_LUNCH","SFSP_LUNCH_SELFPREP",5,22,2325,0,0,2325,2325,105.6818,104,"2014-2015"
"SAN DIEGO",2014-07-01,"Summer Food Service Program (FNS418)","SFSP",2014,"HEAVEN'S WINDOWS","PRIVATENONPROFIT","SFSP_SNACK_AM","SFSP_SNACK_AM_SELFPREP",2,8,320,0,0,320,320,40,40,"2014-2015"
"SAN DIEGO",2014-07-01,"Summer Food Service Program (FNS418)","SFSP",2014,"HEAVEN'S WINDOWS","PRIVATENONPROFIT","SFSP_SNACK_PM","SFSP_SNACK_PM_SELFPREP",1,22,1140,0,0,1140,1140,51.8182,52,"2014-2015"
"SAN DIEGO",2014-07-01,"Summer Food Service Program (FNS418)","SFSP",2014,"HEAVEN'S WINDOWS","PRIVATENONPROFIT","SFSP_SUPPER","SFSP_SUPPER_SELFPREP",1,22,1332,0,0,1332,1332,60.5455,61,"2014-2015"
"SAN DIEGO",2014-07-01,"Summer Food Service Program (FNS418)","SFSP",2014,"WAHUPA EDUCATIONAL ENTERPRISES, INC","PRIVATENONPROFIT","SFSP_BREAKFAST","SFSP_BREAKFAST_VENDED",2,15,631,0,0,631,631,42.0667,43,"2014-2015"
"SAN DIEGO",2014-07-01,"Summer Food Service Program (FNS418)","SFSP",2014,"WAHUPA EDUCATIONAL ENTERPRISES, INC","PRIVATENONPROFIT","SFSP_LUNCH","SFSP_LUNCH_VENDED",2,14,629,0,0,629,629,44.9286,45,"2014-2015"
"SAN DIEGO",2014-07-01,"Summer Food Service Program (FNS418)","SFSP",2014,"WAHUPA EDUCATIONAL ENTERPRISES, INC","PRIVATENONPROFIT","SFSP_SUPPER","SFSP_SUPPER_VENDED",2,13,599,0,0,599,599,46.0769,47,"2014-2015"
"SAN DIEGO",2014-07-01,"Summer Food Service Program (FNS418)","SFSP",2014,"CAMP OLIVER, INC.","CAMP","SFSP_BREAKFAST","SFSP_BREAKFAST_SELFPREP",1,19,693,0,0,693,693,36.4737,37,"2014-2015"
"SAN DIEGO",2014-07-01,"Summer Food Service Program (FNS418)","SFSP",2014,"CAMP OLIVER, INC.","CAMP","SFSP_LUNCH","SFSP_LUNCH_SELFPREP",1,15,544,0,0,544,544,36.2667,37,"2014-2015"
"SAN DIEGO",2014-07-01,"Summer Food Service Program (FNS418)","SFSP",2014,"CAMP OLIVER, INC.","CAMP","SFSP_SUPPER","SFSP_SUPPER_SELFPREP",1,20,693,0,0,693,693,34.65,35,"2014-2015"
"SAN DIEGO",2014-07-01,"Summer Food Service Program (FNS418)","SFSP",2014,"FEEDING AMERICA SAN DIEGO","PRIVATENONPROFIT","SFSP_LUNCH","SFSP_LUNCH_SELFPREP",6,22,2213,0,0,2213,2213,100.5909,324,"2014-2015"
"SAN DIEGO",2014-07-01,"Summer Food Service Program (FNS418)","SFSP",2014,"FEEDING AMERICA SAN DIEGO","PRIVATENONPROFIT","SFSP_LUNCH","SFSP_LUNCH_VENDED",6,22,4999,0,0,4999,4999,227.2273,324,"2014-2015"
"SAN DIEGO",2014-07-01,"Summer Food Service Program (FNS418)","SFSP",2014,"FEEDING AMERICA SAN DIEGO","PRIVATENONPROFIT","SFSP_SNACK_AM","SFSP_SNACK_AM_VENDED",1,4,565,0,0,565,565,141.25,139,"2014-2015"
"SAN DIEGO",2014-07-01,"Summer Food Service Program (FNS418)","SFSP",2014,"FEEDING AMERICA SAN DIEGO","PRIVATENONPROFIT","SFSP_SNACK_PM","SFSP_SNACK_PM_SELFPREP",3,22,2089,0,0,2089,2089,94.9545,207,"2014-2015"
"SAN DIEGO",2014-07-01,"Summer Food Service Program (FNS418)","SFSP",2014,"FEEDING AMERICA SAN DIEGO","PRIVATENONPROFIT","SFSP_SNACK_PM","SFSP_SNACK_PM_VENDED",3,22,2483,0,0,2483,2483,112.8636,207,"2014-2015"
"SAN DIEGO",2014-07-01,"Summer Food Service Program (FNS418)","SFSP",2014,"SAN DIEGO STATE UNIVERSITY RESEARCH FOUNDATION","PRIVATENONPROFIT","SFSP_BREAKFAST","SFSP_BREAKFAST_VENDED",2,18,1472,0,0,1472,1472,81.7778,82,"2014-2015"
"SAN DIEGO",2014-07-01,"Summer Food Service Program (FNS418)","SFSP",2014,"SAN DIEGO STATE UNIVERSITY RESEARCH FOUNDATION","PRIVATENONPROFIT","SFSP_LUNCH","SFSP_LUNCH_VENDED",2,22,1560,0,0,1560,1560,70.9091,71,"2014-2015"
"SAN DIEGO",2014-07-01,"Summer Food Service Program (FNS418)","SFSP",2014,"SAN DIEGO STATE UNIVERSITY RESEARCH FOUNDATION","PRIVATENONPROFIT","SFSP_SUPPER","SFSP_SUPPER_VENDED",2,13,1090,0,0,1090,1090,83.8462,84,"2014-2015"
"SAN DIEGO",2014-08-01,"Summer Food Service Program (FNS418)","SFSP",2014,"KAREN ORGANIZATION OF SAN DIEGO","PRIVATENONPROFIT","SFSP_LUNCH","SFSP_LUNCH_VENDED",1,16,594,0,0,594,594,37.125,38,"2014-2015"
"SAN DIEGO",2014-08-01,"Summer Food Service Program (FNS418)","SFSP",2014,"KAREN ORGANIZATION OF SAN DIEGO","PRIVATENONPROFIT","SFSP_SNACK_PM","SFSP_SNACK_PM_SELFPREP",1,16,232,0,0,232,232,14.5,15,"2014-2015"
"SAN DIEGO",2014-02-01,"Summer Food Service Program (FNS418)","SFSP",2014,"A B VINES MINISTRIES","PRIVATENONPROFIT","SFSP_CCNSP","SFSP_SNACK_CCNSP_SELFPREP",8,28,5613,0,0,5613,5613,200.4643,197,"2013-2014"
"SAN DIEGO",2014-08-01,"Summer Food Service Program (FNS418)","SFSP",2014,"ESCONDIDO UNION HIGH SCHOOL DISTRICT","PUBPRIVSCHOOL","SFSP_BREAKFAST","SFSP_BREAKFAST_SELFPREP",2,11,1009,0,0,1009,1009,91.7273,90,"2014-2015"
"SAN DIEGO",2014-08-01,"Summer Food Service Program (FNS418)","SFSP",2014,"ESCONDIDO UNION HIGH SCHOOL DISTRICT","PUBPRIVSCHOOL","SFSP_LUNCH","SFSP_LUNCH_SELFPREP",4,11,1737,0,0,1737,1737,157.9091,155,"2014-2015"
"SAN DIEGO",2014-08-01,"Summer Food Service Program (FNS418)","SFSP",2014,"VISTA, CITY OF","GOVERMENT","SFSP_BREAKFAST","SFSP_BREAKFAST_SELFPREP",1,11,773,0,0,773,773,70.2727,69,"2014-2015"
"SAN DIEGO",2014-08-01,"Summer Food Service Program (FNS418)","SFSP",2014,"VISTA, CITY OF","GOVERMENT","SFSP_LUNCH","SFSP_LUNCH_SELFPREP",1,11,826,0,0,826,826,75.0909,74,"2014-2015"
"SAN DIEGO",2014-08-01,"Summer Food Service Program (FNS418)","SFSP",2014,"CSU SAN DIEGO (BEST)","CAMP","SFSP_BREAKFAST","SFSP_BREAKFAST_VENDED",1,8,179,0,0,179,179,22.375,23,"2014-2015"
"SAN DIEGO",2014-08-01,"Summer Food Service Program (FNS418)","SFSP",2014,"CSU SAN DIEGO (BEST)","CAMP","SFSP_LUNCH","SFSP_LUNCH_VENDED",1,8,649,0,0,649,649,81.125,82,"2014-2015"
"SAN DIEGO",2014-08-01,"Summer Food Service Program (FNS418)","SFSP",2014,"CSU SAN DIEGO (BEST)","CAMP","SFSP_SUPPER","SFSP_SUPPER_VENDED",1,7,281,0,0,281,281,40.1429,41,"2014-2015"
"SAN DIEGO",2014-08-01,"Summer Food Service Program (FNS418)","SFSP",2014,"BOYS & GIRLS CLUB OF GREATER SAN DIEGO","PRIVATENONPROFIT","SFSP_LUNCH","SFSP_LUNCH_VENDED",6,21,8547,0,0,8547,8547,407,401,"2014-2015"
"SAN DIEGO",2014-08-01,"Summer Food Service Program (FNS418)","SFSP",2014,"BOYS & GIRLS CLUB OF GREATER SAN DIEGO","PRIVATENONPROFIT","SFSP_CCNSP","SFSP_SNACK_CCNSP_SELFPREP",7,21,9242,0,0,9242,9242,440.0952,441,"2014-2015"
"SAN DIEGO",2014-08-01,"Summer Food Service Program (FNS418)","SFSP",2014,"BOYS & GIRLS CLUB OF GREATER SAN DIEGO","PRIVATENONPROFIT","SFSP_SNACK_PM","SFSP_SNACK_PM_SELFPREP",7,21,3172,0,0,3172,3172,151.0476,595,"2014-2015"
"SAN DIEGO",2014-08-01,"Summer Food Service Program (FNS418)","SFSP",2014,"BOYS & GIRLS CLUB OF GREATER SAN DIEGO","PRIVATENONPROFIT","SFSP_SNACK_PM","SFSP_SNACK_PM_VENDED",7,21,9473,0,0,9473,9473,451.0952,595,"2014-2015"
"SAN DIEGO",2014-08-01,"Summer Food Service Program (FNS418)","SFSP",2014,"UNIVERSITY OF SAN DIEGO TRIO UPWARD BOUND","PRIVATENONPROFIT","SFSP_BREAKFAST","SFSP_BREAKFAST_VENDED",1,6,185,0,0,185,185,30.8333,31,"2014-2015"
"SAN DIEGO",2014-08-01,"Summer Food Service Program (FNS418)","SFSP",2014,"UNIVERSITY OF SAN DIEGO TRIO UPWARD BOUND","PRIVATENONPROFIT","SFSP_LUNCH","SFSP_LUNCH_VENDED",1,4,144,0,0,144,144,36,36,"2014-2015"
"SAN DIEGO",2014-08-01,"Summer Food Service Program (FNS418)","SFSP",2014,"CAMP OLIVER, INC.","CAMP","SFSP_BREAKFAST","SFSP_BREAKFAST_SELFPREP",1,6,254,0,0,254,254,42.3333,43,"2014-2015"
"SAN DIEGO",2014-08-01,"Summer Food Service Program (FNS418)","SFSP",2014,"CAMP OLIVER, INC.","CAMP","SFSP_LUNCH","SFSP_LUNCH_SELFPREP",1,5,216,0,0,216,216,43.2,44,"2014-2015"
"SAN DIEGO",2014-08-01,"Summer Food Service Program (FNS418)","SFSP",2014,"CAMP OLIVER, INC.","CAMP","SFSP_SUPPER","SFSP_SUPPER_SELFPREP",1,5,190,0,0,190,190,38,38,"2014-2015"
"SAN DIEGO",2014-08-01,"Summer Food Service Program (FNS418)","SFSP",2014,"SALVATION ARMY-SAN DIEGO A CALIFORNIA CORPORATION","CAMP","SFSP_BREAKFAST","SFSP_BREAKFAST_SELFPREP",1,2,256,0,0,256,256,128,128,"2014-2015"
"SAN DIEGO",2014-08-01,"Summer Food Service Program (FNS418)","SFSP",2014,"SALVATION ARMY-SAN DIEGO A CALIFORNIA CORPORATION","CAMP","SFSP_LUNCH","SFSP_LUNCH_SELFPREP",2,21,6511,0,0,6511,6511,310.0476,311,"2014-2015"
"SAN DIEGO",2014-08-01,"Summer Food Service Program (FNS418)","SFSP",2014,"SALVATION ARMY-SAN DIEGO A CALIFORNIA CORPORATION","CAMP","SFSP_SUPPER","SFSP_SUPPER_SELFPREP",1,1,128,0,0,128,128,128,128,"2014-2015"
"SAN DIEGO",2014-08-01,"Summer Food Service Program (FNS418)","SFSP",2014,"UNIVERSITY OF SAN DIEGO TRIO UPWARD BOUND","PRIVATENONPROFIT","SFSP_SUPPER","SFSP_SUPPER_VENDED",1,4,142,0,0,142,142,35.5,36,"2014-2015"
"SAN DIEGO",2014-08-01,"Summer Food Service Program (FNS418)","SFSP",2014,"FEEDING AMERICA SAN DIEGO","PRIVATENONPROFIT","SFSP_LUNCH","SFSP_LUNCH_SELFPREP",4,5,565,0,0,565,565,113,315,"2014-2015"
"SAN DIEGO",2014-08-01,"Summer Food Service Program (FNS418)","SFSP",2014,"FEEDING AMERICA SAN DIEGO","PRIVATENONPROFIT","SFSP_LUNCH","SFSP_LUNCH_VENDED",4,5,1031,0,0,1031,1031,206.2,315,"2014-2015"
"SAN DIEGO",2014-08-01,"Summer Food Service Program (FNS418)","SFSP",2014,"FEEDING AMERICA SAN DIEGO","PRIVATENONPROFIT","SFSP_SNACK_AM","SFSP_SNACK_AM_VENDED",1,4,336,0,0,336,336,84,84,"2014-2015"
"SAN DIEGO",2014-08-01,"Summer Food Service Program (FNS418)","SFSP",2014,"FEEDING AMERICA SAN DIEGO","PRIVATENONPROFIT","SFSP_SNACK_PM","SFSP_SNACK_PM_SELFPREP",2,5,552,0,0,552,552,110.4,215,"2014-2015"
"SAN DIEGO",2014-08-01,"Summer Food Service Program (FNS418)","SFSP",2014,"FEEDING AMERICA SAN DIEGO","PRIVATENONPROFIT","SFSP_SNACK_PM","SFSP_SNACK_PM_VENDED",2,5,524,0,0,524,524,104.8,215,"2014-2015"
"SAN DIEGO",2014-08-01,"Summer Food Service Program (FNS418)","SFSP",2014,"HEAVEN'S WINDOWS","PRIVATENONPROFIT","SFSP_LUNCH","SFSP_LUNCH_SELFPREP",5,7,601,0,0,601,601,85.8571,85,"2014-2015"
"SAN DIEGO",2014-08-01,"Summer Food Service Program (FNS418)","SFSP",2014,"HEAVEN'S WINDOWS","PRIVATENONPROFIT","SFSP_SNACK_AM","SFSP_SNACK_AM_SELFPREP",3,14,1199,0,0,1199,1199,85.6429,84,"2014-2015"
"SAN DIEGO",2014-08-01,"Summer Food Service Program (FNS418)","SFSP",2014,"HEAVEN'S WINDOWS","PRIVATENONPROFIT","SFSP_CCNSP","SFSP_SNACK_CCNSP_SELFPREP",5,17,2463,0,0,2463,2463,144.8824,143,"2014-2015"
"SAN DIEGO",2014-08-01,"Summer Food Service Program (FNS418)","SFSP",2014,"HEAVEN'S WINDOWS","PRIVATENONPROFIT","SFSP_SNACK_PM","SFSP_SNACK_PM_SELFPREP",1,6,640,0,0,640,640,106.6667,107,"2014-2015"
"SAN DIEGO",2014-08-01,"Summer Food Service Program (FNS418)","SFSP",2014,"HEAVEN'S WINDOWS","PRIVATENONPROFIT","SFSP_SUPPER","SFSP_SUPPER_SELFPREP",1,6,800,0,0,800,800,133.3333,134,"2014-2015"
"SAN DIEGO",2014-09-01,"Summer Food Service Program (FNS418)","SFSP",2014,"BOYS & GIRLS CLUB OF GREATER SAN DIEGO","PRIVATENONPROFIT","SFSP_CCNSP","SFSP_SNACK_CCNSP_SELFPREP",11,21,26133,0,0,26133,26133,1244.4286,1245,"2014-2015"
"SAN DIEGO",2014-09-01,"Summer Food Service Program (FNS418)","SFSP",2014,"HEAVEN'S WINDOWS","PRIVATENONPROFIT","SFSP_CCNSP","SFSP_SNACK_CCNSP_SELFPREP",8,22,4818,0,0,4818,4818,219,215,"2014-2015"
