"county","fnsreportdate","fnssubtype","programcode","ProgramGroupYear","sponsorname","sponsortype_a","sponsortype_b","mealgroupcode","mealtypecode","siteqty","daysservedqty","freeeligqty","redceligqty","paideligqty","mlsservedfree","mlsservedredc","mlsservedpaid","mlsservedtotal","avgdailymeals","academicyear"
"SAN DIEGO",2016-06-01,"90DAY","SSFO",2016,"ESCONDIDO UNION SCHOOL DISTRICT","SCHOOL","PUBLIC","SSFO_BREAKFAST","SSFO_BREAKFAST_SEVERENEED",1,4,0,0,181,22,0,0,22,5.5,"2015-2016"
"SAN DIEGO",2016-06-01,"90DAY","SSFO",2016,"ESCONDIDO UNION SCHOOL DISTRICT","SCHOOL","PUBLIC","SSFO_LUNCH","SSFO_LUNCH",1,4,0,0,181,552,0,0,552,138,"2015-2016"
"SAN DIEGO",2016-06-01,"90DAY","SSFO",2016,"LEMON GROVE SCHOOL DISTRICT","SCHOOL","PUBLIC","SSFO_LUNCH","SSFO_LUNCH",3,14,0,0,360,3024,0,0,3024,288.86,"2015-2016"
"SAN DIEGO",2016-06-01,"90DAY","SSFO",2016,"SWEETWATER UNION HIGH SCHOOL DISTRICT","SCHOOL","PUBLIC","SSFO_LUNCH","SSFO_LUNCH",12,19,0,0,34158,34158,0,0,34158,2181.47,"2015-2016"
"SAN DIEGO",2016-06-01,"90DAY","SSFO",2016,"VISTA UNIFIED SCHOOL DISTRICT","SCHOOL","PUBLIC","SSFO_BREAKFAST","SSFO_BREAKFAST_SEVERENEED",3,18,0,0,301,4533,0,0,4533,299.52,"2015-2016"
"SAN DIEGO",2016-06-01,"90DAY","SSFO",2016,"VISTA UNIFIED SCHOOL DISTRICT","SCHOOL","PUBLIC","SSFO_LUNCH","SSFO_LUNCH",15,19,0,0,1690,25085,0,0,25085,1683.03,"2015-2016"
"SAN DIEGO",2016-06-01,"90DAY","SSFO",2016,"VISTA UNIFIED SCHOOL DISTRICT","SCHOOL","PUBLIC","SSFO_SNACKPM","SSFO_SNACKPM",1,19,0,0,123,2337,0,0,2337,123,"2015-2016"
"SAN DIEGO",2016-07-01,"90DAY","SSFO",2016,"CARLSBAD UNIFIED SCHOOL DISTRICT","SCHOOL","PUBLIC","SSFO_LUNCH","SSFO_LUNCH",2,20,0,0,325,4042,0,0,4042,210.28,"2016-2017"
"SAN DIEGO",2016-07-01,"90DAY","SSFO",2016,"CARLSBAD UNIFIED SCHOOL DISTRICT","SCHOOL","PUBLIC","SSFO_SNACKPM","SSFO_SNACKPM",1,20,0,0,225,3628,0,0,3628,181.4,"2016-2017"
"SAN DIEGO",2016-07-01,"90DAY","SSFO",2016,"SAN DIEGO UNIFIED SCHOOL DISTRICT","SCHOOL","PUBLIC","SSFO_BREAKFAST","SSFO_BREAKFAST_SEVERENEED",18,20,0,0,2069,22086,0,0,22086,1762.12,"2016-2017"
"SAN DIEGO",2016-07-01,"90DAY","SSFO",2016,"SAN DIEGO UNIFIED SCHOOL DISTRICT","SCHOOL","PUBLIC","SSFO_LUNCH","SSFO_LUNCH",79,20,0,0,6977,82321,0,0,82321,5853.21,"2016-2017"
"SAN DIEGO",2016-07-01,"90DAY","SSFO",2016,"SAN DIEGO UNIFIED SCHOOL DISTRICT","SCHOOL","PUBLIC","SSFO_SNACKPM","SSFO_SNACKPM",57,20,0,0,2920,34148,0,0,34148,2484.61,"2016-2017"
"SAN DIEGO",2016-07-01,"90DAY","SSFO",2016,"LAKESIDE UNION ELEMENTARY SCHOOL DISTRICT","SCHOOL","PUBLIC","SSFO_BREAKFAST","SSFO_BREAKFAST_SEVERENEED",1,19,0,0,505,2788,0,0,2788,146.74,"2016-2017"
"SAN DIEGO",2016-07-01,"90DAY","SSFO",2016,"LAKESIDE UNION ELEMENTARY SCHOOL DISTRICT","SCHOOL","PUBLIC","SSFO_LUNCH","SSFO_LUNCH",1,19,0,0,505,3723,0,0,3723,195.95,"2016-2017"
"SAN DIEGO",2016-06-01,"90DAY","SSFO",2016,"BELLA MENTE CHARTER SCHOOL","SCHOOL","PUBLIC","SSFO_BREAKFAST","SSFO_BREAKFAST",1,12,0,0,25,152,0,0,152,12.67,"2015-2016"
"SAN DIEGO",2016-06-01,"90DAY","SSFO",2016,"BELLA MENTE CHARTER SCHOOL","SCHOOL","PUBLIC","SSFO_LUNCH","SSFO_LUNCH",1,12,0,0,80,371,0,0,371,30.92,"2015-2016"
"SAN DIEGO",2016-06-01,"90DAY","SSFO",2016,"LA MESA-SPRING VALLEY SCHOOL DISTRICT","SCHOOL","PUBLIC","SSFO_BREAKFAST","SSFO_BREAKFAST_SEVERENEED",1,9,0,0,50,378,0,0,378,42,"2015-2016"
"SAN DIEGO",2016-06-01,"90DAY","SSFO",2016,"LA MESA-SPRING VALLEY SCHOOL DISTRICT","SCHOOL","PUBLIC","SSFO_LUNCH","SSFO_LUNCH",8,9,0,0,617,3277,0,0,3277,364.11,"2015-2016"
"SAN DIEGO",2016-06-01,"90DAY","SSFO",2016,"LA MESA-SPRING VALLEY SCHOOL DISTRICT","SCHOOL","PUBLIC","SSFO_SNACKPM","SSFO_SNACKPM",6,9,0,0,517,2888,0,0,2888,320.89,"2015-2016"
"SAN DIEGO",2016-06-01,"90DAY","SSFO",2016,"OCEANSIDE UNIFIED SCHOOL DISTRICT","SCHOOL","PUBLIC","SSFO_BREAKFAST","SSFO_BREAKFAST_SEVERENEED",18,19,0,0,1393,18329,0,0,18329,1005.19,"2015-2016"
"SAN DIEGO",2016-06-01,"90DAY","SSFO",2016,"OCEANSIDE UNIFIED SCHOOL DISTRICT","SCHOOL","PUBLIC","SSFO_LUNCH","SSFO_LUNCH",19,19,0,0,3031,41570,0,0,41570,2311.71,"2015-2016"
"SAN DIEGO",2016-06-01,"90DAY","SSFO",2016,"OCEANSIDE UNIFIED SCHOOL DISTRICT","SCHOOL","PUBLIC","SSFO_SNACKPM","SSFO_SNACKPM",1,19,0,0,265,3694,0,0,3694,194.42,"2015-2016"
"SAN DIEGO",2016-07-01,"90DAY","SSFO",2016,"SAN MARCOS UNIFIED SCHOOL DISTRICT","SCHOOL","PUBLIC","SSFO_BREAKFAST","SSFO_BREAKFAST_SEVERENEED",2,20,0,0,578,8346,0,0,8346,417.3,"2016-2017"
"SAN DIEGO",2016-07-01,"90DAY","SSFO",2016,"SAN MARCOS UNIFIED SCHOOL DISTRICT","SCHOOL","PUBLIC","SSFO_LUNCH","SSFO_LUNCH",4,20,0,0,1649,25076,0,0,25076,1253.8,"2016-2017"
"SAN DIEGO",2016-07-01,"90DAY","SSFO",2016,"BELLA MENTE CHARTER SCHOOL","SCHOOL","PUBLIC","SSFO_BREAKFAST","SSFO_BREAKFAST",1,19,0,0,25,177,0,0,177,9.32,"2016-2017"
"SAN DIEGO",2016-07-01,"90DAY","SSFO",2016,"BELLA MENTE CHARTER SCHOOL","SCHOOL","PUBLIC","SSFO_LUNCH","SSFO_LUNCH",1,19,0,0,80,882,0,0,882,46.42,"2016-2017"
"SAN DIEGO",2016-07-01,"90DAY","SSFO",2016,"FALLBROOK UNION ELEMENTARY SCHOOL DISTRICT","SCHOOL","PUBLIC","SSFO_BREAKFAST","SSFO_BREAKFAST_SEVERENEED",1,5,0,0,478,478,0,0,478,95.6,"2016-2017"
"SAN DIEGO",2016-07-01,"90DAY","SSFO",2016,"FALLBROOK UNION ELEMENTARY SCHOOL DISTRICT","SCHOOL","PUBLIC","SSFO_LUNCH","SSFO_LUNCH",2,20,0,0,4067,4067,0,0,4067,203.35,"2016-2017"
"SAN DIEGO",2016-07-01,"90DAY","SSFO",2016,"SWEETWATER UNION HIGH SCHOOL DISTRICT","SCHOOL","PUBLIC","SSFO_LUNCH","SSFO_LUNCH",4,5,0,0,6887,6887,0,0,6887,1377.4,"2016-2017"
"SAN DIEGO",2016-07-01,"90DAY","SSFO",2016,"GROSSMONT UNION HIGH SCHOOL DISTRICT","SCHOOL","PUBLIC","SSFO_BREAKFAST","SSFO_BREAKFAST",1,20,0,0,250,4219,0,0,4219,210.95,"2016-2017"
"SAN DIEGO",2016-07-01,"90DAY","SSFO",2016,"GROSSMONT UNION HIGH SCHOOL DISTRICT","SCHOOL","PUBLIC","SSFO_BREAKFAST","SSFO_BREAKFAST_SEVERENEED",18,20,0,0,4253,20316,0,0,20316,1290.5,"2016-2017"
"SAN DIEGO",2016-07-01,"90DAY","SSFO",2016,"GROSSMONT UNION HIGH SCHOOL DISTRICT","SCHOOL","PUBLIC","SSFO_LUNCH","SSFO_LUNCH",21,20,0,0,4953,43510,0,0,43510,3018.55,"2016-2017"
"SAN DIEGO",2016-07-01,"90DAY","SSFO",2016,"GROSSMONT UNION HIGH SCHOOL DISTRICT","SCHOOL","PUBLIC","SSFO_SNACKPM","SSFO_SNACKPM",2,20,0,0,450,6539,0,0,6539,326.95,"2016-2017"
"SAN DIEGO",2016-07-01,"90DAY","SSFO",2016,"LEMON GROVE SCHOOL DISTRICT","SCHOOL","PUBLIC","SSFO_LUNCH","SSFO_LUNCH",3,10,0,0,360,1864,0,0,1864,256.6,"2016-2017"
"SAN DIEGO",2016-07-01,"90DAY","SSFO",2016,"OCEANSIDE UNIFIED SCHOOL DISTRICT","SCHOOL","PUBLIC","SSFO_BREAKFAST","SSFO_BREAKFAST_SEVERENEED",18,20,0,0,1899,7923,0,0,7923,815.38,"2016-2017"
"SAN DIEGO",2016-07-01,"90DAY","SSFO",2016,"OCEANSIDE UNIFIED SCHOOL DISTRICT","SCHOOL","PUBLIC","SSFO_LUNCH","SSFO_LUNCH",20,20,0,0,2301,22525,0,0,22525,1929.97,"2016-2017"
"SAN DIEGO",2016-07-01,"90DAY","SSFO",2016,"OCEANSIDE UNIFIED SCHOOL DISTRICT","SCHOOL","PUBLIC","SSFO_SNACKPM","SSFO_SNACKPM",1,20,0,0,255,3802,0,0,3802,190.1,"2016-2017"
"SAN DIEGO",2016-07-01,"90DAY","SSFO",2016,"VISTA UNIFIED SCHOOL DISTRICT","SCHOOL","PUBLIC","SSFO_BREAKFAST","SSFO_BREAKFAST_SEVERENEED",3,20,0,0,116,2247,0,0,2247,115.31,"2016-2017"
"SAN DIEGO",2016-07-01,"90DAY","SSFO",2016,"VISTA UNIFIED SCHOOL DISTRICT","SCHOOL","PUBLIC","SSFO_LUNCH","SSFO_LUNCH",12,20,0,0,1139,21056,0,0,21056,1133.63,"2016-2017"
"SAN DIEGO",2016-07-01,"90DAY","SSFO",2016,"VISTA UNIFIED SCHOOL DISTRICT","SCHOOL","PUBLIC","SSFO_SNACKPM","SSFO_SNACKPM",1,19,0,0,134,2544,0,0,2544,133.89,"2016-2017"
"SAN DIEGO",2016-07-01,"90DAY","SSFO",2016,"ESCONDIDO UNION SCHOOL DISTRICT","SCHOOL","PUBLIC","SSFO_BREAKFAST","SSFO_BREAKFAST_SEVERENEED",8,19,0,0,1474,8289,0,0,8289,588.65,"2016-2017"
"SAN DIEGO",2016-07-01,"90DAY","SSFO",2016,"ESCONDIDO UNION SCHOOL DISTRICT","SCHOOL","PUBLIC","SSFO_LUNCH","SSFO_LUNCH",8,19,0,0,1474,15092,0,0,15092,1032.64,"2016-2017"
"SAN DIEGO",2016-07-01,"90DAY","SSFO",2016,"RAMONA CITY UNIFIED SCHOOL DISTRICT","SCHOOL","PUBLIC","SSFO_LUNCH","SSFO_LUNCH",2,10,0,0,484,3788,0,0,3788,378.8,"2016-2017"
"SAN DIEGO",2016-07-01,"90DAY","SSFO",2016,"LA MESA-SPRING VALLEY SCHOOL DISTRICT","SCHOOL","PUBLIC","SSFO_BREAKFAST","SSFO_BREAKFAST_SEVERENEED",1,20,0,0,65,917,0,0,917,45.85,"2016-2017"
"SAN DIEGO",2016-07-01,"90DAY","SSFO",2016,"LA MESA-SPRING VALLEY SCHOOL DISTRICT","SCHOOL","PUBLIC","SSFO_LUNCH","SSFO_LUNCH",8,20,0,0,732,8576,0,0,8576,428.8,"2016-2017"
"SAN DIEGO",2016-07-01,"90DAY","SSFO",2016,"LA MESA-SPRING VALLEY SCHOOL DISTRICT","SCHOOL","PUBLIC","SSFO_SNACKPM","SSFO_SNACKPM",6,20,0,0,602,6649,0,0,6649,332.45,"2016-2017"
"SAN DIEGO",2016-07-01,"90DAY","SSFO",2016,"SOUTH BAY UNION SCHOOL DISTRICT","SCHOOL","PUBLIC","SSFO_BREAKFAST","SSFO_BREAKFAST_SEVERENEED",1,1,0,0,75,75,0,0,75,75,"2016-2017"
"SAN DIEGO",2016-07-01,"90DAY","SSFO",2016,"SOUTH BAY UNION SCHOOL DISTRICT","SCHOOL","PUBLIC","SSFO_LUNCH","SSFO_LUNCH",14,12,0,0,1084,7860,0,0,7860,714.42,"2016-2017"
"SAN DIEGO",2016-07-01,"90DAY","SSFO",2016,"SOUTH BAY UNION SCHOOL DISTRICT","SCHOOL","PUBLIC","SSFO_SNACKAM","SSFO_SNACKAM",4,10,0,0,393,3442,0,0,3442,344.2,"2016-2017"
"SAN DIEGO",2016-07-01,"90DAY","SSFO",2016,"SOUTH BAY UNION SCHOOL DISTRICT","SCHOOL","PUBLIC","SSFO_SNACKPM","SSFO_SNACKPM",9,12,0,0,385,3589,0,0,3589,299.08,"2016-2017"
"SAN DIEGO",2016-07-01,"90DAY","SSFO",2016,"CAJON VALLEY UNION SCHOOL DISTRICT","SCHOOL","PUBLIC","SSFO_BREAKFAST","SSFO_BREAKFAST_SEVERENEED",1,15,0,0,2614,2614,0,0,2614,174.27,"2016-2017"
"SAN DIEGO",2016-07-01,"90DAY","SSFO",2016,"CAJON VALLEY UNION SCHOOL DISTRICT","SCHOOL","PUBLIC","SSFO_LUNCH","SSFO_LUNCH",8,20,0,0,18675,18675,0,0,18675,944.85,"2016-2017"
"SAN DIEGO",2016-07-01,"90DAY","SSFO",2016,"CAJON VALLEY UNION SCHOOL DISTRICT","SCHOOL","PUBLIC","SSFO_SNACKPM","SSFO_SNACKPM",2,19,0,0,2696,2696,0,0,2696,141.89,"2016-2017"
"SAN DIEGO",2016-07-01,"90DAY","SSFO",2016,"MOUNTAIN EMPIRE UNIFIED SCHOOL DISTRICT","SCHOOL","PUBLIC","SSFO_LUNCH","SSFO_LUNCH",1,15,0,0,40,354,0,0,354,23.6,"2016-2017"
"SAN DIEGO",2016-07-01,"90DAY","SSFO",2016,"CHULA VISTA ELEMENTARY SCHOOL DISTRICT","SCHOOL","PUBLIC","SSFO_BREAKFAST","SSFO_BREAKFAST_SEVERENEED",2,5,0,0,243,1168,0,0,1168,233.6,"2016-2017"
"SAN DIEGO",2016-07-01,"90DAY","SSFO",2016,"CHULA VISTA ELEMENTARY SCHOOL DISTRICT","SCHOOL","PUBLIC","SSFO_LUNCH","SSFO_LUNCH",4,5,0,0,411,1622,0,0,1622,324.4,"2016-2017"
"SAN DIEGO",2016-07-01,"90DAY","SSFO",2016,"CHULA VISTA ELEMENTARY SCHOOL DISTRICT","SCHOOL","PUBLIC","SSFO_SNACKPM","SSFO_SNACKPM",2,5,0,0,46,182,0,0,182,36.4,"2016-2017"
"SAN DIEGO",2016-09-01,"90DAY","SSFO",2016,"CHULA VISTA ELEMENTARY SCHOOL DISTRICT","SCHOOL","PUBLIC","SSFO_BREAKFAST","SSFO_BREAKFAST_SEVERENEED",1,10,0,0,63,464,0,0,464,46.4,"2016-2017"
"SAN DIEGO",2016-09-01,"90DAY","SSFO",2016,"CHULA VISTA ELEMENTARY SCHOOL DISTRICT","SCHOOL","PUBLIC","SSFO_LUNCH","SSFO_LUNCH",1,10,0,0,74,616,0,0,616,61.6,"2016-2017"
"SAN DIEGO",2015-10-01,"90DAY","SSFO",2016,"CHULA VISTA ELEMENTARY SCHOOL DISTRICT","SCHOOL","PUBLIC","SSFO_BREAKFAST","SSFO_BREAKFAST_SEVERENEED",1,2,0,0,51,100,0,0,100,50,"2015-2016"
"SAN DIEGO",2015-10-01,"90DAY","SSFO",2016,"CHULA VISTA ELEMENTARY SCHOOL DISTRICT","SCHOOL","PUBLIC","SSFO_LUNCH","SSFO_LUNCH",1,2,0,0,71,134,0,0,134,67,"2015-2016"
"SAN DIEGO",2015-10-01,"90DAY","SSFO",2016,"LA MESA-SPRING VALLEY SCHOOL DISTRICT","SCHOOL","PUBLIC","SSFO_LUNCH","SSFO_LUNCH",6,10,0,0,847,3724,0,0,3724,372.4,"2015-2016"
"SAN DIEGO",2015-10-01,"90DAY","SSFO",2016,"LA MESA-SPRING VALLEY SCHOOL DISTRICT","SCHOOL","PUBLIC","SSFO_SNACKPM","SSFO_SNACKPM",6,10,0,0,847,4920,0,0,4920,492,"2015-2016"
"SAN DIEGO",2016-06-01,"90DAY","SSFO",2016,"SAN MARCOS UNIFIED SCHOOL DISTRICT","SCHOOL","PUBLIC","SSFO_BREAKFAST","SSFO_BREAKFAST_SEVERENEED",2,4,0,0,360,1249,0,0,1249,312.25,"2015-2016"
"SAN DIEGO",2016-06-01,"90DAY","SSFO",2016,"SAN MARCOS UNIFIED SCHOOL DISTRICT","SCHOOL","PUBLIC","SSFO_LUNCH","SSFO_LUNCH",4,4,0,0,1288,4647,0,0,4647,1161.75,"2015-2016"
"SAN DIEGO",2016-06-01,"90DAY","SSFO",2016,"RAMONA CITY UNIFIED SCHOOL DISTRICT","SCHOOL","PUBLIC","SSFO_LUNCH","SSFO_LUNCH",2,14,0,0,620,5123,0,0,5123,365.93,"2015-2016"
"SAN DIEGO",2016-06-01,"90DAY","SSFO",2016,"FALLBROOK UNION ELEMENTARY SCHOOL DISTRICT","SCHOOL","PUBLIC","SSFO_BREAKFAST","SSFO_BREAKFAST_SEVERENEED",1,15,0,0,1354,1354,0,0,1354,90.27,"2015-2016"
"SAN DIEGO",2016-06-01,"90DAY","SSFO",2016,"FALLBROOK UNION ELEMENTARY SCHOOL DISTRICT","SCHOOL","PUBLIC","SSFO_LUNCH","SSFO_LUNCH",2,15,0,0,5093,5093,0,0,5093,339.53,"2015-2016"
"SAN DIEGO",2016-06-01,"90DAY","SSFO",2016,"GROSSMONT UNION HIGH SCHOOL DISTRICT","SCHOOL","PUBLIC","SSFO_BREAKFAST","SSFO_BREAKFAST",1,4,0,0,250,976,0,0,976,244,"2015-2016"
"SAN DIEGO",2016-06-01,"90DAY","SSFO",2016,"GROSSMONT UNION HIGH SCHOOL DISTRICT","SCHOOL","PUBLIC","SSFO_BREAKFAST","SSFO_BREAKFAST_SEVERENEED",19,19,0,0,21613,11969,0,0,11969,1533.96,"2015-2016"
"SAN DIEGO",2016-06-01,"90DAY","SSFO",2016,"GROSSMONT UNION HIGH SCHOOL DISTRICT","SCHOOL","PUBLIC","SSFO_LUNCH","SSFO_LUNCH",22,19,0,0,22193,31115,0,0,31115,3804.37,"2015-2016"
"SAN DIEGO",2016-06-01,"90DAY","SSFO",2016,"GROSSMONT UNION HIGH SCHOOL DISTRICT","SCHOOL","PUBLIC","SSFO_SNACKPM","SSFO_SNACKPM",2,6,0,0,320,1305,0,0,1305,310,"2015-2016"
"SAN DIEGO",2016-08-01,"90DAY","SSFO",2016,"GROSSMONT UNION HIGH SCHOOL DISTRICT","SCHOOL","PUBLIC","SSFO_BREAKFAST","SSFO_BREAKFAST",1,5,0,0,250,1200,0,0,1200,240,"2016-2017"
"SAN DIEGO",2016-08-01,"90DAY","SSFO",2016,"GROSSMONT UNION HIGH SCHOOL DISTRICT","SCHOOL","PUBLIC","SSFO_BREAKFAST","SSFO_BREAKFAST_SEVERENEED",6,15,0,0,2847,6160,0,0,6160,609.52,"2016-2017"
"SAN DIEGO",2016-08-01,"90DAY","SSFO",2016,"GROSSMONT UNION HIGH SCHOOL DISTRICT","SCHOOL","PUBLIC","SSFO_LUNCH","SSFO_LUNCH",10,15,0,0,5136,10975,0,0,10975,1121.41,"2016-2017"
"SAN DIEGO",2016-08-01,"90DAY","SSFO",2016,"GROSSMONT UNION HIGH SCHOOL DISTRICT","SCHOOL","PUBLIC","SSFO_SNACKPM","SSFO_SNACKPM",2,13,0,0,400,2073,0,0,2073,196.11,"2016-2017"
"SAN DIEGO",2016-08-01,"90DAY","SSFO",2016,"FALLBROOK UNION ELEMENTARY SCHOOL DISTRICT","SCHOOL","PUBLIC","SSFO_LUNCH","SSFO_LUNCH",2,5,0,0,700,700,0,0,700,140,"2016-2017"
"SAN DIEGO",2016-08-01,"90DAY","SSFO",2016,"LAKESIDE UNION ELEMENTARY SCHOOL DISTRICT","SCHOOL","PUBLIC","SSFO_BREAKFAST","SSFO_BREAKFAST_SEVERENEED",1,20,0,0,505,1671,0,0,1671,83.55,"2016-2017"
"SAN DIEGO",2016-08-01,"90DAY","SSFO",2016,"LAKESIDE UNION ELEMENTARY SCHOOL DISTRICT","SCHOOL","PUBLIC","SSFO_LUNCH","SSFO_LUNCH",1,20,0,0,505,2848,0,0,2848,142.4,"2016-2017"
"SAN DIEGO",2016-08-01,"90DAY","SSFO",2016,"LA MESA-SPRING VALLEY SCHOOL DISTRICT","SCHOOL","PUBLIC","SSFO_BREAKFAST","SSFO_BREAKFAST_SEVERENEED",1,10,0,0,65,550,0,0,550,55,"2016-2017"
"SAN DIEGO",2016-08-01,"90DAY","SSFO",2016,"LA MESA-SPRING VALLEY SCHOOL DISTRICT","SCHOOL","PUBLIC","SSFO_LUNCH","SSFO_LUNCH",8,10,0,0,678,3855,0,0,3855,385.5,"2016-2017"
"SAN DIEGO",2016-08-01,"90DAY","SSFO",2016,"LA MESA-SPRING VALLEY SCHOOL DISTRICT","SCHOOL","PUBLIC","SSFO_SNACKPM","SSFO_SNACKPM",6,10,0,0,548,3031,0,0,3031,303.1,"2016-2017"
"SAN DIEGO",2016-08-01,"90DAY","SSFO",2016,"SAN MARCOS UNIFIED SCHOOL DISTRICT","SCHOOL","PUBLIC","SSFO_BREAKFAST","SSFO_BREAKFAST_SEVERENEED",1,10,0,0,87,657,0,0,657,65.7,"2016-2017"
"SAN DIEGO",2016-08-01,"90DAY","SSFO",2016,"SAN MARCOS UNIFIED SCHOOL DISTRICT","SCHOOL","PUBLIC","SSFO_LUNCH","SSFO_LUNCH",2,10,0,0,663,4313,0,0,4313,566.15,"2016-2017"
"SAN DIEGO",2016-08-01,"90DAY","SSFO",2016,"SAN DIEGO UNIFIED SCHOOL DISTRICT","SCHOOL","PUBLIC","SSFO_BREAKFAST","SSFO_BREAKFAST_SEVERENEED",11,15,0,0,1453,14394,0,0,14394,1256.13,"2016-2017"
"SAN DIEGO",2016-08-01,"90DAY","SSFO",2016,"SAN DIEGO UNIFIED SCHOOL DISTRICT","SCHOOL","PUBLIC","SSFO_LUNCH","SSFO_LUNCH",58,15,0,0,4712,56131,0,0,56131,4088.33,"2016-2017"
"SAN DIEGO",2016-08-01,"90DAY","SSFO",2016,"SAN DIEGO UNIFIED SCHOOL DISTRICT","SCHOOL","PUBLIC","SSFO_SNACKPM","SSFO_SNACKPM",43,15,0,0,1889,24306,0,0,24306,1620.4,"2016-2017"
"SAN DIEGO",2016-08-01,"90DAY","SSFO",2016,"OCEANSIDE UNIFIED SCHOOL DISTRICT","SCHOOL","PUBLIC","SSFO_BREAKFAST","SSFO_BREAKFAST_SEVERENEED",8,9,0,0,930,2988,0,0,2988,450.7,"2016-2017"
"SAN DIEGO",2016-08-01,"90DAY","SSFO",2016,"OCEANSIDE UNIFIED SCHOOL DISTRICT","SCHOOL","PUBLIC","SSFO_LUNCH","SSFO_LUNCH",10,9,0,0,1285,8029,0,0,8029,1056.33,"2016-2017"
"SAN DIEGO",2016-08-01,"90DAY","SSFO",2016,"OCEANSIDE UNIFIED SCHOOL DISTRICT","SCHOOL","PUBLIC","SSFO_SNACKPM","SSFO_SNACKPM",1,9,0,0,230,1641,0,0,1641,182.33,"2016-2017"
"SAN DIEGO",2016-08-01,"90DAY","SSFO",2016,"CARLSBAD UNIFIED SCHOOL DISTRICT","SCHOOL","PUBLIC","SSFO_LUNCH","SSFO_LUNCH",1,15,0,0,225,2559,0,0,2559,170.6,"2016-2017"
"SAN DIEGO",2016-08-01,"90DAY","SSFO",2016,"CARLSBAD UNIFIED SCHOOL DISTRICT","SCHOOL","PUBLIC","SSFO_SNACKPM","SSFO_SNACKPM",1,15,0,0,225,2801,0,0,2801,186.73,"2016-2017"
"SAN DIEGO",2016-01-01,"90DAY","SSFO",2016,"SAN DIEGO UNIFIED SCHOOL DISTRICT","SCHOOL","PUBLIC","SSFO_LUNCH","SSFO_LUNCH",10,10,0,0,307,2380,0,0,2380,238,"2015-2016"
"SAN DIEGO",2016-01-01,"90DAY","SSFO",2016,"SAN DIEGO UNIFIED SCHOOL DISTRICT","SCHOOL","PUBLIC","SSFO_SNACKPM","SSFO_SNACKPM",9,10,0,0,276,2438,0,0,2438,243.8,"2015-2016"
"SAN DIEGO",2016-08-01,"90DAY","SSFO",2016,"VISTA UNIFIED SCHOOL DISTRICT","SCHOOL","PUBLIC","SSFO_LUNCH","SSFO_LUNCH",5,5,0,0,393,1957,0,0,1957,391.4,"2016-2017"
"SAN DIEGO",2016-08-01,"90DAY","SSFO",2016,"VISTA UNIFIED SCHOOL DISTRICT","SCHOOL","PUBLIC","SSFO_SNACKPM","SSFO_SNACKPM",1,5,0,0,134,668,0,0,668,133.6,"2016-2017"
"SAN DIEGO",2016-03-01,"90DAY","SSFO",2016,"SAN DIEGO UNIFIED SCHOOL DISTRICT","SCHOOL","PUBLIC","SSFO_LUNCH","SSFO_LUNCH",10,4,0,0,377,1183,0,0,1183,295.75,"2015-2016"
"SAN DIEGO",2016-03-01,"90DAY","SSFO",2016,"SAN DIEGO UNIFIED SCHOOL DISTRICT","SCHOOL","PUBLIC","SSFO_SNACKPM","SSFO_SNACKPM",9,4,0,0,320,1059,0,0,1059,264.75,"2015-2016"
"SAN DIEGO",2016-03-01,"90DAY","SSFO",2016,"LA MESA-SPRING VALLEY SCHOOL DISTRICT","SCHOOL","PUBLIC","SSFO_LUNCH","SSFO_LUNCH",6,8,0,0,514,2163,0,0,2163,270.38,"2015-2016"
"SAN DIEGO",2016-03-01,"90DAY","SSFO",2016,"LA MESA-SPRING VALLEY SCHOOL DISTRICT","SCHOOL","PUBLIC","SSFO_SNACKPM","SSFO_SNACKPM",6,8,0,0,514,2695,0,0,2695,336.88,"2015-2016"
"SAN DIEGO",2016-04-01,"90DAY","SSFO",2016,"SAN DIEGO UNIFIED SCHOOL DISTRICT","SCHOOL","PUBLIC","SSFO_LUNCH","SSFO_LUNCH",10,10,0,0,365,3324,0,0,3324,332.4,"2015-2016"
"SAN DIEGO",2016-04-01,"90DAY","SSFO",2016,"SAN DIEGO UNIFIED SCHOOL DISTRICT","SCHOOL","PUBLIC","SSFO_SNACKPM","SSFO_SNACKPM",9,10,0,0,284,2675,0,0,2675,267.5,"2015-2016"
"SAN DIEGO",2016-04-01,"90DAY","SSFO",2016,"LA MESA-SPRING VALLEY SCHOOL DISTRICT","SCHOOL","PUBLIC","SSFO_LUNCH","SSFO_LUNCH",2,1,0,0,205,89,0,0,89,89,"2015-2016"
"SAN DIEGO",2016-04-01,"90DAY","SSFO",2016,"LA MESA-SPRING VALLEY SCHOOL DISTRICT","SCHOOL","PUBLIC","SSFO_SNACKPM","SSFO_SNACKPM",6,1,0,0,514,312,0,0,312,312,"2015-2016"
"SAN DIEGO",2016-06-01,"90DAY","SSFO",2016,"CARLSBAD UNIFIED SCHOOL DISTRICT","SCHOOL","PUBLIC","SSFO_LUNCH","SSFO_LUNCH",2,9,0,0,310,1787,0,0,1787,201.36,"2015-2016"
"SAN DIEGO",2016-06-01,"90DAY","SSFO",2016,"CARLSBAD UNIFIED SCHOOL DISTRICT","SCHOOL","PUBLIC","SSFO_SNACKPM","SSFO_SNACKPM",1,9,0,0,250,1408,0,0,1408,156.44,"2015-2016"
"SAN DIEGO",2016-06-01,"90DAY","SSFO",2016,"CHULA VISTA ELEMENTARY SCHOOL DISTRICT","SCHOOL","PUBLIC","SSFO_BREAKFAST","SSFO_BREAKFAST_SEVERENEED",2,8,0,0,263,1968,0,0,1968,246,"2015-2016"
"SAN DIEGO",2016-06-01,"90DAY","SSFO",2016,"CHULA VISTA ELEMENTARY SCHOOL DISTRICT","SCHOOL","PUBLIC","SSFO_LUNCH","SSFO_LUNCH",4,19,0,0,433,3804,0,0,3804,361.09,"2015-2016"
"SAN DIEGO",2016-06-01,"90DAY","SSFO",2016,"CHULA VISTA ELEMENTARY SCHOOL DISTRICT","SCHOOL","PUBLIC","SSFO_SNACKPM","SSFO_SNACKPM",2,19,0,0,67,643,0,0,643,33.84,"2015-2016"
"SAN DIEGO",2016-06-01,"90DAY","SSFO",2016,"SAN DIEGO UNIFIED SCHOOL DISTRICT","SCHOOL","PUBLIC","SSFO_BREAKFAST","SSFO_BREAKFAST_SEVERENEED",12,8,0,0,1282,3762,0,0,3762,895.5,"2015-2016"
"SAN DIEGO",2016-06-01,"90DAY","SSFO",2016,"SAN DIEGO UNIFIED SCHOOL DISTRICT","SCHOOL","PUBLIC","SSFO_LUNCH","SSFO_LUNCH",51,8,0,0,5115,16332,0,0,16332,3985.38,"2015-2016"
"SAN DIEGO",2016-06-01,"90DAY","SSFO",2016,"SAN DIEGO UNIFIED SCHOOL DISTRICT","SCHOOL","PUBLIC","SSFO_SNACKPM","SSFO_SNACKPM",36,4,0,0,2165,6993,0,0,6993,1748.25,"2015-2016"
"SAN DIEGO",2016-06-01,"90DAY","SSFO",2016,"SOUTH BAY UNION SCHOOL DISTRICT","SCHOOL","PUBLIC","SSFO_BREAKFAST","SSFO_BREAKFAST_SEVERENEED",1,14,0,0,92,1129,0,0,1129,80.64,"2015-2016"
"SAN DIEGO",2016-06-01,"90DAY","SSFO",2016,"SOUTH BAY UNION SCHOOL DISTRICT","SCHOOL","PUBLIC","SSFO_LUNCH","SSFO_LUNCH",14,14,0,0,1242,8726,0,0,8726,924.36,"2015-2016"
"SAN DIEGO",2016-06-01,"90DAY","SSFO",2016,"SOUTH BAY UNION SCHOOL DISTRICT","SCHOOL","PUBLIC","SSFO_SNACKAM","SSFO_SNACKAM",4,4,0,0,438,1635,0,0,1635,408.75,"2015-2016"
"SAN DIEGO",2016-06-01,"90DAY","SSFO",2016,"SOUTH BAY UNION SCHOOL DISTRICT","SCHOOL","PUBLIC","SSFO_SNACKPM","SSFO_SNACKPM",9,14,0,0,428,4585,0,0,4585,327.5,"2015-2016"
"SAN DIEGO",2016-06-01,"90DAY","SSFO",2016,"MOUNTAIN EMPIRE UNIFIED SCHOOL DISTRICT","SCHOOL","PUBLIC","SSFO_LUNCH","SSFO_LUNCH",1,4,0,0,40,148,0,0,148,37,"2015-2016"
"SAN DIEGO",2016-06-01,"90DAY","SSFO",2016,"CAJON VALLEY UNION SCHOOL DISTRICT","SCHOOL","PUBLIC","SSFO_BREAKFAST","SSFO_BREAKFAST_SEVERENEED",1,4,0,0,414,414,0,0,414,103.5,"2015-2016"
"SAN DIEGO",2016-06-01,"90DAY","SSFO",2016,"CAJON VALLEY UNION SCHOOL DISTRICT","SCHOOL","PUBLIC","SSFO_LUNCH","SSFO_LUNCH",8,9,0,0,7236,7236,0,0,7236,804,"2015-2016"
"SAN DIEGO",2016-06-01,"90DAY","SSFO",2016,"CAJON VALLEY UNION SCHOOL DISTRICT","SCHOOL","PUBLIC","SSFO_SNACKPM","SSFO_SNACKPM",2,9,0,0,1212,1212,0,0,1212,142.13,"2015-2016"
"SAN DIEGO",2016-06-01,"90DAY","SSFO",2016,"LAKESIDE UNION ELEMENTARY SCHOOL DISTRICT","SCHOOL","PUBLIC","SSFO_BREAKFAST","SSFO_BREAKFAST_SEVERENEED",1,4,0,0,572,701,0,0,701,175.25,"2015-2016"
"SAN DIEGO",2016-06-01,"90DAY","SSFO",2016,"LAKESIDE UNION ELEMENTARY SCHOOL DISTRICT","SCHOOL","PUBLIC","SSFO_LUNCH","SSFO_LUNCH",1,4,0,0,572,853,0,0,853,213.25,"2015-2016"
"SAN DIEGO",2014-10-01,"CLOSEOUT","SSFO",2015,"CHULA VISTA ELEMENTARY SCHOOL DISTRICT","SCHOOL","PUBLIC","SSFO_BREAKFAST","SSFO_BREAKFAST_SEVERENEED",1,7,0,0,52,138,0,0,138,19.71,"2014-2015"
"SAN DIEGO",2014-10-01,"CLOSEOUT","SSFO",2015,"CHULA VISTA ELEMENTARY SCHOOL DISTRICT","SCHOOL","PUBLIC","SSFO_LUNCH","SSFO_LUNCH",3,3,0,0,141,273,0,0,273,91,"2014-2015"
"SAN DIEGO",2014-10-01,"CLOSEOUT","SSFO",2015,"CHULA VISTA ELEMENTARY SCHOOL DISTRICT","SCHOOL","PUBLIC","SSFO_SNACKPM","SSFO_SNACKPM",2,3,0,0,52,112,0,0,112,37.33,"2014-2015"
"SAN DIEGO",2015-01-01,"CLOSEOUT","SSFO",2015,"SAN DIEGO UNIFIED SCHOOL DISTRICT","SCHOOL","PUBLIC","SSFO_BREAKFAST","SSFO_BREAKFAST_SEVERENEED",1,10,0,0,75,648,0,0,648,64.8,"2014-2015"
"SAN DIEGO",2015-01-01,"CLOSEOUT","SSFO",2015,"SAN DIEGO UNIFIED SCHOOL DISTRICT","SCHOOL","PUBLIC","SSFO_LUNCH","SSFO_LUNCH",17,10,0,0,896,7735,0,0,7735,776.07,"2014-2015"
"SAN DIEGO",2015-01-01,"CLOSEOUT","SSFO",2015,"SAN DIEGO UNIFIED SCHOOL DISTRICT","SCHOOL","PUBLIC","SSFO_SNACKPM","SSFO_SNACKPM",14,10,0,0,619,5409,0,0,5409,542.62,"2014-2015"
"SAN DIEGO",2015-03-01,"CLOSEOUT","SSFO",2015,"SAN DIEGO UNIFIED SCHOOL DISTRICT","SCHOOL","PUBLIC","SSFO_BREAKFAST","SSFO_BREAKFAST_SEVERENEED",1,1,0,0,75,70,0,0,70,70,"2014-2015"
"SAN DIEGO",2015-03-01,"CLOSEOUT","SSFO",2015,"SAN DIEGO UNIFIED SCHOOL DISTRICT","SCHOOL","PUBLIC","SSFO_LUNCH","SSFO_LUNCH",19,2,0,0,1155,1635,0,0,1635,1057.5,"2014-2015"
"SAN DIEGO",2015-03-01,"CLOSEOUT","SSFO",2015,"SAN DIEGO UNIFIED SCHOOL DISTRICT","SCHOOL","PUBLIC","SSFO_SNACKPM","SSFO_SNACKPM",14,2,0,0,800,1160,0,0,1160,755,"2014-2015"
"SAN DIEGO",2015-03-01,"CLOSEOUT","SSFO",2015,"LA MESA-SPRING VALLEY SCHOOL DISTRICT","SCHOOL","PUBLIC","SSFO_BREAKFAST","SSFO_BREAKFAST_SEVERENEED",1,2,0,0,75,30,0,0,30,15,"2014-2015"
"SAN DIEGO",2015-03-01,"CLOSEOUT","SSFO",2015,"LA MESA-SPRING VALLEY SCHOOL DISTRICT","SCHOOL","PUBLIC","SSFO_LUNCH","SSFO_LUNCH",1,2,0,0,75,60,0,0,60,30,"2014-2015"
"SAN DIEGO",2015-06-01,"CLOSEOUT","SSFO",2015,"ESCONDIDO UNION SCHOOL DISTRICT","SCHOOL","PUBLIC","SSFO_BREAKFAST","SSFO_BREAKFAST_SEVERENEED",1,6,0,0,66,392,0,0,392,65.33,"2014-2015"
"SAN DIEGO",2015-06-01,"CLOSEOUT","SSFO",2015,"ESCONDIDO UNION SCHOOL DISTRICT","SCHOOL","PUBLIC","SSFO_LUNCH","SSFO_LUNCH",2,2,0,0,241,456,0,0,456,228,"2014-2015"
"SAN DIEGO",2015-06-01,"CLOSEOUT","SSFO",2015,"CARLSBAD UNIFIED SCHOOL DISTRICT","SCHOOL","PUBLIC","SSFO_LUNCH","SSFO_LUNCH",1,12,0,0,225,1863,0,0,1863,155.25,"2014-2015"
"SAN DIEGO",2015-06-01,"CLOSEOUT","SSFO",2015,"CARLSBAD UNIFIED SCHOOL DISTRICT","SCHOOL","PUBLIC","SSFO_SNACKPM","SSFO_SNACKPM",1,12,0,0,225,1825,0,0,1825,152.08,"2014-2015"
"SAN DIEGO",2015-06-01,"CLOSEOUT","SSFO",2015,"VISTA UNIFIED SCHOOL DISTRICT","SCHOOL","PUBLIC","SSFO_LUNCH","SSFO_LUNCH",15,18,0,0,1791,23793,0,0,23793,1784.16,"2014-2015"
"SAN DIEGO",2015-06-01,"CLOSEOUT","SSFO",2015,"VISTA UNIFIED SCHOOL DISTRICT","SCHOOL","PUBLIC","SSFO_SNACKPM","SSFO_SNACKPM",1,18,0,0,97,1734,0,0,1734,96.33,"2014-2015"
"SAN DIEGO",2015-04-01,"CLOSEOUT","SSFO",2015,"LA MESA-SPRING VALLEY SCHOOL DISTRICT","SCHOOL","PUBLIC","SSFO_LUNCH","SSFO_LUNCH",6,8,0,0,460,2145,0,0,2145,299.96,"2014-2015"
"SAN DIEGO",2015-06-01,"CLOSEOUT","SSFO",2015,"CHULA VISTA ELEMENTARY SCHOOL DISTRICT","SCHOOL","PUBLIC","SSFO_BREAKFAST","SSFO_BREAKFAST_SEVERENEED",2,12,0,0,285,1783,0,0,1783,214.5,"2014-2015"
"SAN DIEGO",2015-06-01,"CLOSEOUT","SSFO",2015,"CHULA VISTA ELEMENTARY SCHOOL DISTRICT","SCHOOL","PUBLIC","SSFO_LUNCH","SSFO_LUNCH",4,17,0,0,455,3347,0,0,3347,306.33,"2014-2015"
"SAN DIEGO",2015-06-01,"CLOSEOUT","SSFO",2015,"CHULA VISTA ELEMENTARY SCHOOL DISTRICT","SCHOOL","PUBLIC","SSFO_SNACKPM","SSFO_SNACKPM",2,17,0,0,90,787,0,0,787,46.29,"2014-2015"
"SAN DIEGO",2015-06-01,"CLOSEOUT","SSFO",2015,"SAN DIEGO COUNTY OFFICE OF EDUCATION","SCHOOL","PUBLIC","SSFO_BREAKFAST","SSFO_BREAKFAST",1,1,0,0,60,60,0,0,60,60,"2014-2015"
"SAN DIEGO",2015-06-01,"CLOSEOUT","SSFO",2015,"SAN DIEGO COUNTY OFFICE OF EDUCATION","SCHOOL","PUBLIC","SSFO_BREAKFAST","SSFO_BREAKFAST_SEVERENEED",2,4,0,0,152,547,0,0,547,152,"2014-2015"
"SAN DIEGO",2015-06-01,"CLOSEOUT","SSFO",2015,"SAN DIEGO COUNTY OFFICE OF EDUCATION","SCHOOL","PUBLIC","SSFO_LUNCH","SSFO_LUNCH",3,5,0,0,212,819,0,0,819,212,"2014-2015"
"SAN DIEGO",2015-06-01,"CLOSEOUT","SSFO",2015,"SAN DIEGO COUNTY OFFICE OF EDUCATION","SCHOOL","PUBLIC","SSFO_DINNER","SSFO_SUPPER",3,5,0,0,212,728,0,0,728,193.8,"2014-2015"
"SAN DIEGO",2015-04-01,"CLOSEOUT","SSFO",2015,"SAN DIEGO UNIFIED SCHOOL DISTRICT","SCHOOL","PUBLIC","SSFO_BREAKFAST","SSFO_BREAKFAST",1,18,0,0,68,1137,0,0,1137,63.17,"2014-2015"
"SAN DIEGO",2015-04-01,"CLOSEOUT","SSFO",2015,"SAN DIEGO UNIFIED SCHOOL DISTRICT","SCHOOL","PUBLIC","SSFO_BREAKFAST","SSFO_BREAKFAST_SEVERENEED",2,18,0,0,165,1951,0,0,1951,108.39,"2014-2015"
"SAN DIEGO",2015-04-01,"CLOSEOUT","SSFO",2015,"SAN DIEGO UNIFIED SCHOOL DISTRICT","SCHOOL","PUBLIC","SSFO_LUNCH","SSFO_LUNCH",20,18,0,0,1221,17938,0,0,17938,998.14,"2014-2015"
"SAN DIEGO",2015-04-01,"CLOSEOUT","SSFO",2015,"SAN DIEGO UNIFIED SCHOOL DISTRICT","SCHOOL","PUBLIC","SSFO_SNACKPM","SSFO_SNACKPM",15,18,0,0,732,11599,0,0,11599,644.39,"2014-2015"
"SAN DIEGO",2015-06-01,"CLOSEOUT","SSFO",2015,"OCEANSIDE UNIFIED SCHOOL DISTRICT","SCHOOL","PUBLIC","SSFO_BREAKFAST","SSFO_BREAKFAST_SEVERENEED",11,18,0,0,972,11286,0,0,11286,708.8,"2014-2015"
"SAN DIEGO",2015-06-01,"CLOSEOUT","SSFO",2015,"OCEANSIDE UNIFIED SCHOOL DISTRICT","SCHOOL","PUBLIC","SSFO_LUNCH","SSFO_LUNCH",14,18,0,0,2328,27805,0,0,27805,1835.25,"2014-2015"
"SAN DIEGO",2015-06-01,"CLOSEOUT","SSFO",2015,"OCEANSIDE UNIFIED SCHOOL DISTRICT","SCHOOL","PUBLIC","SSFO_SNACKPM","SSFO_SNACKPM",3,17,0,0,375,4441,0,0,4441,287.91,"2014-2015"
"SAN DIEGO",2015-07-01,"CLOSEOUT","SSFO",2015,"LA MESA-SPRING VALLEY SCHOOL DISTRICT","SCHOOL","PUBLIC","SSFO_BREAKFAST","SSFO_BREAKFAST",1,22,0,0,130,366,0,0,366,16.64,"2015-2016"
"SAN DIEGO",2015-07-01,"CLOSEOUT","SSFO",2015,"LA MESA-SPRING VALLEY SCHOOL DISTRICT","SCHOOL","PUBLIC","SSFO_BREAKFAST","SSFO_BREAKFAST_SEVERENEED",1,22,0,0,75,1166,0,0,1166,53,"2015-2016"
"SAN DIEGO",2015-07-01,"CLOSEOUT","SSFO",2015,"LA MESA-SPRING VALLEY SCHOOL DISTRICT","SCHOOL","PUBLIC","SSFO_LUNCH","SSFO_LUNCH",9,22,0,0,785,11180,0,0,11180,561.22,"2015-2016"
"SAN DIEGO",2015-07-01,"CLOSEOUT","SSFO",2015,"SAN DIEGO COUNTY OFFICE OF EDUCATION","SCHOOL","PUBLIC","SSFO_BREAKFAST","SSFO_BREAKFAST",1,2,0,0,60,120,0,0,120,60,"2015-2016"
"SAN DIEGO",2015-07-01,"CLOSEOUT","SSFO",2015,"SAN DIEGO COUNTY OFFICE OF EDUCATION","SCHOOL","PUBLIC","SSFO_LUNCH","SSFO_LUNCH",1,2,0,0,60,120,0,0,120,60,"2015-2016"
"SAN DIEGO",2015-07-01,"CLOSEOUT","SSFO",2015,"SAN DIEGO COUNTY OFFICE OF EDUCATION","SCHOOL","PUBLIC","SSFO_DINNER","SSFO_SUPPER",1,2,0,0,60,120,0,0,120,60,"2015-2016"
"SAN DIEGO",2015-07-01,"CLOSEOUT","SSFO",2015,"ESCONDIDO UNION SCHOOL DISTRICT","SCHOOL","PUBLIC","SSFO_BREAKFAST","SSFO_BREAKFAST_SEVERENEED",4,8,0,0,687,2345,0,0,2345,369.24,"2015-2016"
"SAN DIEGO",2015-07-01,"CLOSEOUT","SSFO",2015,"ESCONDIDO UNION SCHOOL DISTRICT","SCHOOL","PUBLIC","SSFO_LUNCH","SSFO_LUNCH",5,8,0,0,1072,6205,0,0,6205,1049.43,"2015-2016"
"SAN DIEGO",2015-07-01,"CLOSEOUT","SSFO",2015,"LEMON GROVE SCHOOL DISTRICT","SCHOOL","PUBLIC","SSFO_LUNCH","SSFO_LUNCH",5,22,0,0,580,9012,0,0,9012,409.64,"2015-2016"
"SAN DIEGO",2015-07-01,"CLOSEOUT","SSFO",2015,"LEMON GROVE SCHOOL DISTRICT","SCHOOL","PUBLIC","SSFO_SNACKPM","SSFO_SNACKPM",1,22,0,0,150,2400,0,0,2400,109.09,"2015-2016"
"SAN DIEGO",2015-07-01,"CLOSEOUT","SSFO",2015,"CARLSBAD UNIFIED SCHOOL DISTRICT","SCHOOL","PUBLIC","SSFO_LUNCH","SSFO_LUNCH",1,22,0,0,250,3645,0,0,3645,165.68,"2015-2016"
"SAN DIEGO",2015-07-01,"CLOSEOUT","SSFO",2015,"CARLSBAD UNIFIED SCHOOL DISTRICT","SCHOOL","PUBLIC","SSFO_SNACKPM","SSFO_SNACKPM",1,22,0,0,250,4049,0,0,4049,184.05,"2015-2016"
"SAN DIEGO",2015-07-01,"CLOSEOUT","SSFO",2015,"CHULA VISTA ELEMENTARY SCHOOL DISTRICT","SCHOOL","PUBLIC","SSFO_BREAKFAST","SSFO_BREAKFAST_SEVERENEED",2,7,0,0,287,1902,0,0,1902,271.71,"2015-2016"
"SAN DIEGO",2015-07-01,"CLOSEOUT","SSFO",2015,"CHULA VISTA ELEMENTARY SCHOOL DISTRICT","SCHOOL","PUBLIC","SSFO_LUNCH","SSFO_LUNCH",4,7,0,0,453,2556,0,0,2556,365.14,"2015-2016"
"SAN DIEGO",2015-07-01,"CLOSEOUT","SSFO",2015,"CHULA VISTA ELEMENTARY SCHOOL DISTRICT","SCHOOL","PUBLIC","SSFO_SNACKPM","SSFO_SNACKPM",2,7,0,0,91,381,0,0,381,54.43,"2015-2016"
"SAN DIEGO",2015-07-01,"CLOSEOUT","SSFO",2015,"RAMONA CITY UNIFIED SCHOOL DISTRICT","SCHOOL","PUBLIC","SSFO_LUNCH","SSFO_LUNCH",1,17,0,0,415,3165,0,0,3165,186.18,"2015-2016"
"SAN DIEGO",2015-07-01,"CLOSEOUT","SSFO",2015,"VISTA UNIFIED SCHOOL DISTRICT","SCHOOL","PUBLIC","SSFO_LUNCH","SSFO_LUNCH",11,22,0,0,1331,22944,0,0,22944,1324.26,"2015-2016"
"SAN DIEGO",2015-07-01,"CLOSEOUT","SSFO",2015,"VISTA UNIFIED SCHOOL DISTRICT","SCHOOL","PUBLIC","SSFO_SNACKPM","SSFO_SNACKPM",1,22,0,0,123,2701,0,0,2701,122.77,"2015-2016"
"SAN DIEGO",2015-07-01,"CLOSEOUT","SSFO",2015,"GROSSMONT UNION HIGH SCHOOL DISTRICT","SCHOOL","PUBLIC","SSFO_BREAKFAST","SSFO_BREAKFAST",2,22,0,0,405,7935,0,0,7935,360.68,"2015-2016"
"SAN DIEGO",2015-07-01,"CLOSEOUT","SSFO",2015,"GROSSMONT UNION HIGH SCHOOL DISTRICT","SCHOOL","PUBLIC","SSFO_BREAKFAST","SSFO_BREAKFAST_SEVERENEED",18,22,0,0,5472,25921,0,0,25921,1677.77,"2015-2016"
"SAN DIEGO",2015-07-01,"CLOSEOUT","SSFO",2015,"GROSSMONT UNION HIGH SCHOOL DISTRICT","SCHOOL","PUBLIC","SSFO_LUNCH","SSFO_LUNCH",23,22,0,0,6277,54074,0,0,54074,3732.52,"2015-2016"
"SAN DIEGO",2015-07-01,"CLOSEOUT","SSFO",2015,"GROSSMONT UNION HIGH SCHOOL DISTRICT","SCHOOL","PUBLIC","SSFO_SNACKPM","SSFO_SNACKPM",3,22,0,0,400,8122,0,0,8122,369.18,"2015-2016"
"SAN DIEGO",2015-07-01,"CLOSEOUT","SSFO",2015,"LAKESIDE UNION ELEMENTARY SCHOOL DISTRICT","SCHOOL","PUBLIC","SSFO_BREAKFAST","SSFO_BREAKFAST_SEVERENEED",1,22,0,0,692,3624,0,0,3624,164.73,"2015-2016"
"SAN DIEGO",2015-07-01,"CLOSEOUT","SSFO",2015,"LAKESIDE UNION ELEMENTARY SCHOOL DISTRICT","SCHOOL","PUBLIC","SSFO_LUNCH","SSFO_LUNCH",1,22,0,0,692,4485,0,0,4485,203.86,"2015-2016"
"SAN DIEGO",2015-07-01,"CLOSEOUT","SSFO",2015,"OCEANSIDE UNIFIED SCHOOL DISTRICT","SCHOOL","PUBLIC","SSFO_BREAKFAST","SSFO_BREAKFAST_SEVERENEED",11,22,0,0,903,9139,0,0,9139,650.89,"2015-2016"
"SAN DIEGO",2015-07-01,"CLOSEOUT","SSFO",2015,"OCEANSIDE UNIFIED SCHOOL DISTRICT","SCHOOL","PUBLIC","SSFO_LUNCH","SSFO_LUNCH",13,22,0,0,2164,31286,0,0,31286,1697.85,"2015-2016"
"SAN DIEGO",2015-07-01,"CLOSEOUT","SSFO",2015,"OCEANSIDE UNIFIED SCHOOL DISTRICT","SCHOOL","PUBLIC","SSFO_SNACKPM","SSFO_SNACKPM",3,22,0,0,373,5709,0,0,5709,275.21,"2015-2016"
"SAN DIEGO",2015-07-01,"CLOSEOUT","SSFO",2015,"CAJON VALLEY UNION SCHOOL DISTRICT","SCHOOL","PUBLIC","SSFO_BREAKFAST","SSFO_BREAKFAST_SEVERENEED",2,17,0,0,4558,4558,0,0,4558,268.12,"2015-2016"
"SAN DIEGO",2015-07-01,"CLOSEOUT","SSFO",2015,"CAJON VALLEY UNION SCHOOL DISTRICT","SCHOOL","PUBLIC","SSFO_LUNCH","SSFO_LUNCH",12,22,0,0,39431,39228,0,0,39228,1838.69,"2015-2016"
"SAN DIEGO",2015-07-01,"CLOSEOUT","SSFO",2015,"CAJON VALLEY UNION SCHOOL DISTRICT","SCHOOL","PUBLIC","SSFO_SNACKPM","SSFO_SNACKPM",3,22,0,0,4305,4305,0,0,4305,219.25,"2015-2016"
"SAN DIEGO",2015-07-01,"CLOSEOUT","SSFO",2015,"SAN MARCOS UNIFIED SCHOOL DISTRICT","SCHOOL","PUBLIC","SSFO_BREAKFAST","SSFO_BREAKFAST_SEVERENEED",1,22,0,0,211,3992,0,0,3992,181.45,"2015-2016"
"SAN DIEGO",2015-07-01,"CLOSEOUT","SSFO",2015,"SAN MARCOS UNIFIED SCHOOL DISTRICT","SCHOOL","PUBLIC","SSFO_LUNCH","SSFO_LUNCH",4,22,0,0,1529,25594,0,0,25594,1187.23,"2015-2016"
"SAN DIEGO",2015-07-01,"CLOSEOUT","SSFO",2015,"SOUTH BAY UNION SCHOOL DISTRICT","SCHOOL","PUBLIC","SSFO_BREAKFAST","SSFO_BREAKFAST_SEVERENEED",1,2,0,0,84,159,0,0,159,79.5,"2015-2016"
"SAN DIEGO",2015-07-01,"CLOSEOUT","SSFO",2015,"SOUTH BAY UNION SCHOOL DISTRICT","SCHOOL","PUBLIC","SSFO_LUNCH","SSFO_LUNCH",14,15,0,0,1073,8725,0,0,8725,665.91,"2015-2016"
"SAN DIEGO",2015-07-01,"CLOSEOUT","SSFO",2015,"SOUTH BAY UNION SCHOOL DISTRICT","SCHOOL","PUBLIC","SSFO_SNACKAM","SSFO_SNACKAM",4,12,0,0,421,3811,0,0,3811,317.58,"2015-2016"
"SAN DIEGO",2015-07-01,"CLOSEOUT","SSFO",2015,"SOUTH BAY UNION SCHOOL DISTRICT","SCHOOL","PUBLIC","SSFO_SNACKPM","SSFO_SNACKPM",9,15,0,0,424,4422,0,0,4422,310.66,"2015-2016"
"SAN DIEGO",2015-08-01,"CLOSEOUT","SSFO",2015,"LAKESIDE UNION ELEMENTARY SCHOOL DISTRICT","SCHOOL","PUBLIC","SSFO_BREAKFAST","SSFO_BREAKFAST_SEVERENEED",2,20,0,0,1387,1788,0,0,1788,114.05,"2015-2016"
"SAN DIEGO",2015-08-01,"CLOSEOUT","SSFO",2015,"FALLBROOK UNION ELEMENTARY SCHOOL DISTRICT","SCHOOL","PUBLIC","SSFO_LUNCH","SSFO_LUNCH",1,5,0,0,740,740,0,0,740,148,"2015-2016"
"SAN DIEGO",2015-08-01,"CLOSEOUT","SSFO",2015,"LAKESIDE UNION ELEMENTARY SCHOOL DISTRICT","SCHOOL","PUBLIC","SSFO_LUNCH","SSFO_LUNCH",2,20,0,0,1387,2493,0,0,2493,151.25,"2015-2016"
"SAN DIEGO",2015-08-01,"CLOSEOUT","SSFO",2015,"SAN MARCOS UNIFIED SCHOOL DISTRICT","SCHOOL","PUBLIC","SSFO_LUNCH","SSFO_LUNCH",2,10,0,0,654,4228,0,0,4228,569.35,"2015-2016"
"SAN DIEGO",2015-08-01,"CLOSEOUT","SSFO",2015,"LA MESA-SPRING VALLEY SCHOOL DISTRICT","SCHOOL","PUBLIC","SSFO_BREAKFAST","SSFO_BREAKFAST",1,5,0,0,145,212,0,0,212,42.4,"2015-2016"
"SAN DIEGO",2015-08-01,"CLOSEOUT","SSFO",2015,"LA MESA-SPRING VALLEY SCHOOL DISTRICT","SCHOOL","PUBLIC","SSFO_BREAKFAST","SSFO_BREAKFAST_SEVERENEED",1,5,0,0,55,240,0,0,240,48,"2015-2016"
"SAN DIEGO",2015-08-01,"CLOSEOUT","SSFO",2015,"LA MESA-SPRING VALLEY SCHOOL DISTRICT","SCHOOL","PUBLIC","SSFO_LUNCH","SSFO_LUNCH",7,5,0,0,540,2278,0,0,2278,521.2,"2015-2016"
"SAN DIEGO",2015-08-01,"CLOSEOUT","SSFO",2015,"SAN DIEGO UNIFIED SCHOOL DISTRICT","SCHOOL","PUBLIC","SSFO_BREAKFAST","SSFO_BREAKFAST",1,20,0,0,25,385,0,0,385,19.25,"2015-2016"
"SAN DIEGO",2015-08-01,"CLOSEOUT","SSFO",2015,"SAN DIEGO UNIFIED SCHOOL DISTRICT","SCHOOL","PUBLIC","SSFO_BREAKFAST","SSFO_BREAKFAST_SEVERENEED",11,20,0,0,1186,14427,0,0,14427,1038.79,"2015-2016"
"SAN DIEGO",2015-08-01,"CLOSEOUT","SSFO",2015,"SAN DIEGO UNIFIED SCHOOL DISTRICT","SCHOOL","PUBLIC","SSFO_LUNCH","SSFO_LUNCH",51,20,0,0,3817,58993,0,0,58993,3345.95,"2015-2016"
"SAN DIEGO",2015-08-01,"CLOSEOUT","SSFO",2015,"SAN DIEGO UNIFIED SCHOOL DISTRICT","SCHOOL","PUBLIC","SSFO_SNACKPM","SSFO_SNACKPM",37,20,0,0,1618,28545,0,0,28545,1427.25,"2015-2016"
"SAN DIEGO",2015-06-01,"CLOSEOUT","SSFO",2015,"CAJON VALLEY UNION SCHOOL DISTRICT","SCHOOL","PUBLIC","SSFO_BREAKFAST","SSFO_BREAKFAST_SEVERENEED",2,2,0,0,496,496,0,0,496,248,"2014-2015"
"SAN DIEGO",2015-06-01,"CLOSEOUT","SSFO",2015,"CAJON VALLEY UNION SCHOOL DISTRICT","SCHOOL","PUBLIC","SSFO_LUNCH","SSFO_LUNCH",12,7,0,0,12386,12386,0,0,12386,1769.43,"2014-2015"
"SAN DIEGO",2015-06-01,"CLOSEOUT","SSFO",2015,"CAJON VALLEY UNION SCHOOL DISTRICT","SCHOOL","PUBLIC","SSFO_SNACKPM","SSFO_SNACKPM",3,7,0,0,1368,1368,0,0,1368,225,"2014-2015"
"SAN DIEGO",2015-08-01,"CLOSEOUT","SSFO",2015,"ESCONDIDO UNION SCHOOL DISTRICT","SCHOOL","PUBLIC","SSFO_BREAKFAST","SSFO_BREAKFAST_SEVERENEED",1,5,0,0,58,159,0,0,159,31.8,"2015-2016"
"SAN DIEGO",2015-08-01,"CLOSEOUT","SSFO",2015,"ESCONDIDO UNION SCHOOL DISTRICT","SCHOOL","PUBLIC","SSFO_LUNCH","SSFO_LUNCH",1,5,0,0,59,291,0,0,291,58.2,"2015-2016"
"SAN DIEGO",2015-08-01,"CLOSEOUT","SSFO",2015,"GROSSMONT UNION HIGH SCHOOL DISTRICT","SCHOOL","PUBLIC","SSFO_BREAKFAST","SSFO_BREAKFAST",1,15,0,0,275,3090,0,0,3090,206,"2015-2016"
"SAN DIEGO",2015-08-01,"CLOSEOUT","SSFO",2015,"GROSSMONT UNION HIGH SCHOOL DISTRICT","SCHOOL","PUBLIC","SSFO_BREAKFAST","SSFO_BREAKFAST_SEVERENEED",8,15,0,0,1185,13617,0,0,13617,911.2,"2015-2016"
"SAN DIEGO",2015-08-01,"CLOSEOUT","SSFO",2015,"GROSSMONT UNION HIGH SCHOOL DISTRICT","SCHOOL","PUBLIC","SSFO_LUNCH","SSFO_LUNCH",12,15,0,0,1745,21759,0,0,21759,1456.6,"2015-2016"
"SAN DIEGO",2015-08-01,"CLOSEOUT","SSFO",2015,"GROSSMONT UNION HIGH SCHOOL DISTRICT","SCHOOL","PUBLIC","SSFO_SNACKPM","SSFO_SNACKPM",3,15,0,0,285,3973,0,0,3973,264.87,"2015-2016"
"SAN DIEGO",2015-06-01,"CLOSEOUT","SSFO",2015,"GROSSMONT UNION HIGH SCHOOL DISTRICT","SCHOOL","PUBLIC","SSFO_BREAKFAST","SSFO_BREAKFAST",2,7,0,0,692,1595,0,0,1595,227.86,"2014-2015"
"SAN DIEGO",2015-06-01,"CLOSEOUT","SSFO",2015,"GROSSMONT UNION HIGH SCHOOL DISTRICT","SCHOOL","PUBLIC","SSFO_BREAKFAST","SSFO_BREAKFAST_SEVERENEED",19,17,0,0,22112,15243,0,0,15243,2001.24,"2014-2015"
"SAN DIEGO",2015-06-01,"CLOSEOUT","SSFO",2015,"GROSSMONT UNION HIGH SCHOOL DISTRICT","SCHOOL","PUBLIC","SSFO_LUNCH","SSFO_LUNCH",24,17,0,0,23174,32097,0,0,32097,4331.71,"2014-2015"
"SAN DIEGO",2015-06-01,"CLOSEOUT","SSFO",2015,"GROSSMONT UNION HIGH SCHOOL DISTRICT","SCHOOL","PUBLIC","SSFO_SNACKPM","SSFO_SNACKPM",3,7,0,0,370,2457,0,0,2457,351,"2014-2015"
"SAN DIEGO",2015-06-01,"CLOSEOUT","SSFO",2015,"LA MESA-SPRING VALLEY SCHOOL DISTRICT","SCHOOL","PUBLIC","SSFO_BREAKFAST","SSFO_BREAKFAST",1,7,0,0,700,167,0,0,167,23.86,"2014-2015"
"SAN DIEGO",2015-06-01,"CLOSEOUT","SSFO",2015,"LA MESA-SPRING VALLEY SCHOOL DISTRICT","SCHOOL","PUBLIC","SSFO_BREAKFAST","SSFO_BREAKFAST_SEVERENEED",1,7,0,0,75,272,0,0,272,38.86,"2014-2015"
"SAN DIEGO",2015-06-01,"CLOSEOUT","SSFO",2015,"LA MESA-SPRING VALLEY SCHOOL DISTRICT","SCHOOL","PUBLIC","SSFO_LUNCH","SSFO_LUNCH",9,7,0,0,1470,3186,0,0,3186,580.12,"2014-2015"
"SAN DIEGO",2015-08-01,"CLOSEOUT","SSFO",2015,"CARLSBAD UNIFIED SCHOOL DISTRICT","SCHOOL","PUBLIC","SSFO_LUNCH","SSFO_LUNCH",1,15,0,0,250,2323,0,0,2323,154.87,"2015-2016"
"SAN DIEGO",2015-07-01,"CLOSEOUT","SSFO",2015,"FALLBROOK UNION ELEMENTARY SCHOOL DISTRICT","SCHOOL","PUBLIC","SSFO_LUNCH","SSFO_LUNCH",2,23,0,0,5105,5105,0,0,5105,226.23,"2015-2016"
"SAN DIEGO",2015-07-01,"CLOSEOUT","SSFO",2015,"SAN DIEGO UNIFIED SCHOOL DISTRICT","SCHOOL","PUBLIC","SSFO_BREAKFAST","SSFO_BREAKFAST",1,22,0,0,25,498,0,0,498,22.64,"2015-2016"
"SAN DIEGO",2015-07-01,"CLOSEOUT","SSFO",2015,"SAN DIEGO UNIFIED SCHOOL DISTRICT","SCHOOL","PUBLIC","SSFO_BREAKFAST","SSFO_BREAKFAST_SEVERENEED",19,22,0,0,1889,20495,0,0,20495,1595.27,"2015-2016"
"SAN DIEGO",2015-07-01,"CLOSEOUT","SSFO",2015,"SAN DIEGO UNIFIED SCHOOL DISTRICT","SCHOOL","PUBLIC","SSFO_LUNCH","SSFO_LUNCH",59,22,0,0,5472,70145,0,0,70145,4702.25,"2015-2016"
"SAN DIEGO",2015-07-01,"CLOSEOUT","SSFO",2015,"SAN DIEGO UNIFIED SCHOOL DISTRICT","SCHOOL","PUBLIC","SSFO_SNACKPM","SSFO_SNACKPM",37,22,0,0,1680,23784,0,0,23784,1437.61,"2015-2016"
"SAN DIEGO",2015-07-01,"CLOSEOUT","SSFO",2015,"MOUNTAIN EMPIRE UNIFIED SCHOOL DISTRICT","SCHOOL","PUBLIC","SSFO_LUNCH","SSFO_LUNCH",1,12,0,0,40,254,0,0,254,21.17,"2015-2016"
"SAN DIEGO",2015-08-01,"CLOSEOUT","SSFO",2015,"VISTA UNIFIED SCHOOL DISTRICT","SCHOOL","PUBLIC","SSFO_LUNCH","SSFO_LUNCH",2,5,0,0,139,688,0,0,688,137.6,"2015-2016"
"SAN DIEGO",2015-08-01,"CLOSEOUT","SSFO",2015,"VISTA UNIFIED SCHOOL DISTRICT","SCHOOL","PUBLIC","SSFO_SNACKPM","SSFO_SNACKPM",1,5,0,0,112,560,0,0,560,112,"2015-2016"
"SAN DIEGO",2015-08-01,"CLOSEOUT","SSFO",2015,"OCEANSIDE UNIFIED SCHOOL DISTRICT","SCHOOL","PUBLIC","SSFO_BREAKFAST","SSFO_BREAKFAST_SEVERENEED",6,10,0,0,327,2194,0,0,2194,258.9,"2015-2016"
"SAN DIEGO",2015-08-01,"CLOSEOUT","SSFO",2015,"OCEANSIDE UNIFIED SCHOOL DISTRICT","SCHOOL","PUBLIC","SSFO_LUNCH","SSFO_LUNCH",9,10,0,0,1175,7885,0,0,7885,943.78,"2015-2016"
"SAN DIEGO",2015-08-01,"CLOSEOUT","SSFO",2015,"OCEANSIDE UNIFIED SCHOOL DISTRICT","SCHOOL","PUBLIC","SSFO_SNACKPM","SSFO_SNACKPM",3,10,0,0,263,1683,0,0,1683,199.9,"2015-2016"
"SAN DIEGO",2015-08-01,"CLOSEOUT","SSFO",2015,"CARLSBAD UNIFIED SCHOOL DISTRICT","SCHOOL","PUBLIC","SSFO_SNACKPM","SSFO_SNACKPM",1,15,0,0,250,2481,0,0,2481,165.4,"2015-2016"
"SAN DIEGO",2015-08-01,"CLOSEOUT","SSFO",2015,"LEMON GROVE SCHOOL DISTRICT","SCHOOL","PUBLIC","SSFO_LUNCH","SSFO_LUNCH",5,5,0,0,580,1755,0,0,1755,351,"2015-2016"
"SAN DIEGO",2015-08-01,"CLOSEOUT","SSFO",2015,"LEMON GROVE SCHOOL DISTRICT","SCHOOL","PUBLIC","SSFO_SNACKPM","SSFO_SNACKPM",1,5,0,0,150,280,0,0,280,56,"2015-2016"
"SAN DIEGO",2015-09-01,"CLOSEOUT","SSFO",2015,"CHULA VISTA ELEMENTARY SCHOOL DISTRICT","SCHOOL","PUBLIC","SSFO_BREAKFAST","SSFO_BREAKFAST_SEVERENEED",1,8,0,0,55,357,0,0,357,44.63,"2015-2016"
"SAN DIEGO",2015-09-01,"CLOSEOUT","SSFO",2015,"CHULA VISTA ELEMENTARY SCHOOL DISTRICT","SCHOOL","PUBLIC","SSFO_LUNCH","SSFO_LUNCH",1,8,0,0,75,499,0,0,499,62.38,"2015-2016"
"SAN DIEGO",2015-06-01,"CLOSEOUT","SSFO",2015,"LAKESIDE UNION ELEMENTARY SCHOOL DISTRICT","SCHOOL","PUBLIC","SSFO_BREAKFAST","SSFO_BREAKFAST_SEVERENEED",1,5,0,0,692,1024,0,0,1024,204.8,"2014-2015"
"SAN DIEGO",2015-06-01,"CLOSEOUT","SSFO",2015,"LAKESIDE UNION ELEMENTARY SCHOOL DISTRICT","SCHOOL","PUBLIC","SSFO_LUNCH","SSFO_LUNCH",1,5,0,0,692,1226,0,0,1226,245.2,"2014-2015"
"SAN DIEGO",2015-06-01,"CLOSEOUT","SSFO",2015,"FALLBROOK UNION ELEMENTARY SCHOOL DISTRICT","SCHOOL","PUBLIC","SSFO_LUNCH","SSFO_LUNCH",2,22,0,0,6610,6610,0,0,6610,300.45,"2014-2015"
"SAN DIEGO",2015-06-01,"CLOSEOUT","SSFO",2015,"SOUTH BAY UNION SCHOOL DISTRICT","SCHOOL","PUBLIC","SSFO_BREAKFAST","SSFO_BREAKFAST_SEVERENEED",1,12,0,0,111,1102,0,0,1102,91.83,"2014-2015"
"SAN DIEGO",2015-06-01,"CLOSEOUT","SSFO",2015,"SOUTH BAY UNION SCHOOL DISTRICT","SCHOOL","PUBLIC","SSFO_LUNCH","SSFO_LUNCH",14,12,0,0,1148,6524,0,0,6524,878.67,"2014-2015"
"SAN DIEGO",2015-06-01,"CLOSEOUT","SSFO",2015,"SOUTH BAY UNION SCHOOL DISTRICT","SCHOOL","PUBLIC","SSFO_SNACKAM","SSFO_SNACKAM",4,2,0,0,407,786,0,0,786,393,"2014-2015"
"SAN DIEGO",2015-06-01,"CLOSEOUT","SSFO",2015,"SOUTH BAY UNION SCHOOL DISTRICT","SCHOOL","PUBLIC","SSFO_SNACKPM","SSFO_SNACKPM",9,12,0,0,414,3899,0,0,3899,324.92,"2014-2015"
"SAN DIEGO",2015-06-01,"CLOSEOUT","SSFO",2015,"SAN MARCOS UNIFIED SCHOOL DISTRICT","SCHOOL","PUBLIC","SSFO_BREAKFAST","SSFO_BREAKFAST_SEVERENEED",1,7,0,0,169,626,0,0,626,89.43,"2014-2015"
"SAN DIEGO",2015-06-01,"CLOSEOUT","SSFO",2015,"SAN MARCOS UNIFIED SCHOOL DISTRICT","SCHOOL","PUBLIC","SSFO_LUNCH","SSFO_LUNCH",4,9,0,0,1270,6143,0,0,6143,1144.98,"2014-2015"
"SAN DIEGO",2015-06-01,"CLOSEOUT","SSFO",2015,"MOUNTAIN EMPIRE UNIFIED SCHOOL DISTRICT","SCHOOL","PUBLIC","SSFO_LUNCH","SSFO_LUNCH",1,7,0,0,30,177,0,0,177,25.29,"2014-2015"
"SAN DIEGO",2015-06-01,"CLOSEOUT","SSFO",2015,"SAN DIEGO UNIFIED SCHOOL DISTRICT","SCHOOL","PUBLIC","SSFO_BREAKFAST","SSFO_BREAKFAST_SEVERENEED",10,10,0,0,886,4904,0,0,4904,724.33,"2014-2015"
"SAN DIEGO",2015-06-01,"CLOSEOUT","SSFO",2015,"SAN DIEGO UNIFIED SCHOOL DISTRICT","SCHOOL","PUBLIC","SSFO_LUNCH","SSFO_LUNCH",33,10,0,0,3481,19463,0,0,19463,2856.66,"2014-2015"
"SAN DIEGO",2015-06-01,"CLOSEOUT","SSFO",2015,"SAN DIEGO UNIFIED SCHOOL DISTRICT","SCHOOL","PUBLIC","SSFO_SNACKPM","SSFO_SNACKPM",21,7,0,0,927,5303,0,0,5303,757.57,"2014-2015"
"SAN DIEGO",2015-06-01,"CLOSEOUT","SSFO",2015,"RAMONA CITY UNIFIED SCHOOL DISTRICT","SCHOOL","PUBLIC","SSFO_LUNCH","SSFO_LUNCH",1,12,0,0,415,2650,0,0,2650,220.83,"2014-2015"
"SAN DIEGO",2015-06-01,"CLOSEOUT","SSFO",2015,"LEMON GROVE SCHOOL DISTRICT","SCHOOL","PUBLIC","SSFO_LUNCH","SSFO_LUNCH",5,7,0,0,580,2668,0,0,2668,381.14,"2014-2015"
"SAN DIEGO",2015-06-01,"CLOSEOUT","SSFO",2015,"LEMON GROVE SCHOOL DISTRICT","SCHOOL","PUBLIC","SSFO_SNACKPM","SSFO_SNACKPM",1,7,0,0,150,690,0,0,690,98.57,"2014-2015"
"SAN DIEGO",2014-01-01,"School Nutrition Programs/State Meal Only (FNS10)","SSFO",2014,"SAN DIEGO UNIFIED SCHOOL DISTRICT","SCHOOL","PUBLIC","SSFO_BREAKFAST","SSFO_BREAKFAST",1,10,0,0,68,649,0,0,649,64.9,"2013-2014"
"SAN DIEGO",2014-01-01,"School Nutrition Programs/State Meal Only (FNS10)","SSFO",2014,"SAN DIEGO UNIFIED SCHOOL DISTRICT","SCHOOL","PUBLIC","SSFO_LUNCH","SSFO_LUNCH",15,10,0,0,792,7202,0,0,7202,720.2,"2013-2014"
"SAN DIEGO",2014-01-01,"School Nutrition Programs/State Meal Only (FNS10)","SSFO",2014,"SAN DIEGO UNIFIED SCHOOL DISTRICT","SCHOOL","PUBLIC","SSFO_SNACKPM","SSFO_SNACKPM",13,10,0,0,617,5783,0,0,5783,578.3,"2013-2014"
"SAN DIEGO",2014-04-01,"School Nutrition Programs/State Meal Only (FNS10)","SSFO",2014,"SAN DIEGO UNIFIED SCHOOL DISTRICT","SCHOOL","PUBLIC","SSFO_BREAKFAST","SSFO_BREAKFAST",2,19,0,0,94,1573,0,0,1573,86.83,"2013-2014"
"SAN DIEGO",2014-04-01,"School Nutrition Programs/State Meal Only (FNS10)","SSFO",2014,"SAN DIEGO UNIFIED SCHOOL DISTRICT","SCHOOL","PUBLIC","SSFO_BREAKFAST","SSFO_BREAKFAST_SEVERENEED",1,14,0,0,115,876,0,0,876,62.57,"2013-2014"
"SAN DIEGO",2014-04-01,"School Nutrition Programs/State Meal Only (FNS10)","SSFO",2014,"SAN DIEGO UNIFIED SCHOOL DISTRICT","SCHOOL","PUBLIC","SSFO_LUNCH","SSFO_LUNCH",19,19,0,0,1224,19835,0,0,19835,1086.92,"2013-2014"
"SAN DIEGO",2014-04-01,"School Nutrition Programs/State Meal Only (FNS10)","SSFO",2014,"SAN DIEGO UNIFIED SCHOOL DISTRICT","SCHOOL","PUBLIC","SSFO_SNACKPM","SSFO_SNACKPM",15,19,0,0,747,12794,0,0,12794,678.26,"2013-2014"
"SAN DIEGO",2014-03-01,"School Nutrition Programs/State Meal Only (FNS10)","SSFO",2014,"SAN DIEGO UNIFIED SCHOOL DISTRICT","SCHOOL","PUBLIC","SSFO_BREAKFAST","SSFO_BREAKFAST",2,1,0,0,95,92,0,0,92,92,"2013-2014"
"SAN DIEGO",2014-03-01,"School Nutrition Programs/State Meal Only (FNS10)","SSFO",2014,"SAN DIEGO UNIFIED SCHOOL DISTRICT","SCHOOL","PUBLIC","SSFO_LUNCH","SSFO_LUNCH",7,1,0,0,580,567,0,0,567,567,"2013-2014"
"SAN DIEGO",2014-03-01,"School Nutrition Programs/State Meal Only (FNS10)","SSFO",2014,"SAN DIEGO UNIFIED SCHOOL DISTRICT","SCHOOL","PUBLIC","SSFO_SNACKPM","SSFO_SNACKPM",3,1,0,0,230,214,0,0,214,214,"2013-2014"
"SAN DIEGO",2014-06-01,"School Nutrition Programs/State Meal Only (FNS10)","SSFO",2014,"LAKESIDE UNION ELEMENTARY SCHOOL DISTRICT","SCHOOL","PUBLIC","SSFO_BREAKFAST","SSFO_BREAKFAST_SEVERENEED",1,6,0,0,637,686,0,0,686,114.33,"2013-2014"
"SAN DIEGO",2014-06-01,"School Nutrition Programs/State Meal Only (FNS10)","SSFO",2014,"LAKESIDE UNION ELEMENTARY SCHOOL DISTRICT","SCHOOL","PUBLIC","SSFO_LUNCH","SSFO_LUNCH",1,6,0,0,637,1026,0,0,1026,171,"2013-2014"
"SAN DIEGO",2014-06-01,"School Nutrition Programs/State Meal Only (FNS10)","SSFO",2014,"SOUTH BAY UNION SCHOOL DISTRICT","SCHOOL","PUBLIC","SSFO_BREAKFAST","SSFO_BREAKFAST_SEVERENEED",1,11,0,0,123,1239,0,0,1239,112.64,"2013-2014"
"SAN DIEGO",2014-06-01,"School Nutrition Programs/State Meal Only (FNS10)","SSFO",2014,"SOUTH BAY UNION SCHOOL DISTRICT","SCHOOL","PUBLIC","SSFO_LUNCH","SSFO_LUNCH",10,11,0,0,716,6234,0,0,6234,566.73,"2013-2014"
"SAN DIEGO",2014-06-01,"School Nutrition Programs/State Meal Only (FNS10)","SSFO",2014,"SOUTH BAY UNION SCHOOL DISTRICT","SCHOOL","PUBLIC","SSFO_SNACKPM","SSFO_SNACKPM",9,11,0,0,507,4753,0,0,4753,438.05,"2013-2014"
"SAN DIEGO",2014-04-01,"School Nutrition Programs/State Meal Only (FNS10)","SSFO",2014,"CHULA VISTA ELEMENTARY SCHOOL DISTRICT","SCHOOL","PUBLIC","SSFO_BREAKFAST","SSFO_BREAKFAST_SEVERENEED",1,3,0,0,28,78,0,0,78,26,"2013-2014"
"SAN DIEGO",2014-04-01,"School Nutrition Programs/State Meal Only (FNS10)","SSFO",2014,"CHULA VISTA ELEMENTARY SCHOOL DISTRICT","SCHOOL","PUBLIC","SSFO_LUNCH","SSFO_LUNCH",5,3,0,0,150,354,0,0,354,118,"2013-2014"
"SAN DIEGO",2014-04-01,"School Nutrition Programs/State Meal Only (FNS10)","SSFO",2014,"CHULA VISTA ELEMENTARY SCHOOL DISTRICT","SCHOOL","PUBLIC","SSFO_SNACKPM","SSFO_SNACKPM",3,3,0,0,78,198,0,0,198,66,"2013-2014"
"SAN DIEGO",2014-06-01,"School Nutrition Programs/State Meal Only (FNS10)","SSFO",2014,"CAJON VALLEY UNION SCHOOL DISTRICT","SCHOOL","PUBLIC","SSFO_LUNCH","SSFO_LUNCH",11,6,0,0,11236,11236,0,0,11236,1872.67,"2013-2014"
"SAN DIEGO",2014-06-01,"School Nutrition Programs/State Meal Only (FNS10)","SSFO",2014,"CAJON VALLEY UNION SCHOOL DISTRICT","SCHOOL","PUBLIC","SSFO_SNACKPM","SSFO_SNACKPM",3,6,0,0,1495,1495,0,0,1495,249.17,"2013-2014"
"SAN DIEGO",2014-06-01,"School Nutrition Programs/State Meal Only (FNS10)","SSFO",2014,"SAN DIEGO COUNTY OFFICE OF EDUCATION","SCHOOL","PUBLIC","SSFO_BREAKFAST","SSFO_BREAKFAST",1,4,0,0,88,352,0,0,352,88,"2013-2014"
"SAN DIEGO",2014-06-01,"School Nutrition Programs/State Meal Only (FNS10)","SSFO",2014,"SAN DIEGO COUNTY OFFICE OF EDUCATION","SCHOOL","PUBLIC","SSFO_BREAKFAST","SSFO_BREAKFAST_SEVERENEED",1,4,0,0,78,311,0,0,311,77.75,"2013-2014"
"SAN DIEGO",2014-06-01,"School Nutrition Programs/State Meal Only (FNS10)","SSFO",2014,"SAN DIEGO COUNTY OFFICE OF EDUCATION","SCHOOL","PUBLIC","SSFO_LUNCH","SSFO_LUNCH",2,5,0,0,166,829,0,0,829,165.8,"2013-2014"
"SAN DIEGO",2014-06-01,"School Nutrition Programs/State Meal Only (FNS10)","SSFO",2014,"SAN DIEGO COUNTY OFFICE OF EDUCATION","SCHOOL","PUBLIC","SSFO_DINNER","SSFO_SUPPER",2,5,0,0,166,663,0,0,663,132.6,"2013-2014"
"SAN DIEGO",2014-06-01,"School Nutrition Programs/State Meal Only (FNS10)","SSFO",2014,"ESCONDIDO UNION SCHOOL DISTRICT","SCHOOL","PUBLIC","SSFO_LUNCH","SSFO_LUNCH",1,1,0,0,117,117,0,0,117,117,"2013-2014"
"SAN DIEGO",2014-06-01,"School Nutrition Programs/State Meal Only (FNS10)","SSFO",2014,"JULIAN UNION ELEMENTARY SCHOOL DISTRICT","SCHOOL","PUBLIC","SSFO_LUNCH","SSFO_LUNCH",1,12,0,0,323,323,0,0,323,26.92,"2013-2014"
"SAN DIEGO",2014-06-01,"School Nutrition Programs/State Meal Only (FNS10)","SSFO",2014,"LA MESA-SPRING VALLEY SCHOOL DISTRICT","SCHOOL","PUBLIC","SSFO_BREAKFAST","SSFO_BREAKFAST",1,11,0,0,60,291,0,0,291,26.45,"2013-2014"
"SAN DIEGO",2014-06-01,"School Nutrition Programs/State Meal Only (FNS10)","SSFO",2014,"LA MESA-SPRING VALLEY SCHOOL DISTRICT","SCHOOL","PUBLIC","SSFO_LUNCH","SSFO_LUNCH",8,11,0,0,865,6341,0,0,6341,595.77,"2013-2014"
"SAN DIEGO",2014-06-01,"School Nutrition Programs/State Meal Only (FNS10)","SSFO",2014,"LA MESA-SPRING VALLEY SCHOOL DISTRICT","SCHOOL","PUBLIC","SSFO_SNACKPM","SSFO_SNACKPM",6,11,0,0,648,4474,0,0,4474,406.73,"2013-2014"
"SAN DIEGO",2014-06-01,"School Nutrition Programs/State Meal Only (FNS10)","SSFO",2014,"SAN DIEGO UNIFIED SCHOOL DISTRICT","SCHOOL","PUBLIC","SSFO_BREAKFAST","SSFO_BREAKFAST_SEVERENEED",6,10,0,0,457,2546,0,0,2546,346.2,"2013-2014"
"SAN DIEGO",2014-06-01,"School Nutrition Programs/State Meal Only (FNS10)","SSFO",2014,"SAN DIEGO UNIFIED SCHOOL DISTRICT","SCHOOL","PUBLIC","SSFO_LUNCH","SSFO_LUNCH",30,10,0,0,2452,15025,0,0,15025,1936.47,"2013-2014"
"SAN DIEGO",2014-06-01,"School Nutrition Programs/State Meal Only (FNS10)","SSFO",2014,"SAN DIEGO UNIFIED SCHOOL DISTRICT","SCHOOL","PUBLIC","SSFO_SNACKPM","SSFO_SNACKPM",16,8,0,0,852,5478,0,0,5478,684.75,"2013-2014"
"SAN DIEGO",2014-06-01,"School Nutrition Programs/State Meal Only (FNS10)","SSFO",2014,"GROSSMONT UNION HIGH SCHOOL DISTRICT","SCHOOL","PUBLIC","SSFO_BREAKFAST","SSFO_BREAKFAST_SEVERENEED",18,15,0,0,21687,12127,0,0,12127,1880.13,"2013-2014"
"SAN DIEGO",2014-06-01,"School Nutrition Programs/State Meal Only (FNS10)","SSFO",2014,"GROSSMONT UNION HIGH SCHOOL DISTRICT","SCHOOL","PUBLIC","SSFO_LUNCH","SSFO_LUNCH",21,15,0,0,22072,25882,0,0,25882,4226.26,"2013-2014"
"SAN DIEGO",2014-06-01,"School Nutrition Programs/State Meal Only (FNS10)","SSFO",2014,"GROSSMONT UNION HIGH SCHOOL DISTRICT","SCHOOL","PUBLIC","SSFO_SNACKPM","SSFO_SNACKPM",3,6,0,0,385,402,0,0,402,278.67,"2013-2014"
"SAN DIEGO",2014-06-01,"School Nutrition Programs/State Meal Only (FNS10)","SSFO",2014,"OCEANSIDE UNIFIED SCHOOL DISTRICT","SCHOOL","PUBLIC","SSFO_BREAKFAST","SSFO_BREAKFAST_SEVERENEED",4,17,0,0,868,6682,0,0,6682,399.97,"2013-2014"
"SAN DIEGO",2014-06-01,"School Nutrition Programs/State Meal Only (FNS10)","SSFO",2014,"OCEANSIDE UNIFIED SCHOOL DISTRICT","SCHOOL","PUBLIC","SSFO_LUNCH","SSFO_LUNCH",13,17,0,0,2178,26383,0,0,26383,1759.01,"2013-2014"
"SAN DIEGO",2014-06-01,"School Nutrition Programs/State Meal Only (FNS10)","SSFO",2014,"OCEANSIDE UNIFIED SCHOOL DISTRICT","SCHOOL","PUBLIC","SSFO_SNACKPM","SSFO_SNACKPM",2,16,0,0,265,3395,0,0,3395,212.19,"2013-2014"
"SAN DIEGO",2014-06-01,"School Nutrition Programs/State Meal Only (FNS10)","SSFO",2014,"RAMONA CITY UNIFIED SCHOOL DISTRICT","SCHOOL","PUBLIC","SSFO_LUNCH","SSFO_LUNCH",1,16,0,0,445,3874,0,0,3874,242.13,"2013-2014"
"SAN DIEGO",2014-06-01,"School Nutrition Programs/State Meal Only (FNS10)","SSFO",2014,"CARLSBAD UNIFIED SCHOOL DISTRICT","SCHOOL","PUBLIC","SSFO_LUNCH","SSFO_LUNCH",2,11,0,0,375,2943,0,0,2943,267.55,"2013-2014"
"SAN DIEGO",2014-06-01,"School Nutrition Programs/State Meal Only (FNS10)","SSFO",2014,"MOUNTAIN EMPIRE UNIFIED SCHOOL DISTRICT","SCHOOL","PUBLIC","SSFO_LUNCH","SSFO_LUNCH",1,6,0,0,43,95,0,0,95,15.83,"2013-2014"
"SAN DIEGO",2014-06-01,"School Nutrition Programs/State Meal Only (FNS10)","SSFO",2014,"LEMON GROVE SCHOOL DISTRICT","SCHOOL","PUBLIC","SSFO_LUNCH","SSFO_LUNCH",4,11,0,0,765,5094,0,0,5094,463.09,"2013-2014"
"SAN DIEGO",2014-06-01,"School Nutrition Programs/State Meal Only (FNS10)","SSFO",2014,"LEMON GROVE SCHOOL DISTRICT","SCHOOL","PUBLIC","SSFO_SNACKPM","SSFO_SNACKPM",2,11,0,0,450,3180,0,0,3180,289.09,"2013-2014"
"SAN DIEGO",2014-06-01,"School Nutrition Programs/State Meal Only (FNS10)","SSFO",2014,"CHULA VISTA ELEMENTARY SCHOOL DISTRICT","SCHOOL","PUBLIC","SSFO_BREAKFAST","SSFO_BREAKFAST_SEVERENEED",4,15,0,0,386,4611,0,0,4611,345.25,"2013-2014"
"SAN DIEGO",2014-06-01,"School Nutrition Programs/State Meal Only (FNS10)","SSFO",2014,"CHULA VISTA ELEMENTARY SCHOOL DISTRICT","SCHOOL","PUBLIC","SSFO_LUNCH","SSFO_LUNCH",6,15,0,0,574,6753,0,0,6753,493.94,"2013-2014"
"SAN DIEGO",2014-06-01,"School Nutrition Programs/State Meal Only (FNS10)","SSFO",2014,"CHULA VISTA ELEMENTARY SCHOOL DISTRICT","SCHOOL","PUBLIC","SSFO_SNACKPM","SSFO_SNACKPM",2,15,0,0,108,635,0,0,635,42.33,"2013-2014"
"SAN DIEGO",2014-06-01,"School Nutrition Programs/State Meal Only (FNS10)","SSFO",2014,"SAN MARCOS UNIFIED SCHOOL DISTRICT","SCHOOL","PUBLIC","SSFO_BREAKFAST","SSFO_BREAKFAST_SEVERENEED",1,6,0,0,284,1625,0,0,1625,270.83,"2013-2014"
"SAN DIEGO",2014-06-01,"School Nutrition Programs/State Meal Only (FNS10)","SSFO",2014,"SAN MARCOS UNIFIED SCHOOL DISTRICT","SCHOOL","PUBLIC","SSFO_LUNCH","SSFO_LUNCH",5,11,0,0,1397,7533,0,0,7533,1171.86,"2013-2014"
"SAN DIEGO",2014-06-01,"School Nutrition Programs/State Meal Only (FNS10)","SSFO",2014,"VISTA UNIFIED SCHOOL DISTRICT","SCHOOL","PUBLIC","SSFO_LUNCH","SSFO_LUNCH",16,16,0,0,1859,21129,0,0,21129,1837.7,"2013-2014"
"SAN DIEGO",2014-06-01,"School Nutrition Programs/State Meal Only (FNS10)","SSFO",2014,"VISTA UNIFIED SCHOOL DISTRICT","SCHOOL","PUBLIC","SSFO_SNACKPM","SSFO_SNACKPM",1,14,0,0,91,1262,0,0,1262,90.14,"2013-2014"
"SAN DIEGO",2014-07-01,"School Nutrition Programs/State Meal Only (FNS10)","SSFO",2014,"SOUTH BAY UNION SCHOOL DISTRICT","SCHOOL","PUBLIC","SSFO_SNACKAM","SSFO_SNACKAM",4,13,0,0,355,4307,0,0,4307,331.31,"2014-2015"
"SAN DIEGO",2014-07-01,"School Nutrition Programs/State Meal Only (FNS10)","SSFO",2014,"SAN MARCOS UNIFIED SCHOOL DISTRICT","SCHOOL","PUBLIC","SSFO_LUNCH","SSFO_LUNCH",5,22,0,0,1356,19402,0,0,19402,1047.74,"2014-2015"
"SAN DIEGO",2014-07-01,"School Nutrition Programs/State Meal Only (FNS10)","SSFO",2014,"ESCONDIDO UNION SCHOOL DISTRICT","SCHOOL","PUBLIC","SSFO_LUNCH","SSFO_LUNCH",3,19,0,0,453,7634,0,0,7634,451.82,"2014-2015"
"SAN DIEGO",2014-07-01,"School Nutrition Programs/State Meal Only (FNS10)","SSFO",2014,"JULIAN UNION ELEMENTARY SCHOOL DISTRICT","SCHOOL","PUBLIC","SSFO_LUNCH","SSFO_LUNCH",1,18,0,0,353,353,0,0,353,19.61,"2014-2015"
"SAN DIEGO",2014-07-01,"School Nutrition Programs/State Meal Only (FNS10)","SSFO",2014,"SOUTH BAY UNION SCHOOL DISTRICT","SCHOOL","PUBLIC","SSFO_LUNCH","SSFO_LUNCH",14,16,0,0,1121,10435,0,0,10435,715.57,"2014-2015"
"SAN DIEGO",2014-07-01,"School Nutrition Programs/State Meal Only (FNS10)","SSFO",2014,"LAKESIDE UNION ELEMENTARY SCHOOL DISTRICT","SCHOOL","PUBLIC","SSFO_LUNCH","SSFO_LUNCH",1,18,0,0,637,3444,0,0,3444,191.33,"2014-2015"
"SAN DIEGO",2014-07-01,"School Nutrition Programs/State Meal Only (FNS10)","SSFO",2014,"LA MESA-SPRING VALLEY SCHOOL DISTRICT","SCHOOL","PUBLIC","SSFO_LUNCH","SSFO_LUNCH",8,22,0,0,865,12997,0,0,12997,648.54,"2014-2015"
"SAN DIEGO",2014-07-01,"School Nutrition Programs/State Meal Only (FNS10)","SSFO",2014,"CAJON VALLEY UNION SCHOOL DISTRICT","SCHOOL","PUBLIC","SSFO_LUNCH","SSFO_LUNCH",11,22,0,0,46416,46416,0,0,46416,2109.82,"2014-2015"
"SAN DIEGO",2014-07-01,"School Nutrition Programs/State Meal Only (FNS10)","SSFO",2014,"GROSSMONT UNION HIGH SCHOOL DISTRICT","SCHOOL","PUBLIC","SSFO_SNACKPM","SSFO_SNACKPM",3,22,0,0,405,7011,0,0,7011,318.68,"2014-2015"
"SAN DIEGO",2014-07-01,"School Nutrition Programs/State Meal Only (FNS10)","SSFO",2014,"ESCONDIDO UNION SCHOOL DISTRICT","SCHOOL","PUBLIC","SSFO_BREAKFAST","SSFO_BREAKFAST_SEVERENEED",2,19,0,0,327,3826,0,0,3826,242.67,"2014-2015"
"SAN DIEGO",2014-07-01,"School Nutrition Programs/State Meal Only (FNS10)","SSFO",2014,"SOUTH BAY UNION SCHOOL DISTRICT","SCHOOL","PUBLIC","SSFO_SNACKPM","SSFO_SNACKPM",9,16,0,0,477,5597,0,0,5597,350.85,"2014-2015"
"SAN DIEGO",2014-07-01,"School Nutrition Programs/State Meal Only (FNS10)","SSFO",2014,"LA MESA-SPRING VALLEY SCHOOL DISTRICT","SCHOOL","PUBLIC","SSFO_SNACKPM","SSFO_SNACKPM",6,22,0,0,435,7952,0,0,7952,361.45,"2014-2015"
"SAN DIEGO",2014-07-01,"School Nutrition Programs/State Meal Only (FNS10)","SSFO",2014,"SAN DIEGO UNIFIED SCHOOL DISTRICT","SCHOOL","PUBLIC","SSFO_SNACKPM","SSFO_SNACKPM",35,22,0,0,1788,26010,0,0,26010,1558.95,"2014-2015"
"SAN DIEGO",2014-07-01,"School Nutrition Programs/State Meal Only (FNS10)","SSFO",2014,"SAN MARCOS UNIFIED SCHOOL DISTRICT","SCHOOL","PUBLIC","SSFO_BREAKFAST","SSFO_BREAKFAST_SEVERENEED",1,13,0,0,283,3198,0,0,3198,246,"2014-2015"
"SAN DIEGO",2014-07-01,"School Nutrition Programs/State Meal Only (FNS10)","SSFO",2014,"CAJON VALLEY UNION SCHOOL DISTRICT","SCHOOL","PUBLIC","SSFO_SNACKPM","SSFO_SNACKPM",3,22,0,0,10411,10411,0,0,10411,473.23,"2014-2015"
"SAN DIEGO",2014-07-01,"School Nutrition Programs/State Meal Only (FNS10)","SSFO",2014,"LEMON GROVE SCHOOL DISTRICT","SCHOOL","PUBLIC","SSFO_LUNCH","SSFO_LUNCH",4,22,0,0,760,14070,0,0,14070,639.55,"2014-2015"
"SAN DIEGO",2014-07-01,"School Nutrition Programs/State Meal Only (FNS10)","SSFO",2014,"MOUNTAIN EMPIRE UNIFIED SCHOOL DISTRICT","SCHOOL","PUBLIC","SSFO_LUNCH","SSFO_LUNCH",1,13,0,0,35,247,0,0,247,19,"2014-2015"
"SAN DIEGO",2014-07-01,"School Nutrition Programs/State Meal Only (FNS10)","SSFO",2014,"RAMONA CITY UNIFIED SCHOOL DISTRICT","SCHOOL","PUBLIC","SSFO_LUNCH","SSFO_LUNCH",1,13,0,0,445,2180,0,0,2180,167.69,"2014-2015"
"SAN DIEGO",2014-07-01,"School Nutrition Programs/State Meal Only (FNS10)","SSFO",2014,"LEMON GROVE SCHOOL DISTRICT","SCHOOL","PUBLIC","SSFO_SNACKPM","SSFO_SNACKPM",2,22,0,0,460,8540,0,0,8540,388.18,"2014-2015"
"SAN DIEGO",2014-07-01,"School Nutrition Programs/State Meal Only (FNS10)","SSFO",2014,"CARLSBAD UNIFIED SCHOOL DISTRICT","SCHOOL","PUBLIC","SSFO_SNACKPM","SSFO_SNACKPM",1,3,0,0,200,390,0,0,390,130,"2014-2015"
"SAN DIEGO",2014-07-01,"School Nutrition Programs/State Meal Only (FNS10)","SSFO",2014,"SOUTH BAY UNION SCHOOL DISTRICT","SCHOOL","PUBLIC","SSFO_BREAKFAST","SSFO_BREAKFAST_SEVERENEED",1,16,0,0,100,280,0,0,280,17.5,"2014-2015"
"SAN DIEGO",2014-07-01,"School Nutrition Programs/State Meal Only (FNS10)","SSFO",2014,"LAKESIDE UNION ELEMENTARY SCHOOL DISTRICT","SCHOOL","PUBLIC","SSFO_BREAKFAST","SSFO_BREAKFAST_SEVERENEED",1,18,0,0,627,2576,0,0,2576,143.11,"2014-2015"
"SAN DIEGO",2014-07-01,"School Nutrition Programs/State Meal Only (FNS10)","SSFO",2014,"GROSSMONT UNION HIGH SCHOOL DISTRICT","SCHOOL","PUBLIC","SSFO_BREAKFAST","SSFO_BREAKFAST_SEVERENEED",17,22,0,0,5759,30000,0,0,30000,1775.5,"2014-2015"
"SAN DIEGO",2014-07-01,"School Nutrition Programs/State Meal Only (FNS10)","SSFO",2014,"SAN DIEGO UNIFIED SCHOOL DISTRICT","SCHOOL","PUBLIC","SSFO_BREAKFAST","SSFO_BREAKFAST_SEVERENEED",19,22,0,0,1643,16019,0,0,16019,1434.24,"2014-2015"
"SAN DIEGO",2014-07-01,"School Nutrition Programs/State Meal Only (FNS10)","SSFO",2014,"LA MESA-SPRING VALLEY SCHOOL DISTRICT","SCHOOL","PUBLIC","SSFO_BREAKFAST","SSFO_BREAKFAST",1,22,0,0,60,1280,0,0,1280,58.18,"2014-2015"
"SAN DIEGO",2014-07-01,"School Nutrition Programs/State Meal Only (FNS10)","SSFO",2014,"VISTA UNIFIED SCHOOL DISTRICT","SCHOOL","PUBLIC","SSFO_SNACKPM","SSFO_SNACKPM",1,22,0,0,408,2051,0,0,2051,93.23,"2014-2015"
"SAN DIEGO",2014-07-01,"School Nutrition Programs/State Meal Only (FNS10)","SSFO",2014,"OCEANSIDE UNIFIED SCHOOL DISTRICT","SCHOOL","PUBLIC","SSFO_BREAKFAST","SSFO_BREAKFAST_SEVERENEED",4,22,0,0,390,6016,0,0,6016,273.45,"2014-2015"
"SAN DIEGO",2014-07-01,"School Nutrition Programs/State Meal Only (FNS10)","SSFO",2014,"CARLSBAD UNIFIED SCHOOL DISTRICT","SCHOOL","PUBLIC","SSFO_LUNCH","SSFO_LUNCH",2,22,0,0,300,3861,0,0,3861,175.5,"2014-2015"
"SAN DIEGO",2014-07-01,"School Nutrition Programs/State Meal Only (FNS10)","SSFO",2014,"GROSSMONT UNION HIGH SCHOOL DISTRICT","SCHOOL","PUBLIC","SSFO_LUNCH","SSFO_LUNCH",20,22,0,0,6164,53654,0,0,53654,3551.81,"2014-2015"
"SAN DIEGO",2014-07-01,"School Nutrition Programs/State Meal Only (FNS10)","SSFO",2014,"VISTA UNIFIED SCHOOL DISTRICT","SCHOOL","PUBLIC","SSFO_LUNCH","SSFO_LUNCH",12,22,0,0,4271,25410,0,0,25410,1316.31,"2014-2015"
"SAN DIEGO",2014-07-01,"School Nutrition Programs/State Meal Only (FNS10)","SSFO",2014,"SAN DIEGO UNIFIED SCHOOL DISTRICT","SCHOOL","PUBLIC","SSFO_LUNCH","SSFO_LUNCH",62,22,0,0,5577,69019,0,0,69019,4734.06,"2014-2015"
"SAN DIEGO",2014-07-01,"School Nutrition Programs/State Meal Only (FNS10)","SSFO",2014,"OCEANSIDE UNIFIED SCHOOL DISTRICT","SCHOOL","PUBLIC","SSFO_LUNCH","SSFO_LUNCH",12,22,0,0,1921,26507,0,0,26507,1572.6,"2014-2015"
"SAN DIEGO",2014-07-01,"School Nutrition Programs/State Meal Only (FNS10)","SSFO",2014,"OCEANSIDE UNIFIED SCHOOL DISTRICT","SCHOOL","PUBLIC","SSFO_SNACKPM","SSFO_SNACKPM",2,22,0,0,215,4090,0,0,4090,185.91,"2014-2015"
"SAN DIEGO",2014-08-01,"School Nutrition Programs/State Meal Only (FNS10)","SSFO",2014,"ESCONDIDO UNION SCHOOL DISTRICT","SCHOOL","PUBLIC","SSFO_BREAKFAST","SSFO_BREAKFAST_SEVERENEED",1,6,0,0,232,1390,0,0,1390,231.67,"2014-2015"
"SAN DIEGO",2014-08-01,"School Nutrition Programs/State Meal Only (FNS10)","SSFO",2014,"LEMON GROVE SCHOOL DISTRICT","SCHOOL","PUBLIC","SSFO_SNACKPM","SSFO_SNACKPM",2,11,0,0,500,3580,0,0,3580,325.45,"2014-2015"
"SAN DIEGO",2014-08-01,"School Nutrition Programs/State Meal Only (FNS10)","SSFO",2014,"CARLSBAD UNIFIED SCHOOL DISTRICT","SCHOOL","PUBLIC","SSFO_SNACKPM","SSFO_SNACKPM",1,14,0,0,200,1459,0,0,1459,104.21,"2014-2015"
"SAN DIEGO",2014-08-01,"School Nutrition Programs/State Meal Only (FNS10)","SSFO",2014,"LA MESA-SPRING VALLEY SCHOOL DISTRICT","SCHOOL","PUBLIC","SSFO_BREAKFAST","SSFO_BREAKFAST",1,6,0,0,60,360,0,0,360,60,"2014-2015"
"SAN DIEGO",2014-08-01,"School Nutrition Programs/State Meal Only (FNS10)","SSFO",2014,"LAKESIDE UNION ELEMENTARY SCHOOL DISTRICT","SCHOOL","PUBLIC","SSFO_BREAKFAST","SSFO_BREAKFAST_SEVERENEED",1,21,0,0,637,1783,0,0,1783,84.9,"2014-2015"
"SAN DIEGO",2014-08-01,"School Nutrition Programs/State Meal Only (FNS10)","SSFO",2014,"SAN DIEGO UNIFIED SCHOOL DISTRICT","SCHOOL","PUBLIC","SSFO_BREAKFAST","SSFO_BREAKFAST_SEVERENEED",16,16,0,0,1575,15966,0,0,15966,1262.61,"2014-2015"
"SAN DIEGO",2014-08-01,"School Nutrition Programs/State Meal Only (FNS10)","SSFO",2014,"CAJON VALLEY UNION SCHOOL DISTRICT","SCHOOL","PUBLIC","SSFO_SNACKPM","SSFO_SNACKPM",2,1,0,0,180,180,0,0,180,180,"2014-2015"
"SAN DIEGO",2014-08-01,"School Nutrition Programs/State Meal Only (FNS10)","SSFO",2014,"GROSSMONT UNION HIGH SCHOOL DISTRICT","SCHOOL","PUBLIC","SSFO_BREAKFAST","SSFO_BREAKFAST_SEVERENEED",7,16,0,0,1150,12111,0,0,12111,803.24,"2014-2015"
"SAN DIEGO",2014-08-01,"School Nutrition Programs/State Meal Only (FNS10)","SSFO",2014,"OCEANSIDE UNIFIED SCHOOL DISTRICT","SCHOOL","PUBLIC","SSFO_BREAKFAST","SSFO_BREAKFAST_SEVERENEED",4,11,0,0,309,2128,0,0,2128,245.42,"2014-2015"
"SAN DIEGO",2014-08-01,"School Nutrition Programs/State Meal Only (FNS10)","SSFO",2014,"ESCONDIDO UNION SCHOOL DISTRICT","SCHOOL","PUBLIC","SSFO_LUNCH","SSFO_LUNCH",1,6,0,0,232,1213,0,0,1213,202.17,"2014-2015"
"SAN DIEGO",2014-08-01,"School Nutrition Programs/State Meal Only (FNS10)","SSFO",2014,"SAN MARCOS UNIFIED SCHOOL DISTRICT","SCHOOL","PUBLIC","SSFO_LUNCH","SSFO_LUNCH",2,6,0,0,322,1767,0,0,1767,294.5,"2014-2015"
"SAN DIEGO",2014-08-01,"School Nutrition Programs/State Meal Only (FNS10)","SSFO",2014,"LAKESIDE UNION ELEMENTARY SCHOOL DISTRICT","SCHOOL","PUBLIC","SSFO_LUNCH","SSFO_LUNCH",1,21,0,0,637,2298,0,0,2298,109.43,"2014-2015"
"SAN DIEGO",2014-08-01,"School Nutrition Programs/State Meal Only (FNS10)","SSFO",2014,"LA MESA-SPRING VALLEY SCHOOL DISTRICT","SCHOOL","PUBLIC","SSFO_LUNCH","SSFO_LUNCH",7,6,0,0,1020,3288,0,0,3288,597.77,"2014-2015"
"SAN DIEGO",2014-08-01,"School Nutrition Programs/State Meal Only (FNS10)","SSFO",2014,"CAJON VALLEY UNION SCHOOL DISTRICT","SCHOOL","PUBLIC","SSFO_LUNCH","SSFO_LUNCH",11,1,0,0,1599,1599,0,0,1599,1599,"2014-2015"
"SAN DIEGO",2014-08-01,"School Nutrition Programs/State Meal Only (FNS10)","SSFO",2014,"SAN DIEGO UNIFIED SCHOOL DISTRICT","SCHOOL","PUBLIC","SSFO_LUNCH","SSFO_LUNCH",59,16,0,0,4535,55114,0,0,55114,3959.51,"2014-2015"
"SAN DIEGO",2013-10-01,"School Nutrition Programs/State Meal Only (FNS10)","SSFO",2014,"CHULA VISTA ELEMENTARY SCHOOL DISTRICT","SCHOOL","PUBLIC","SSFO_BREAKFAST","SSFO_BREAKFAST_SEVERENEED",1,4,0,0,42,162,0,0,162,40.5,"2013-2014"
"SAN DIEGO",2013-10-01,"School Nutrition Programs/State Meal Only (FNS10)","SSFO",2014,"CHULA VISTA ELEMENTARY SCHOOL DISTRICT","SCHOOL","PUBLIC","SSFO_LUNCH","SSFO_LUNCH",4,4,0,0,191,573,0,0,573,143.25,"2013-2014"
"SAN DIEGO",2013-10-01,"School Nutrition Programs/State Meal Only (FNS10)","SSFO",2014,"CHULA VISTA ELEMENTARY SCHOOL DISTRICT","SCHOOL","PUBLIC","SSFO_SNACKPM","SSFO_SNACKPM",3,4,0,0,105,330,0,0,330,82.5,"2013-2014"
"SAN DIEGO",2014-03-01,"School Nutrition Programs/State Meal Only (FNS10)","SSFO",2014,"CHULA VISTA ELEMENTARY SCHOOL DISTRICT","SCHOOL","PUBLIC","SSFO_BREAKFAST","SSFO_BREAKFAST_SEVERENEED",1,6,0,0,56,265,0,0,265,44.17,"2013-2014"
"SAN DIEGO",2014-03-01,"School Nutrition Programs/State Meal Only (FNS10)","SSFO",2014,"CHULA VISTA ELEMENTARY SCHOOL DISTRICT","SCHOOL","PUBLIC","SSFO_LUNCH","SSFO_LUNCH",5,6,0,0,230,870,0,0,870,164.37,"2013-2014"
"SAN DIEGO",2014-03-01,"School Nutrition Programs/State Meal Only (FNS10)","SSFO",2014,"CHULA VISTA ELEMENTARY SCHOOL DISTRICT","SCHOOL","PUBLIC","SSFO_SNACKPM","SSFO_SNACKPM",3,5,0,0,84,309,0,0,309,61.8,"2013-2014"
"SAN DIEGO",2014-08-01,"School Nutrition Programs/State Meal Only (FNS10)","SSFO",2014,"GROSSMONT UNION HIGH SCHOOL DISTRICT","SCHOOL","PUBLIC","SSFO_LUNCH","SSFO_LUNCH",10,16,0,0,1630,16737,0,0,16737,1369.45,"2014-2015"
"SAN DIEGO",2014-08-01,"School Nutrition Programs/State Meal Only (FNS10)","SSFO",2014,"OCEANSIDE UNIFIED SCHOOL DISTRICT","SCHOOL","PUBLIC","SSFO_LUNCH","SSFO_LUNCH",8,11,0,0,1087,8552,0,0,8552,919.3,"2014-2015"
"SAN DIEGO",2014-08-01,"School Nutrition Programs/State Meal Only (FNS10)","SSFO",2014,"LEMON GROVE SCHOOL DISTRICT","SCHOOL","PUBLIC","SSFO_LUNCH","SSFO_LUNCH",4,11,0,0,735,5717,0,0,5717,519.73,"2014-2015"
"SAN DIEGO",2014-08-01,"School Nutrition Programs/State Meal Only (FNS10)","SSFO",2014,"CARLSBAD UNIFIED SCHOOL DISTRICT","SCHOOL","PUBLIC","SSFO_LUNCH","SSFO_LUNCH",2,14,0,0,300,2237,0,0,2237,159.79,"2014-2015"
"SAN DIEGO",2014-09-01,"School Nutrition Programs/State Meal Only (FNS10)","SSFO",2014,"CHULA VISTA ELEMENTARY SCHOOL DISTRICT","SCHOOL","PUBLIC","SSFO_LUNCH","SSFO_LUNCH",3,7,0,0,206,1039,0,0,1039,148.43,"2014-2015"
"SAN DIEGO",2014-08-01,"School Nutrition Programs/State Meal Only (FNS10)","SSFO",2014,"LA MESA-SPRING VALLEY SCHOOL DISTRICT","SCHOOL","PUBLIC","SSFO_SNACKPM","SSFO_SNACKPM",6,9,0,0,574,3000,0,0,3000,333.33,"2014-2015"
"SAN DIEGO",2014-08-01,"School Nutrition Programs/State Meal Only (FNS10)","SSFO",2014,"VISTA UNIFIED SCHOOL DISTRICT","SCHOOL","PUBLIC","SSFO_LUNCH","SSFO_LUNCH",8,10,0,0,2415,2602,0,0,2602,796.03,"2014-2015"
"SAN DIEGO",2014-08-01,"School Nutrition Programs/State Meal Only (FNS10)","SSFO",2014,"SAN DIEGO UNIFIED SCHOOL DISTRICT","SCHOOL","PUBLIC","SSFO_SNACKPM","SSFO_SNACKPM",35,16,0,0,1604,23518,0,0,23518,1469.88,"2014-2015"
"SAN DIEGO",2014-09-01,"School Nutrition Programs/State Meal Only (FNS10)","SSFO",2014,"CHULA VISTA ELEMENTARY SCHOOL DISTRICT","SCHOOL","PUBLIC","SSFO_BREAKFAST","SSFO_BREAKFAST_SEVERENEED",1,7,0,0,72,411,0,0,411,58.71,"2014-2015"
"SAN DIEGO",2014-09-01,"School Nutrition Programs/State Meal Only (FNS10)","SSFO",2014,"CHULA VISTA ELEMENTARY SCHOOL DISTRICT","SCHOOL","PUBLIC","SSFO_SNACKPM","SSFO_SNACKPM",2,7,0,0,62,273,0,0,273,39,"2014-2015"
"SAN DIEGO",2014-08-01,"School Nutrition Programs/State Meal Only (FNS10)","SSFO",2014,"VISTA UNIFIED SCHOOL DISTRICT","SCHOOL","PUBLIC","SSFO_SNACKPM","SSFO_SNACKPM",1,5,0,0,408,435,0,0,435,87,"2014-2015"
"SAN DIEGO",2014-08-01,"School Nutrition Programs/State Meal Only (FNS10)","SSFO",2014,"GROSSMONT UNION HIGH SCHOOL DISTRICT","SCHOOL","PUBLIC","SSFO_SNACKPM","SSFO_SNACKPM",3,16,0,0,480,2732,0,0,2732,388.99,"2014-2015"
"SAN DIEGO",2014-08-01,"School Nutrition Programs/State Meal Only (FNS10)","SSFO",2014,"OCEANSIDE UNIFIED SCHOOL DISTRICT","SCHOOL","PUBLIC","SSFO_SNACKPM","SSFO_SNACKPM",2,11,0,0,215,1950,0,0,1950,193.18,"2014-2015"
